namespace,name,iid,safe_complete,evidence_class,first_reason_code
Windows.Win32.AI.MachineLearning.DirectML,IDMLBindingTable,29c687dc-de74-4e3b-ab00-1168f2fc3cfc,false,,external_pointee_storage
Windows.Win32.AI.MachineLearning.DirectML,IDMLCommandRecorder,e6857a76-2e3e-4fdd-bff4-5d2ba10fb453,false,,external_pointee_storage
Windows.Win32.AI.MachineLearning.DirectML,IDMLCompiledOperator,6b15e56a-bf5c-4902-92d8-da3a650afea4,false,,external_pointee_storage
Windows.Win32.AI.MachineLearning.DirectML,IDMLDebugDevice,7d6f3ac9-394a-4ac3-92a7-390cc57a8217,true,standard_derived,
Windows.Win32.AI.MachineLearning.DirectML,IDMLDevice,6dbd6437-96fd-423f-a98c-ae5e7c2a573f,false,,external_pointee_storage
Windows.Win32.AI.MachineLearning.DirectML,IDMLDevice1,a0884f9a-d2be-4355-aa5d-5901281ad1d2,false,,external_pointee_storage
Windows.Win32.AI.MachineLearning.DirectML,IDMLDeviceChild,27e83142-8165-49e3-974e-2fd66e4cb69d,false,,external_pointee_storage
Windows.Win32.AI.MachineLearning.DirectML,IDMLDispatchable,dcb821a8-1039-441e-9f1c-b1759c2f3cec,false,,external_pointee_storage
Windows.Win32.AI.MachineLearning.DirectML,IDMLObject,c8263aac-9e0c-4a2d-9b8e-007521a3317c,false,,external_pointee_storage
Windows.Win32.AI.MachineLearning.DirectML,IDMLOperator,26caae7a-3081-4633-9581-226fbe57695d,false,,external_pointee_storage
Windows.Win32.AI.MachineLearning.DirectML,IDMLOperatorInitializer,427c1113-435c-469c-8676-4d5dd072f813,false,,external_pointee_storage
Windows.Win32.AI.MachineLearning.DirectML,IDMLPageable,b1ab0825-4542-4a4b-8617-6dde6e8f6201,false,,external_pointee_storage
Windows.Win32.AI.MachineLearning.WinML,IMLOperatorAttributes,4b1b1759-ec40-466c-aab4-beb5347fd24c,false,,external_pointee_storage
Windows.Win32.AI.MachineLearning.WinML,IMLOperatorKernel,11c4b4a0-b467-4eaa-a1a6-b961d8d0ed79,true,standard_derived,
Windows.Win32.AI.MachineLearning.WinML,IMLOperatorKernelContext,82536a28-f022-4769-9d3f-8b278f84c0c3,false,,safe_projection_incomplete
Windows.Win32.AI.MachineLearning.WinML,IMLOperatorKernelCreationContext,5459b53d-a0fc-4665-addd-70171ef7e631,false,,incomplete_pointee_layout_for_storage
Windows.Win32.AI.MachineLearning.WinML,IMLOperatorKernelFactory,ef15ad6f-0dc9-4908-ab35-a575a30dfbf8,true,standard_derived,
Windows.Win32.AI.MachineLearning.WinML,IMLOperatorRegistry,2af9dd2d-b516-4672-9ab5-530c208493ad,false,,external_pointee_storage
Windows.Win32.AI.MachineLearning.WinML,IMLOperatorShapeInferenceContext,105b6b29-5408-4a68-9959-09b5955a3492,false,,incomplete_pointee_layout_for_storage
Windows.Win32.AI.MachineLearning.WinML,IMLOperatorShapeInferrer,540be5be-a6c9-40ee-83f6-d2b8b40a7798,true,standard_derived,
Windows.Win32.AI.MachineLearning.WinML,IMLOperatorTensor,7fe41f41-f430-440e-aece-54416dc8b9db,false,,missing_allocator
Windows.Win32.AI.MachineLearning.WinML,IMLOperatorTensorShapeDescription,f20e8cbe-3b28-4248-be95-f96fbc6e4643,true,standard_derived,
Windows.Win32.AI.MachineLearning.WinML,IMLOperatorTypeInferenceContext,ec893bb1-f938-427b-8488-c8dcf775f138,false,,incomplete_pointee_layout_for_storage
Windows.Win32.AI.MachineLearning.WinML,IMLOperatorTypeInferrer,781aeb48-9bcb-4797-bf77-8bf455217beb,true,standard_derived,
Windows.Win32.AI.MachineLearning.WinML,IWinMLEvaluationContext,95848f9e-583d-4054-af12-916387cd8426,false,,external_pointee_storage
Windows.Win32.AI.MachineLearning.WinML,IWinMLModel,e2eeb6a9-f31f-4055-a521-e30b5b33664a,false,,external_pointee_storage
Windows.Win32.AI.MachineLearning.WinML,IWinMLRuntime,a0425329-40ae-48d9-bce3-829ef7b8a41a,true,standard_derived,
Windows.Win32.AI.MachineLearning.WinML,IWinMLRuntimeFactory,a807b84d-4ae5-4bc0-a76a-941aa246bd41,true,standard_derived,
Windows.Win32.Data.HtmlHelp,IITDatabase,8fa0d5a2-dedf-11d0-9a61-00c04fb68bf7,false,,missing_allocator
Windows.Win32.Data.HtmlHelp,IITPropList,1f403bb1-9997-11d0-a850-00aa006c7d01,false,,incomplete_pointee_layout_for_storage
Windows.Win32.Data.HtmlHelp,IITResultSet,3bb91d41-998b-11d0-a850-00aa006c7d01,false,,incomplete_pointee_layout_for_storage
Windows.Win32.Data.HtmlHelp,IStemSink,fe77c330-7f42-11ce-be57-00aa0051fe20,true,standard_derived,
Windows.Win32.Data.HtmlHelp,IStemmerConfig,8fa0d5a7-dedf-11d0-9a61-00c04fb68bf7,true,standard_derived,
Windows.Win32.Data.HtmlHelp,IWordBreakerConfig,8fa0d5a6-dedf-11d0-9a61-00c04fb68bf7,true,standard_derived,
Windows.Win32.Data.Xml.MsXml,IMXAttributes,f10d27cc-3ec0-415c-8ed8-77ab1c5e7262,true,standard_derived,
Windows.Win32.Data.Xml.MsXml,IMXNamespaceManager,c90352f6-643c-4fbc-bb23-e996eb2d51fd,false,,safe_projection_incomplete
Windows.Win32.Data.Xml.MsXml,IMXNamespacePrefixes,c90352f4-643c-4fbc-bb23-e996eb2d51fd,true,standard_derived,
Windows.Win32.Data.Xml.MsXml,IMXReaderControl,808f4e35-8d5a-4fbe-8466-33a41279ed30,true,standard_derived,
Windows.Win32.Data.Xml.MsXml,IMXSchemaDeclHandler,fa4bb38c-faf9-4cca-9302-d1dd0fe520db,true,standard_derived,
Windows.Win32.Data.Xml.MsXml,IMXWriter,4d7ff4ba-1565-4ea8-94e1-6e724a46f98d,true,standard_derived,
Windows.Win32.Data.Xml.MsXml,IMXXMLFilter,c90352f7-643c-4fbc-bb23-e996eb2d51fd,true,standard_derived,
Windows.Win32.Data.Xml.MsXml,ISAXAttributes,f078abe1-45d2-4832-91ea-4466ce2f25c9,false,,missing_allocator
Windows.Win32.Data.Xml.MsXml,ISAXContentHandler,1545cdfa-9e4e-4497-a8a4-2bf7d0112c44,true,standard_derived,
Windows.Win32.Data.Xml.MsXml,ISAXDTDHandler,e15c1baf-afb3-4d60-8c36-19a8c45defed,true,standard_derived,
Windows.Win32.Data.Xml.MsXml,ISAXDeclHandler,862629ac-771a-47b2-8337-4e6843c1be90,true,standard_derived,
Windows.Win32.Data.Xml.MsXml,ISAXEntityResolver,99bca7bd-e8c4-4d5f-a0cf-6d907901ff07,true,standard_derived,
Windows.Win32.Data.Xml.MsXml,ISAXErrorHandler,a60511c4-ccf5-479e-98a3-dc8dc545b7d0,true,standard_derived,
Windows.Win32.Data.Xml.MsXml,ISAXLexicalHandler,7f85d5f5-47a8-4497-bda5-84ba04819ea6,true,standard_derived,
Windows.Win32.Data.Xml.MsXml,ISAXLocator,9b7e472a-0de4-4640-bff3-84d38a051c31,false,,missing_allocator
Windows.Win32.Data.Xml.MsXml,ISAXXMLFilter,70409222-ca09-4475-acb8-40312fe8d145,false,,missing_allocator
Windows.Win32.Data.Xml.MsXml,ISAXXMLReader,a4f96ed0-f829-476e-81c0-cdc7bd2a0802,false,,missing_allocator
Windows.Win32.Data.Xml.MsXml,ISchema,50ea08b4-dd1b-4664-9a50-c2f40f4bd79a,true,standard_derived,
Windows.Win32.Data.Xml.MsXml,ISchemaAny,50ea08bc-dd1b-4664-9a50-c2f40f4bd79a,true,standard_derived,
Windows.Win32.Data.Xml.MsXml,ISchemaAttribute,50ea08b6-dd1b-4664-9a50-c2f40f4bd79a,true,standard_derived,
Windows.Win32.Data.Xml.MsXml,ISchemaAttributeGroup,50ea08ba-dd1b-4664-9a50-c2f40f4bd79a,true,standard_derived,
Windows.Win32.Data.Xml.MsXml,ISchemaComplexType,50ea08b9-dd1b-4664-9a50-c2f40f4bd79a,true,standard_derived,
Windows.Win32.Data.Xml.MsXml,ISchemaElement,50ea08b7-dd1b-4664-9a50-c2f40f4bd79a,true,standard_derived,
Windows.Win32.Data.Xml.MsXml,ISchemaIdentityConstraint,50ea08bd-dd1b-4664-9a50-c2f40f4bd79a,true,standard_derived,
Windows.Win32.Data.Xml.MsXml,ISchemaItem,50ea08b3-dd1b-4664-9a50-c2f40f4bd79a,true,standard_derived,
Windows.Win32.Data.Xml.MsXml,ISchemaItemCollection,50ea08b2-dd1b-4664-9a50-c2f40f4bd79a,true,standard_derived,
Windows.Win32.Data.Xml.MsXml,ISchemaModelGroup,50ea08bb-dd1b-4664-9a50-c2f40f4bd79a,true,standard_derived,
Windows.Win32.Data.Xml.MsXml,ISchemaNotation,50ea08be-dd1b-4664-9a50-c2f40f4bd79a,true,standard_derived,
Windows.Win32.Data.Xml.MsXml,ISchemaParticle,50ea08b5-dd1b-4664-9a50-c2f40f4bd79a,true,standard_derived,
Windows.Win32.Data.Xml.MsXml,ISchemaStringCollection,50ea08b1-dd1b-4664-9a50-c2f40f4bd79a,true,standard_derived,
Windows.Win32.Data.Xml.MsXml,ISchemaType,50ea08b8-dd1b-4664-9a50-c2f40f4bd79a,true,standard_derived,
Windows.Win32.Data.Xml.MsXml,IServerXMLHTTPRequest,2e9196bf-13ba-4dd4-91ca-6c571f281495,true,standard_derived,
Windows.Win32.Data.Xml.MsXml,IServerXMLHTTPRequest2,2e01311b-c322-4b0a-bd77-b90cfdc8dce7,true,standard_derived,
Windows.Win32.Data.Xml.MsXml,IVBMXNamespaceManager,c90352f5-643c-4fbc-bb23-e996eb2d51fd,true,standard_derived,
Windows.Win32.Data.Xml.MsXml,IVBSAXAttributes,10dc0586-132b-4cac-8bb3-db00ac8b7ee0,true,standard_derived,
Windows.Win32.Data.Xml.MsXml,IVBSAXContentHandler,2ed7290a-4dd5-4b46-bb26-4e4155e77faa,true,standard_derived,
Windows.Win32.Data.Xml.MsXml,IVBSAXDTDHandler,24fb3297-302d-4620-ba39-3a732d850558,true,standard_derived,
Windows.Win32.Data.Xml.MsXml,IVBSAXDeclHandler,e8917260-7579-4be1-b5dd-7afbfa6f077b,true,standard_derived,
Windows.Win32.Data.Xml.MsXml,IVBSAXEntityResolver,0c05d096-f45b-4aca-ad1a-aa0bc25518dc,true,standard_derived,
Windows.Win32.Data.Xml.MsXml,IVBSAXErrorHandler,d963d3fe-173c-4862-9095-b92f66995f52,true,standard_derived,
Windows.Win32.Data.Xml.MsXml,IVBSAXLexicalHandler,032aac35-8c0e-4d9d-979f-e3b702935576,true,standard_derived,
Windows.Win32.Data.Xml.MsXml,IVBSAXLocator,796e7ac5-5aa2-4eff-acad-3faaf01a3288,true,standard_derived,
Windows.Win32.Data.Xml.MsXml,IVBSAXXMLFilter,1299eb1b-5b88-433e-82de-82ca75ad4e04,true,standard_derived,
Windows.Win32.Data.Xml.MsXml,IVBSAXXMLReader,8c033caa-6cd6-4f73-b728-4531af74945f,true,standard_derived,
Windows.Win32.Data.Xml.MsXml,IXMLAttribute,d4d4a0fc-3b73-11d1-b2b4-00c04fb92596,true,standard_derived,
Windows.Win32.Data.Xml.MsXml,IXMLDOMAttribute,2933bf85-7b36-11d2-b20e-00c04f983e60,true,standard_derived,
Windows.Win32.Data.Xml.MsXml,IXMLDOMCDATASection,2933bf8a-7b36-11d2-b20e-00c04f983e60,true,standard_derived,
Windows.Win32.Data.Xml.MsXml,IXMLDOMCharacterData,2933bf84-7b36-11d2-b20e-00c04f983e60,true,standard_derived,
Windows.Win32.Data.Xml.MsXml,IXMLDOMComment,2933bf88-7b36-11d2-b20e-00c04f983e60,true,standard_derived,
Windows.Win32.Data.Xml.MsXml,IXMLDOMDocument,2933bf81-7b36-11d2-b20e-00c04f983e60,true,standard_derived,
Windows.Win32.Data.Xml.MsXml,IXMLDOMDocument2,2933bf95-7b36-11d2-b20e-00c04f983e60,true,standard_derived,
Windows.Win32.Data.Xml.MsXml,IXMLDOMDocument3,2933bf96-7b36-11d2-b20e-00c04f983e60,true,standard_derived,
Windows.Win32.Data.Xml.MsXml,IXMLDOMDocumentFragment,3efaa413-272f-11d2-836f-0000f87a7782,true,standard_derived,
Windows.Win32.Data.Xml.MsXml,IXMLDOMDocumentType,2933bf8b-7b36-11d2-b20e-00c04f983e60,true,standard_derived,
Windows.Win32.Data.Xml.MsXml,IXMLDOMElement,2933bf86-7b36-11d2-b20e-00c04f983e60,true,standard_derived,
Windows.Win32.Data.Xml.MsXml,IXMLDOMEntity,2933bf8d-7b36-11d2-b20e-00c04f983e60,true,standard_derived,
Windows.Win32.Data.Xml.MsXml,IXMLDOMEntityReference,2933bf8e-7b36-11d2-b20e-00c04f983e60,true,standard_derived,
Windows.Win32.Data.Xml.MsXml,IXMLDOMImplementation,2933bf8f-7b36-11d2-b20e-00c04f983e60,true,standard_derived,
Windows.Win32.Data.Xml.MsXml,IXMLDOMNamedNodeMap,2933bf83-7b36-11d2-b20e-00c04f983e60,true,standard_derived,
Windows.Win32.Data.Xml.MsXml,IXMLDOMNode,2933bf80-7b36-11d2-b20e-00c04f983e60,true,standard_derived,
Windows.Win32.Data.Xml.MsXml,IXMLDOMNodeList,2933bf82-7b36-11d2-b20e-00c04f983e60,true,standard_derived,
Windows.Win32.Data.Xml.MsXml,IXMLDOMNotation,2933bf8c-7b36-11d2-b20e-00c04f983e60,true,standard_derived,
Windows.Win32.Data.Xml.MsXml,IXMLDOMParseError,3efaa426-272f-11d2-836f-0000f87a7782,true,standard_derived,
Windows.Win32.Data.Xml.MsXml,IXMLDOMParseError2,3efaa428-272f-11d2-836f-0000f87a7782,true,standard_derived,
Windows.Win32.Data.Xml.MsXml,IXMLDOMParseErrorCollection,3efaa429-272f-11d2-836f-0000f87a7782,true,standard_derived,
Windows.Win32.Data.Xml.MsXml,IXMLDOMProcessingInstruction,2933bf89-7b36-11d2-b20e-00c04f983e60,true,standard_derived,
Windows.Win32.Data.Xml.MsXml,IXMLDOMSchemaCollection,373984c8-b845-449b-91e7-45ac83036ade,true,standard_derived,
Windows.Win32.Data.Xml.MsXml,IXMLDOMSchemaCollection2,50ea08b0-dd1b-4664-9a50-c2f40f4bd79a,true,standard_derived,
Windows.Win32.Data.Xml.MsXml,IXMLDOMSelection,aa634fc7-5888-44a7-a257-3a47150d3a0e,true,standard_derived,
Windows.Win32.Data.Xml.MsXml,IXMLDOMText,2933bf87-7b36-11d2-b20e-00c04f983e60,true,standard_derived,
Windows.Win32.Data.Xml.MsXml,IXMLDSOControl,310afa62-0575-11d2-9ca9-0060b0ec3d39,true,standard_derived,
Windows.Win32.Data.Xml.MsXml,IXMLDocument,f52e2b61-18a1-11d1-b105-00805f49916b,true,standard_derived,
Windows.Win32.Data.Xml.MsXml,IXMLDocument2,2b8de2fe-8d2d-11d1-b2fc-00c04fd915a9,true,standard_derived,
Windows.Win32.Data.Xml.MsXml,IXMLElement,3f7f31ac-e15f-11d0-9c25-00c04fc99c8e,true,standard_derived,
Windows.Win32.Data.Xml.MsXml,IXMLElement2,2b8de2ff-8d2d-11d1-b2fc-00c04fd915a9,true,standard_derived,
Windows.Win32.Data.Xml.MsXml,IXMLElementCollection,65725580-9b5d-11d0-9bfe-00c04fc99c8e,true,standard_derived,
Windows.Win32.Data.Xml.MsXml,IXMLError,948c5ad3-c58d-11d0-9c0b-00c04fc99c8e,false,,safe_projection_incomplete
Windows.Win32.Data.Xml.MsXml,IXMLHTTPRequest,ed8c108d-4349-11d2-91a4-00c04f7969e8,true,standard_derived,
Windows.Win32.Data.Xml.MsXml,IXMLHTTPRequest2,e5d37dc0-552a-4d52-9cc0-a14d546fbd04,false,,missing_allocator
Windows.Win32.Data.Xml.MsXml,IXMLHTTPRequest2Callback,a44a9299-e321-40de-8866-341b41669162,true,standard_derived,
Windows.Win32.Data.Xml.MsXml,IXMLHTTPRequest3,a1c9feee-0617-4f23-9d58-8961ea43567c,false,,missing_allocator
Windows.Win32.Data.Xml.MsXml,IXMLHTTPRequest3Callback,b9e57830-8c6c-4a6f-9c13-47772bb047bb,false,,nested_pointer_lifetime
Windows.Win32.Data.Xml.MsXml,IXSLProcessor,2933bf92-7b36-11d2-b20e-00c04f983e60,true,standard_derived,
Windows.Win32.Data.Xml.MsXml,IXSLTemplate,2933bf93-7b36-11d2-b20e-00c04f983e60,true,standard_derived,
Windows.Win32.Data.Xml.MsXml,IXTLRuntime,3efaa425-272f-11d2-836f-0000f87a7782,true,standard_derived,
Windows.Win32.Data.Xml.MsXml,XMLDOMDocumentEvents,3efaa427-272f-11d2-836f-0000f87a7782,true,standard_derived,
Windows.Win32.Data.Xml.XmlLite,IXmlReader,7279fc81-709d-4095-b63d-69fe4b0d9030,false,,missing_allocator
Windows.Win32.Data.Xml.XmlLite,IXmlResolver,7279fc82-709d-4095-b63d-69fe4b0d9030,true,standard_derived,
Windows.Win32.Data.Xml.XmlLite,IXmlWriter,7279fc88-709d-4095-b63d-69fe4b0d9030,true,standard_derived,
Windows.Win32.Data.Xml.XmlLite,IXmlWriterLite,862494c6-1310-4aad-b3cd-2dbeebf670d3,true,standard_derived,
Windows.Win32.Devices.DeviceAccess,ICreateDeviceAccessAsync,3474628f-683d-42d2-abcb-db018c6503bc,true,standard_derived,
Windows.Win32.Devices.DeviceAccess,IDeviceIoControl,9eefe161-23ab-4f18-9b49-991b586ae970,false,,safe_projection_incomplete
Windows.Win32.Devices.DeviceAccess,IDeviceRequestCompletionCallback,999bad24-9acd-45bb-8669-2a2fc0288b04,true,standard_derived,
Windows.Win32.Devices.Display,ICloneViewHelper,f6a3d4c4-5632-4d83-b0a1-fb88712b1eb7,true,standard_derived,
Windows.Win32.Devices.Display,IViewHelper,e85ccef5-aaaa-47f0-b5e3-61f7aecdc4c1,true,standard_derived,
Windows.Win32.Devices.Enumeration.Pnp,IUPnPAddressFamilyControl,e3bf6178-694e-459f-a5a6-191ea0ffa1c7,true,standard_derived,
Windows.Win32.Devices.Enumeration.Pnp,IUPnPAsyncResult,4d65fd08-d13e-4274-9c8b-dd8d028c8644,true,standard_derived,
Windows.Win32.Devices.Enumeration.Pnp,IUPnPDescriptionDocument,11d1c1b2-7daa-4c9e-9595-7f82ed206d1e,true,standard_derived,
Windows.Win32.Devices.Enumeration.Pnp,IUPnPDescriptionDocumentCallback,77394c69-5486-40d6-9bc3-4991983e02da,true,standard_derived,
Windows.Win32.Devices.Enumeration.Pnp,IUPnPDevice,3d44d0d1-98c9-4889-acd1-f9d674bf2221,true,standard_derived,
Windows.Win32.Devices.Enumeration.Pnp,IUPnPDeviceControl,204810ba-73b2-11d4-bf42-00b0d0118b56,true,standard_derived,
Windows.Win32.Devices.Enumeration.Pnp,IUPnPDeviceControlHttpHeaders,204810bb-73b2-11d4-bf42-00b0d0118b56,true,standard_derived,
Windows.Win32.Devices.Enumeration.Pnp,IUPnPDeviceDocumentAccess,e7772804-3287-418e-9072-cf2b47238981,true,standard_derived,
Windows.Win32.Devices.Enumeration.Pnp,IUPnPDeviceDocumentAccessEx,c4bc4050-6178-4bd1-a4b8-6398321f3247,true,standard_derived,
Windows.Win32.Devices.Enumeration.Pnp,IUPnPDeviceFinder,adda3d55-6f72-4319-bff9-18600a539b10,true,standard_derived,
Windows.Win32.Devices.Enumeration.Pnp,IUPnPDeviceFinderAddCallbackWithInterface,983dfc0b-1796-44df-8975-ca545b620ee5,true,standard_derived,
Windows.Win32.Devices.Enumeration.Pnp,IUPnPDeviceFinderCallback,415a984a-88b3-49f3-92af-0508bedf0d6c,true,standard_derived,
Windows.Win32.Devices.Enumeration.Pnp,IUPnPDeviceProvider,204810b8-73b2-11d4-bf42-00b0d0118b56,true,standard_derived,
Windows.Win32.Devices.Enumeration.Pnp,IUPnPDevices,fdbc0c73-bda3-4c66-ac4f-f2d96fdad68c,true,standard_derived,
Windows.Win32.Devices.Enumeration.Pnp,IUPnPEventSink,204810b4-73b2-11d4-bf42-00b0d0118b56,true,standard_derived,
Windows.Win32.Devices.Enumeration.Pnp,IUPnPEventSource,204810b5-73b2-11d4-bf42-00b0d0118b56,true,standard_derived,
Windows.Win32.Devices.Enumeration.Pnp,IUPnPHttpHeaderControl,0405af4f-8b5c-447c-80f2-b75984a31f3c,true,standard_derived,
Windows.Win32.Devices.Enumeration.Pnp,IUPnPRegistrar,204810b6-73b2-11d4-bf42-00b0d0118b56,true,standard_derived,
Windows.Win32.Devices.Enumeration.Pnp,IUPnPRemoteEndpointInfo,c92eb863-0269-4aff-9c72-75321bba2952,true,standard_derived,
Windows.Win32.Devices.Enumeration.Pnp,IUPnPReregistrar,204810b7-73b2-11d4-bf42-00b0d0118b56,true,standard_derived,
Windows.Win32.Devices.Enumeration.Pnp,IUPnPService,a295019c-dc65-47dd-90dc-7fe918a1ab44,false,,safe_projection_incomplete
Windows.Win32.Devices.Enumeration.Pnp,IUPnPServiceAsync,098bdaf5-5ec1-49e7-a260-b3a11dd8680c,false,,safe_projection_incomplete
Windows.Win32.Devices.Enumeration.Pnp,IUPnPServiceCallback,31fadca9-ab73-464b-b67d-5c1d0f83c8b8,true,standard_derived,
Windows.Win32.Devices.Enumeration.Pnp,IUPnPServiceDocumentAccess,21905529-0a5e-4589-825d-7e6d87ea6998,true,standard_derived,
Windows.Win32.Devices.Enumeration.Pnp,IUPnPServiceEnumProperty,38873b37-91bb-49f4-b249-2e8efbb8a816,true,standard_derived,
Windows.Win32.Devices.Enumeration.Pnp,IUPnPServices,3f8c8e9e-9a7a-4dc8-bc41-ff31fa374956,true,standard_derived,
Windows.Win32.Devices.Fax,IFaxAccount,68535b33-5dc4-4086-be26-b76f9b711006,true,standard_derived,
Windows.Win32.Devices.Fax,IFaxAccountFolders,6463f89d-23d8-46a9-8f86-c47b77ca7926,true,standard_derived,
Windows.Win32.Devices.Fax,IFaxAccountIncomingArchive,a8a5b6ef-e0d6-4aee-955c-91625bec9db4,true,standard_derived,
Windows.Win32.Devices.Fax,IFaxAccountIncomingQueue,dd142d92-0186-4a95-a090-cbc3eadba6b4,true,standard_derived,
Windows.Win32.Devices.Fax,IFaxAccountNotify,b9b3bc81-ac1b-46f3-b39d-0adc30e1b788,true,standard_derived,
Windows.Win32.Devices.Fax,IFaxAccountOutgoingArchive,5463076d-ec14-491f-926e-b3ceda5e5662,true,standard_derived,
Windows.Win32.Devices.Fax,IFaxAccountOutgoingQueue,0f1424e9-f22d-4553-b7a5-0d24bd0d7e46,true,standard_derived,
Windows.Win32.Devices.Fax,IFaxAccountSet,7428fbae-841e-47b8-86f4-2288946dca1b,true,standard_derived,
Windows.Win32.Devices.Fax,IFaxAccounts,93ea8162-8be7-42d1-ae7b-ec74e2d989da,true,standard_derived,
Windows.Win32.Devices.Fax,IFaxActivity,4b106f97-3df5-40f2-bc3c-44cb8115ebdf,true,standard_derived,
Windows.Win32.Devices.Fax,IFaxActivityLogging,1e29078b-5a69-497b-9592-49b7e7faddb5,true,standard_derived,
Windows.Win32.Devices.Fax,IFaxConfiguration,10f4d0f7-0994-4543-ab6e-506949128c40,true,standard_derived,
Windows.Win32.Devices.Fax,IFaxDevice,49306c59-b52e-4867-9df4-ca5841c956d0,true,standard_derived,
Windows.Win32.Devices.Fax,IFaxDeviceIds,2f0f813f-4ce9-443e-8ca1-738cfaeee149,true,standard_derived,
Windows.Win32.Devices.Fax,IFaxDeviceProvider,290eac63-83ec-449c-8417-f148df8c682a,true,standard_derived,
Windows.Win32.Devices.Fax,IFaxDeviceProviders,9fb76f62-4c7e-43a5-b6fd-502893f7e13e,true,standard_derived,
Windows.Win32.Devices.Fax,IFaxDevices,9e46783e-f34f-482e-a360-0416becbbd96,true,standard_derived,
Windows.Win32.Devices.Fax,IFaxDocument,b207a246-09e3-4a4e-a7dc-fea31d29458f,true,standard_derived,
Windows.Win32.Devices.Fax,IFaxDocument2,e1347661-f9ef-4d6d-b4a5-c0a068b65cff,true,standard_derived,
Windows.Win32.Devices.Fax,IFaxEventLogging,0880d965-20e8-42e4-8e17-944f192caad4,true,standard_derived,
Windows.Win32.Devices.Fax,IFaxFolders,dce3b2a8-a7ab-42bc-9d0a-3149457261a0,true,standard_derived,
Windows.Win32.Devices.Fax,IFaxInboundRouting,8148c20f-9d52-45b1-bf96-38fc12713527,true,standard_derived,
Windows.Win32.Devices.Fax,IFaxInboundRoutingExtension,885b5e08-c26c-4ef9-af83-51580a750be1,true,standard_derived,
Windows.Win32.Devices.Fax,IFaxInboundRoutingExtensions,2f6c9673-7b26-42de-8eb0-915dcd2a4f4c,true,standard_derived,
Windows.Win32.Devices.Fax,IFaxInboundRoutingMethod,45700061-ad9d-4776-a8c4-64065492cf4b,true,standard_derived,
Windows.Win32.Devices.Fax,IFaxInboundRoutingMethods,783fca10-8908-4473-9d69-f67fbea0c6b9,true,standard_derived,
Windows.Win32.Devices.Fax,IFaxIncomingArchive,76062cc7-f714-4fbd-aa06-ed6e4a4b70f3,true,standard_derived,
Windows.Win32.Devices.Fax,IFaxIncomingJob,207529e6-654a-4916-9f88-4d232ee8a107,true,standard_derived,
Windows.Win32.Devices.Fax,IFaxIncomingJobs,011f04e9-4fd6-4c23-9513-b6b66bb26be9,true,standard_derived,
Windows.Win32.Devices.Fax,IFaxIncomingMessage,7cab88fa-2ef9-4851-b2f3-1d148fed8447,true,standard_derived,
Windows.Win32.Devices.Fax,IFaxIncomingMessage2,f9208503-e2bc-48f3-9ec0-e6236f9b509a,true,standard_derived,
Windows.Win32.Devices.Fax,IFaxIncomingMessageIterator,fd73ecc4-6f06-4f52-82a8-f7ba06ae3108,true,standard_derived,
Windows.Win32.Devices.Fax,IFaxIncomingQueue,902e64ef-8fd8-4b75-9725-6014df161545,true,standard_derived,
Windows.Win32.Devices.Fax,IFaxJobStatus,8b86f485-fd7f-4824-886b-40c5caa617cc,true,standard_derived,
Windows.Win32.Devices.Fax,IFaxLoggingOptions,34e64fb9-6b31-4d32-8b27-d286c0c33606,true,standard_derived,
Windows.Win32.Devices.Fax,IFaxOutboundRouting,25dc05a4-9909-41bd-a95b-7e5d1dec1d43,true,standard_derived,
Windows.Win32.Devices.Fax,IFaxOutboundRoutingGroup,ca6289a1-7e25-4f87-9a0b-93365734962c,true,standard_derived,
Windows.Win32.Devices.Fax,IFaxOutboundRoutingGroups,235cbef7-c2de-4bfd-b8da-75097c82c87f,true,standard_derived,
Windows.Win32.Devices.Fax,IFaxOutboundRoutingRule,e1f795d5-07c2-469f-b027-acacc23219da,true,standard_derived,
Windows.Win32.Devices.Fax,IFaxOutboundRoutingRules,dcefa1e7-ae7d-4ed6-8521-369edcca5120,true,standard_derived,
Windows.Win32.Devices.Fax,IFaxOutgoingArchive,c9c28f40-8d80-4e53-810f-9a79919b49fd,true,standard_derived,
Windows.Win32.Devices.Fax,IFaxOutgoingJob,6356daad-6614-4583-bf7a-3ad67bbfc71c,true,standard_derived,
Windows.Win32.Devices.Fax,IFaxOutgoingJob2,418a8d96-59a0-4789-b176-edf3dc8fa8f7,true,standard_derived,
Windows.Win32.Devices.Fax,IFaxOutgoingJobs,2c56d8e6-8c2f-4573-944c-e505f8f5aeed,true,standard_derived,
Windows.Win32.Devices.Fax,IFaxOutgoingMessage,f0ea35de-caa5-4a7c-82c7-2b60ba5f2be2,true,standard_derived,
Windows.Win32.Devices.Fax,IFaxOutgoingMessage2,b37df687-bc88-4b46-b3be-b458b3ea9e7f,true,standard_derived,
Windows.Win32.Devices.Fax,IFaxOutgoingMessageIterator,f5ec5d4f-b840-432f-9980-112fe42a9b7a,true,standard_derived,
Windows.Win32.Devices.Fax,IFaxOutgoingQueue,80b1df24-d9ac-4333-b373-487cedc80ce5,true,standard_derived,
Windows.Win32.Devices.Fax,IFaxReceiptOptions,378efaeb-5fcb-4afb-b2ee-e16e80614487,true,standard_derived,
Windows.Win32.Devices.Fax,IFaxRecipient,9a3da3a0-538d-42b6-9444-aaa57d0ce2bc,true,standard_derived,
Windows.Win32.Devices.Fax,IFaxRecipients,b9c9de5a-894e-4492-9fa3-08c627c11d5d,true,standard_derived,
Windows.Win32.Devices.Fax,IFaxSecurity,77b508c1-09c0-47a2-91eb-fce7fdf2690e,true,standard_derived,
Windows.Win32.Devices.Fax,IFaxSecurity2,17d851f4-d09b-48fc-99c9-8f24c4db9ab1,true,standard_derived,
Windows.Win32.Devices.Fax,IFaxSender,0d879d7d-f57a-4cc6-a6f9-3ee5d527b46a,true,standard_derived,
Windows.Win32.Devices.Fax,IFaxServer,475b6469-90a5-4878-a577-17a86e8e3462,true,standard_derived,
Windows.Win32.Devices.Fax,IFaxServer2,571ced0f-5609-4f40-9176-547e3a72ca7c,true,standard_derived,
Windows.Win32.Devices.Fax,IFaxServerNotify,2e037b27-cf8a-4abd-b1e0-5704943bea6f,true,standard_derived,
Windows.Win32.Devices.Fax,IFaxServerNotify2,ec9c69b9-5fe7-4805-9467-82fcd96af903,true,standard_derived,
Windows.Win32.Devices.Fax,IStiDevice,6cfa5a80-2dc8-11d0-90ea-00aa0060f86c,false,,external_pointee_storage
Windows.Win32.Devices.Fax,IStiDeviceControl,128a9860-52dc-11d0-9edf-444553540000,false,,incomplete_pointee_layout_for_storage
Windows.Win32.Devices.Fax,IStiUSD,0c9bb460-51ac-11d0-90ea-00aa0060f86c,false,,external_pointee_storage
Windows.Win32.Devices.Fax,IStillImageW,641bd880-2dc8-11d0-90ea-00aa0060f86c,false,,missing_allocator
Windows.Win32.Devices.FunctionDiscovery,IFunctionDiscovery,4df99b70-e148-4432-b004-4c9eeb535a5e,true,standard_derived,
Windows.Win32.Devices.FunctionDiscovery,IFunctionDiscoveryNotification,5f6c1ba8-5330-422e-a368-572b244d3f87,true,standard_derived,
Windows.Win32.Devices.FunctionDiscovery,IFunctionDiscoveryProvider,dcde394f-1478-4813-a402-f6fb10657222,true,standard_derived,
Windows.Win32.Devices.FunctionDiscovery,IFunctionDiscoveryProviderFactory,86443ff0-1ad5-4e68-a45a-40c2c329de3b,true,standard_derived,
Windows.Win32.Devices.FunctionDiscovery,IFunctionDiscoveryProviderQuery,6876ea98-baec-46db-bc20-75a76e267a3a,false,,missing_allocator
Windows.Win32.Devices.FunctionDiscovery,IFunctionDiscoveryServiceProvider,4c81ed02-1b04-43f2-a451-69966cbcd1c2,true,standard_derived,
Windows.Win32.Devices.FunctionDiscovery,IFunctionInstance,33591c10-0bed-4f02-b0ab-1530d5533ee9,false,,missing_allocator
Windows.Win32.Devices.FunctionDiscovery,IFunctionInstanceCollection,f0a3d895-855c-42a2-948d-2f97d450ecb1,true,standard_derived,
Windows.Win32.Devices.FunctionDiscovery,IFunctionInstanceCollectionQuery,57cc6fd2-c09a-4289-bb72-25f04142058e,true,standard_derived,
Windows.Win32.Devices.FunctionDiscovery,IFunctionInstanceQuery,6242bc6b-90ec-4b37-bb46-e229fd84ed95,true,standard_derived,
Windows.Win32.Devices.FunctionDiscovery,IPNPXAssociation,0bd7e521-4da6-42d5-81ba-1981b6b94075,true,standard_derived,
Windows.Win32.Devices.FunctionDiscovery,IPNPXDeviceAssociation,eed366d0-35b8-4fc5-8d20-7e5bd31f6ded,true,standard_derived,
Windows.Win32.Devices.FunctionDiscovery,IPropertyStoreCollection,d14d9c30-12d2-42d8-bce4-c60c2bb226fa,true,standard_derived,
Windows.Win32.Devices.FunctionDiscovery,IProviderProperties,cf986ea6-3b5f-4c5f-b88a-2f8b20ceef17,true,standard_derived,
Windows.Win32.Devices.FunctionDiscovery,IProviderPropertyConstraintCollection,f4fae42f-5778-4a13-8540-b5fd8c1398dd,true,standard_derived,
Windows.Win32.Devices.FunctionDiscovery,IProviderPublishing,cd1b9a04-206c-4a05-a0c8-1635a21a2b7c,true,standard_derived,
Windows.Win32.Devices.FunctionDiscovery,IProviderQueryConstraintCollection,9c243e11-3261-4bcd-b922-84a873d460ae,false,,missing_allocator
Windows.Win32.Devices.Geolocation,ICivicAddressReport,c0b19f70-4adf-445d-87f2-cad8fd711792,true,standard_derived,
Windows.Win32.Devices.Geolocation,ICivicAddressReportFactory,bf773b93-c64f-4bee-beb2-67c0b8df66e0,true,standard_derived,
Windows.Win32.Devices.Geolocation,IDefaultLocation,a65af77e-969a-4a2e-8aca-33bb7cbb1235,true,standard_derived,
Windows.Win32.Devices.Geolocation,IDispCivicAddressReport,16ff1a34-9e30-42c3-b44d-e22513b5767a,true,standard_derived,
Windows.Win32.Devices.Geolocation,IDispLatLongReport,8ae32723-389b-4a11-9957-5bdd48fc9617,true,standard_derived,
Windows.Win32.Devices.Geolocation,ILatLongReport,7fed806d-0ef8-4f07-80ac-36a0beae3134,true,standard_derived,
Windows.Win32.Devices.Geolocation,ILatLongReportFactory,3f0804cb-b114-447d-83dd-390174ebb082,true,standard_derived,
Windows.Win32.Devices.Geolocation,ILocation,ab2ece69-56d9-4f28-b525-de1b0ee44237,true,standard_derived,
Windows.Win32.Devices.Geolocation,ILocationEvents,cae02bbf-798b-4508-a207-35a7906dc73d,true,standard_derived,
Windows.Win32.Devices.Geolocation,ILocationPower,193e7729-ab6b-4b12-8617-7596e1bb191c,true,standard_derived,
Windows.Win32.Devices.Geolocation,ILocationReport,c8b7f7ee-75d0-4db9-b62d-7a0f369ca456,true,standard_derived,
Windows.Win32.Devices.Geolocation,ILocationReportFactory,2daec322-90b2-47e4-bb08-0da841935a6b,true,standard_derived,
Windows.Win32.Devices.Geolocation,_ICivicAddressReportFactoryEvents,c96039ff-72ec-4617-89bd-84d88bedc722,true,standard_derived,
Windows.Win32.Devices.Geolocation,_ILatLongReportFactoryEvents,16ee6cb7-ab3c-424b-849f-269be551fcbc,true,standard_derived,
Windows.Win32.Devices.HumanInterfaceDevice,IDirectInput2A,5944e662-aa8a-11cf-bfc7-444553540000,false,,external_pointee_storage
Windows.Win32.Devices.HumanInterfaceDevice,IDirectInput2W,5944e663-aa8a-11cf-bfc7-444553540000,false,,external_pointee_storage
Windows.Win32.Devices.HumanInterfaceDevice,IDirectInput7A,9a4cb684-236d-11d3-8e9d-00c04f6844ae,false,,external_pointee_storage
Windows.Win32.Devices.HumanInterfaceDevice,IDirectInput7W,9a4cb685-236d-11d3-8e9d-00c04f6844ae,false,,external_pointee_storage
Windows.Win32.Devices.HumanInterfaceDevice,IDirectInput8A,bf798030-483a-4da2-aa99-5d64ed369700,false,,incomplete_pointee_layout_for_storage
Windows.Win32.Devices.HumanInterfaceDevice,IDirectInput8W,bf798031-483a-4da2-aa99-5d64ed369700,false,,incomplete_pointee_layout_for_storage
Windows.Win32.Devices.HumanInterfaceDevice,IDirectInputA,89521360-aa8a-11cf-bfc7-444553540000,false,,external_pointee_storage
Windows.Win32.Devices.HumanInterfaceDevice,IDirectInputDevice2A,5944e682-c92e-11cf-bfc7-444553540000,false,,external_pointee_storage
Windows.Win32.Devices.HumanInterfaceDevice,IDirectInputDevice2W,5944e683-c92e-11cf-bfc7-444553540000,false,,external_pointee_storage
Windows.Win32.Devices.HumanInterfaceDevice,IDirectInputDevice7A,57d7c6bc-2356-11d3-8e9d-00c04f6844ae,false,,external_pointee_storage
Windows.Win32.Devices.HumanInterfaceDevice,IDirectInputDevice7W,57d7c6bd-2356-11d3-8e9d-00c04f6844ae,false,,external_pointee_storage
Windows.Win32.Devices.HumanInterfaceDevice,IDirectInputDevice8A,54d41080-dc15-4833-a41b-748f73a38179,false,,external_pointee_storage
Windows.Win32.Devices.HumanInterfaceDevice,IDirectInputDevice8W,54d41081-dc15-4833-a41b-748f73a38179,false,,external_pointee_storage
Windows.Win32.Devices.HumanInterfaceDevice,IDirectInputDeviceA,5944e680-c92e-11cf-bfc7-444553540000,false,,external_pointee_storage
Windows.Win32.Devices.HumanInterfaceDevice,IDirectInputDeviceW,5944e681-c92e-11cf-bfc7-444553540000,false,,external_pointee_storage
Windows.Win32.Devices.HumanInterfaceDevice,IDirectInputEffect,e7e1f7c0-88d2-11d0-9ad0-00a0c9a06e35,false,,nested_pointer_lifetime
Windows.Win32.Devices.HumanInterfaceDevice,IDirectInputEffectDriver,02538130-898f-11d0-9ad0-00a0c9a06e35,false,,external_pointee_storage
Windows.Win32.Devices.HumanInterfaceDevice,IDirectInputJoyConfig,1de12ab1-c9f5-11cf-bfc7-444553540000,false,,external_pointee_storage
Windows.Win32.Devices.HumanInterfaceDevice,IDirectInputJoyConfig8,eb0d7dfa-1990-4f27-b4d6-edf2eec4a44c,false,,external_pointee_storage
Windows.Win32.Devices.HumanInterfaceDevice,IDirectInputW,89521361-aa8a-11cf-bfc7-444553540000,false,,external_pointee_storage
Windows.Win32.Devices.ImageAcquisition,IEnumWIA_DEV_CAPS,1fcc4287-aca6-11d2-a093-00c04f72dc3c,false,,safe_projection_incomplete
Windows.Win32.Devices.ImageAcquisition,IEnumWIA_DEV_INFO,5e38b83c-8cf1-11d1-bf92-0060081ed811,true,exact_registry_dependent,
Windows.Win32.Devices.ImageAcquisition,IEnumWIA_FORMAT_INFO,81befc5b-656d-44f1-b24c-d41d51b4dc81,true,exact_registry_dependent,
Windows.Win32.Devices.ImageAcquisition,IEnumWiaItem,5e8383fc-3391-11d2-9a33-00c04fa36145,true,exact_registry_dependent,
Windows.Win32.Devices.ImageAcquisition,IEnumWiaItem2,59970af4-cd0d-44d9-ab24-52295630e582,true,exact_registry_dependent,
Windows.Win32.Devices.ImageAcquisition,IWiaAppErrorHandler,6c16186c-d0a6-400c-80f4-d26986a0e734,true,exact_registry_dependent,
Windows.Win32.Devices.ImageAcquisition,IWiaDataCallback,a558a866-a5b0-11d2-a08f-00c04f72dc3c,true,standard_derived,
Windows.Win32.Devices.ImageAcquisition,IWiaDataTransfer,a6cef998-a5b0-11d2-a08f-00c04f72dc3c,false,,incomplete_pointee_layout_for_storage
Windows.Win32.Devices.ImageAcquisition,IWiaDevMgr,5eb2502a-8cf1-11d1-bf92-0060081ed811,false,,safe_projection_incomplete
Windows.Win32.Devices.ImageAcquisition,IWiaDevMgr2,79c07cf1-cbdd-41ee-8ec3-f00080cada7a,false,,safe_projection_incomplete
Windows.Win32.Devices.ImageAcquisition,IWiaDrvItem,1f02b5c5-b00c-11d2-a094-00c04f72dc3c,false,,missing_allocator
Windows.Win32.Devices.ImageAcquisition,IWiaErrorHandler,0e4a51b1-bc1f-443d-a835-72e890759ef3,true,standard_derived,
Windows.Win32.Devices.ImageAcquisition,IWiaEventCallback,ae6287b0-0084-11d2-973b-00a0c9068f2e,true,standard_derived,
Windows.Win32.Devices.ImageAcquisition,IWiaImageFilter,a8a79ffa-450b-41f1-8f87-849ccd94ebf6,true,standard_derived,
Windows.Win32.Devices.ImageAcquisition,IWiaItem,4db1ad10-3391-11d2-9a33-00c04fa36145,false,,missing_interface_replacement_contract
Windows.Win32.Devices.ImageAcquisition,IWiaItem2,6cba0075-1287-407d-9b77-cf0e030435cc,false,,missing_allocator
Windows.Win32.Devices.ImageAcquisition,IWiaItemExtras,6291ef2c-36ef-4532-876a-8e132593778d,true,standard_derived,
Windows.Win32.Devices.ImageAcquisition,IWiaLog,a00c10b6-82a1-452f-8b6c-86062aad6890,true,standard_derived,
Windows.Win32.Devices.ImageAcquisition,IWiaLogEx,af1f22ac-7a40-4787-b421-aeb47a1fbd0b,true,standard_derived,
Windows.Win32.Devices.ImageAcquisition,IWiaMiniDrv,d8cdee14-3c6c-11d2-9a35-00c04fa36145,false,,incomplete_pointee_layout_for_storage
Windows.Win32.Devices.ImageAcquisition,IWiaMiniDrvCallBack,33a57d5a-3de8-11d2-9a36-00c04fa36145,false,,external_pointee_storage
Windows.Win32.Devices.ImageAcquisition,IWiaMiniDrvTransferCallback,a9d2ee89-2ce5-4ff0-8adb-c961d1d774ca,true,standard_derived,
Windows.Win32.Devices.ImageAcquisition,IWiaNotifyDevMgr,70681ea0-e7bf-4291-9fb1-4e8813a3f78e,true,standard_derived,
Windows.Win32.Devices.ImageAcquisition,IWiaPreview,95c2b4fd-33f2-4d86-ad40-9431f0df08f7,true,standard_derived,
Windows.Win32.Devices.ImageAcquisition,IWiaPropertyStorage,98b5e8a0-29cc-491a-aac0-e6db4fdcceb6,false,,external_pointee_storage
Windows.Win32.Devices.ImageAcquisition,IWiaSegmentationFilter,ec46a697-ac04-4447-8f65-ff63d5154b21,true,standard_derived,
Windows.Win32.Devices.ImageAcquisition,IWiaTransfer,c39d6942-2f4e-4d04-92fe-4ef4d3a1de5a,true,standard_derived,
Windows.Win32.Devices.ImageAcquisition,IWiaTransferCallback,27d4eaaf-28a6-4ca5-9aab-e678168b9527,true,standard_derived,
Windows.Win32.Devices.ImageAcquisition,IWiaUIExtension,da319113-50ee-4c80-b460-57d005d44a2c,false,,external_pointee_storage
Windows.Win32.Devices.ImageAcquisition,IWiaUIExtension2,305600d7-5088-46d7-9a15-b77b09cdba7a,false,,external_pointee_storage
Windows.Win32.Devices.ImageAcquisition,IWiaVideo,d52920aa-db88-41f0-946c-e00dc0a19cfa,true,standard_derived,
Windows.Win32.Devices.PortableDevices,IConnectionRequestCallback,272c9ae0-7161-4ae0-91bd-9f448ee9c427,true,standard_derived,
Windows.Win32.Devices.PortableDevices,IEnumPortableDeviceConnectors,bfdef549-9247-454f-bd82-06fe80853faa,true,exact_registry_dependent,
Windows.Win32.Devices.PortableDevices,IEnumPortableDeviceObjectIDs,10ece955-cf41-4728-bfa0-41eedf1bbf19,false,,missing_allocator
Windows.Win32.Devices.PortableDevices,IMediaRadioManager,6cfdcab5-fc47-42a5-9241-074b58830e73,true,standard_derived,
Windows.Win32.Devices.PortableDevices,IMediaRadioManagerNotifySink,89d81f5f-c147-49ed-a11c-77b20c31e7c9,true,standard_derived,
Windows.Win32.Devices.PortableDevices,IPortableDevice,625e2df8-6392-4cf0-9ad1-3cfa5f17775c,false,,missing_allocator
Windows.Win32.Devices.PortableDevices,IPortableDeviceCapabilities,2c8c6dbf-e3dc-4061-becc-8542e810d126,true,standard_derived,
Windows.Win32.Devices.PortableDevices,IPortableDeviceConnector,625e2df8-6392-4cf0-9ad1-3cfa5f17775c,false,,missing_allocator
Windows.Win32.Devices.PortableDevices,IPortableDeviceContent,6a96ed84-7c73-4480-9938-bf5af477d426,false,,missing_allocator
Windows.Win32.Devices.PortableDevices,IPortableDeviceContent2,9b4add96-f6bf-4034-8708-eca72bf10554,false,,missing_allocator
Windows.Win32.Devices.PortableDevices,IPortableDeviceDataStream,88e04db3-1012-4d64-9996-f703a950d3f4,false,,missing_allocator
Windows.Win32.Devices.PortableDevices,IPortableDeviceDispatchFactory,5e1eafc3-e3d7-4132-96fa-759c0f9d1e0f,true,standard_derived,
Windows.Win32.Devices.PortableDevices,IPortableDeviceEventCallback,a8792a31-f385-493c-a893-40f64eb45f6e,true,standard_derived,
Windows.Win32.Devices.PortableDevices,IPortableDeviceKeyCollection,dada2357-e0ad-492e-98db-dd61c53ba353,true,standard_derived,
Windows.Win32.Devices.PortableDevices,IPortableDeviceManager,a1567595-4c2f-4574-a6fa-ecef917b9a40,false,,missing_allocator
Windows.Win32.Devices.PortableDevices,IPortableDevicePropVariantCollection,89b2e422-4f1b-4316-bcef-a44afea83eb3,true,standard_derived,
Windows.Win32.Devices.PortableDevices,IPortableDeviceProperties,7f6d695c-03df-4439-a809-59266beee3a6,true,standard_derived,
Windows.Win32.Devices.PortableDevices,IPortableDevicePropertiesBulk,482b05c0-4056-44ed-9e0f-5e23b009da93,true,standard_derived,
Windows.Win32.Devices.PortableDevices,IPortableDevicePropertiesBulkCallback,9deacb80-11e8-40e3-a9f3-f557986a7845,true,standard_derived,
Windows.Win32.Devices.PortableDevices,IPortableDeviceResources,fd8878ac-d841-4d17-891c-e6829cdb6934,false,,missing_allocator
Windows.Win32.Devices.PortableDevices,IPortableDeviceService,d3bd3a44-d7b5-40a9-98b7-2fa4d01dec08,false,,missing_allocator
Windows.Win32.Devices.PortableDevices,IPortableDeviceServiceActivation,e56b0534-d9b9-425c-9b99-75f97cb3d7c8,true,standard_derived,
Windows.Win32.Devices.PortableDevices,IPortableDeviceServiceCapabilities,24dbd89d-413e-43e0-bd5b-197f3c56c886,true,standard_derived,
Windows.Win32.Devices.PortableDevices,IPortableDeviceServiceManager,a8abc4e9-a84a-47a9-80b3-c5d9b172a961,false,,missing_allocator
Windows.Win32.Devices.PortableDevices,IPortableDeviceServiceMethodCallback,c424233c-afce-4828-a756-7ed7a2350083,true,standard_derived,
Windows.Win32.Devices.PortableDevices,IPortableDeviceServiceMethods,e20333c9-fd34-412d-a381-cc6f2d820df7,false,,missing_interface_replacement_contract
Windows.Win32.Devices.PortableDevices,IPortableDeviceServiceOpenCallback,bced49c8-8efe-41ed-960b-61313abd47a9,true,standard_derived,
Windows.Win32.Devices.PortableDevices,IPortableDeviceUnitsStream,5e98025f-bfc4-47a2-9a5f-bc900a507c67,true,standard_derived,
Windows.Win32.Devices.PortableDevices,IPortableDeviceValues,6848f6f2-3155-4f86-b6f5-263eeeab3143,false,,missing_allocator
Windows.Win32.Devices.PortableDevices,IPortableDeviceValuesCollection,6e3f2d79-4e07-48c4-8208-d8c2e5af4a99,true,standard_derived,
Windows.Win32.Devices.PortableDevices,IPortableDeviceWebControl,94fc7953-5ca1-483a-8aee-df52e7747d00,true,standard_derived,
Windows.Win32.Devices.PortableDevices,IRadioInstance,70aa1c9e-f2b4-4c61-86d3-6b9fb75fd1a2,true,standard_derived,
Windows.Win32.Devices.PortableDevices,IRadioInstanceCollection,e5791fae-5665-4e0c-95be-5fde31644185,true,standard_derived,
Windows.Win32.Devices.PortableDevices,IWpdSerializer,b32f4002-bb27-45ff-af4f-06631c1e8dad,false,,missing_allocator
Windows.Win32.Devices.Sensors,ILocationPermissions,d5fb0a7f-e74e-44f5-8e02-4806863a274f,true,standard_derived,
Windows.Win32.Devices.Sensors,ISensor,5fa08f80-2657-458e-af75-46f73fa6ac5c,false,,missing_allocator
Windows.Win32.Devices.Sensors,ISensorCollection,23571e11-e545-4dd8-a337-b89bf44b10df,true,standard_derived,
Windows.Win32.Devices.Sensors,ISensorDataReport,0ab9df9b-c4b5-4796-8898-0470706a2e1d,true,standard_derived,
Windows.Win32.Devices.Sensors,ISensorEvents,5d8dcc91-4641-47e7-b7c3-b74f48a6c391,true,standard_derived,
Windows.Win32.Devices.Sensors,ISensorManager,bd77db67-45a8-42dc-8d00-6dcf15f8377a,true,standard_derived,
Windows.Win32.Devices.Sensors,ISensorManagerEvents,9b3b0b86-266a-4aad-b21f-fde5501001b7,true,standard_derived,
Windows.Win32.Devices.Tapi,IEnumACDGroup,5afc3157-4bcc-11d1-bf80-00805fc147d3,true,exact_registry_dependent,
Windows.Win32.Devices.Tapi,IEnumAddress,1666fca1-9363-11d0-835c-00aa003ccabd,false,,safe_projection_incomplete
Windows.Win32.Devices.Tapi,IEnumAgent,5afc314d-4bcc-11d1-bf80-00805fc147d3,true,exact_registry_dependent,
Windows.Win32.Devices.Tapi,IEnumAgentHandler,587e8c28-9802-11d1-a0a4-00805fc147d3,true,exact_registry_dependent,
Windows.Win32.Devices.Tapi,IEnumAgentSession,5afc314e-4bcc-11d1-bf80-00805fc147d3,true,exact_registry_dependent,
Windows.Win32.Devices.Tapi,IEnumBstr,35372049-0bc6-11d2-a033-00c04fb6809f,false,,safe_projection_incomplete
Windows.Win32.Devices.Tapi,IEnumCall,ae269cf6-935e-11d0-835c-00aa003ccabd,false,,safe_projection_incomplete
Windows.Win32.Devices.Tapi,IEnumCallHub,a3c15450-5b92-11d1-8f4e-00c04fb6809f,false,,safe_projection_incomplete
Windows.Win32.Devices.Tapi,IEnumCallingCard,0c4d8f02-8ddb-11d1-a09e-00805fc147d3,false,,safe_projection_incomplete
Windows.Win32.Devices.Tapi,IEnumDialableAddrs,34621d70-6cff-11d1-aff7-00c04fc31fee,false,,safe_projection_incomplete
Windows.Win32.Devices.Tapi,IEnumDirectory,34621d6d-6cff-11d1-aff7-00c04fc31fee,false,,safe_projection_incomplete
Windows.Win32.Devices.Tapi,IEnumDirectoryObject,06c9b64a-306d-11d1-9774-00c04fd91ac0,false,,safe_projection_incomplete
Windows.Win32.Devices.Tapi,IEnumLocation,0c4d8f01-8ddb-11d1-a09e-00805fc147d3,false,,safe_projection_incomplete
Windows.Win32.Devices.Tapi,IEnumMcastScope,df0daf09-a289-11d1-8697-006008b0e5d2,false,,safe_projection_incomplete
Windows.Win32.Devices.Tapi,IEnumPhone,f15b7669-4780-4595-8c89-fb369c8cf7aa,false,,safe_projection_incomplete
Windows.Win32.Devices.Tapi,IEnumPluggableSuperclassInfo,e9586a80-89e6-4cff-931d-478d5751f4c0,false,,safe_projection_incomplete
Windows.Win32.Devices.Tapi,IEnumPluggableTerminalClassInfo,4567450c-dbee-4e3f-aaf5-37bf9ebf5e29,false,,safe_projection_incomplete
Windows.Win32.Devices.Tapi,IEnumQueue,5afc3158-4bcc-11d1-bf80-00805fc147d3,true,exact_registry_dependent,
Windows.Win32.Devices.Tapi,IEnumStream,ee3bd606-3868-11d2-a045-00c04fb6809f,false,,safe_projection_incomplete
Windows.Win32.Devices.Tapi,IEnumSubStream,ee3bd609-3868-11d2-a045-00c04fb6809f,false,,safe_projection_incomplete
Windows.Win32.Devices.Tapi,IEnumTerminal,ae269cf4-935e-11d0-835c-00aa003ccabd,false,,safe_projection_incomplete
Windows.Win32.Devices.Tapi,IEnumTerminalClass,ae269cf5-935e-11d0-835c-00aa003ccabd,false,,safe_projection_incomplete
Windows.Win32.Devices.Tapi,IMcastAddressAllocation,df0daef1-a289-11d1-8697-006008b0e5d2,true,standard_derived,
Windows.Win32.Devices.Tapi,IMcastLeaseInfo,df0daefd-a289-11d1-8697-006008b0e5d2,true,standard_derived,
Windows.Win32.Devices.Tapi,IMcastScope,df0daef4-a289-11d1-8697-006008b0e5d2,true,standard_derived,
Windows.Win32.Devices.Tapi,ITACDGroup,5afc3148-4bcc-11d1-bf80-00805fc147d3,true,standard_derived,
Windows.Win32.Devices.Tapi,ITACDGroupEvent,297f3032-bd11-11d1-a0a7-00805fc147d3,true,standard_derived,
Windows.Win32.Devices.Tapi,ITAMMediaFormat,0364eb00-4a77-11d1-a671-006097c9a2e8,false,,external_pointee_storage
Windows.Win32.Devices.Tapi,ITASRTerminalEvent,ee016a02-4fa9-467c-933f-5a15b12377d7,true,standard_derived,
Windows.Win32.Devices.Tapi,ITAddress,b1efc386-9355-11d0-835c-00aa003ccabd,true,standard_derived,
Windows.Win32.Devices.Tapi,ITAddress2,b0ae5d9b-be51-46c9-b0f7-dfa8a22a8bc4,true,standard_derived,
Windows.Win32.Devices.Tapi,ITAddressCapabilities,8df232f5-821b-11d1-bb5c-00c04fb6809f,true,standard_derived,
Windows.Win32.Devices.Tapi,ITAddressDeviceSpecificEvent,3acb216b-40bd-487a-8672-5ce77bd7e3a3,true,standard_derived,
Windows.Win32.Devices.Tapi,ITAddressEvent,831ce2d1-83b5-11d1-bb5c-00c04fb6809f,true,standard_derived,
Windows.Win32.Devices.Tapi,ITAddressTranslation,0c4d8f03-8ddb-11d1-a09e-00805fc147d3,true,standard_derived,
Windows.Win32.Devices.Tapi,ITAddressTranslationInfo,afc15945-8d40-11d1-a09e-00805fc147d3,true,standard_derived,
Windows.Win32.Devices.Tapi,ITAgent,5770ece5-4b27-11d1-bf80-00805fc147d3,false,,incomplete_pointee_layout_for_storage
Windows.Win32.Devices.Tapi,ITAgentEvent,5afc314a-4bcc-11d1-bf80-00805fc147d3,true,standard_derived,
Windows.Win32.Devices.Tapi,ITAgentHandler,587e8c22-9802-11d1-a0a4-00805fc147d3,true,standard_derived,
Windows.Win32.Devices.Tapi,ITAgentHandlerEvent,297f3034-bd11-11d1-a0a7-00805fc147d3,true,standard_derived,
Windows.Win32.Devices.Tapi,ITAgentSession,5afc3147-4bcc-11d1-bf80-00805fc147d3,false,,incomplete_pointee_layout_for_storage
Windows.Win32.Devices.Tapi,ITAgentSessionEvent,5afc314b-4bcc-11d1-bf80-00805fc147d3,true,standard_derived,
Windows.Win32.Devices.Tapi,ITAllocatorProperties,c1bc3c90-bcfe-11d1-9745-00c04fd91ac0,true,standard_derived,
Windows.Win32.Devices.Tapi,ITAutomatedPhoneControl,1ee1af0e-6159-4a61-b79b-6a4ba3fc9dfc,true,standard_derived,
Windows.Win32.Devices.Tapi,ITBasicAudioTerminal,b1efc38d-9355-11d0-835c-00aa003ccabd,true,standard_derived,
Windows.Win32.Devices.Tapi,ITBasicCallControl,b1efc389-9355-11d0-835c-00aa003ccabd,true,standard_derived,
Windows.Win32.Devices.Tapi,ITBasicCallControl2,161a4a56-1e99-4b3f-a46a-168f38a5ee4c,true,standard_derived,
Windows.Win32.Devices.Tapi,ITCallHub,a3c1544e-5b92-11d1-8f4e-00c04fb6809f,true,standard_derived,
Windows.Win32.Devices.Tapi,ITCallHubEvent,a3c15451-5b92-11d1-8f4e-00c04fb6809f,true,standard_derived,
Windows.Win32.Devices.Tapi,ITCallInfo,350f85d1-1227-11d3-83d4-00c04fb6809f,false,,missing_allocator
Windows.Win32.Devices.Tapi,ITCallInfo2,94d70ca6-7ab0-4daa-81ca-b8f8643faec1,false,,missing_allocator
Windows.Win32.Devices.Tapi,ITCallInfoChangeEvent,5d4b65f9-e51c-11d1-a02f-00c04fb6809f,true,standard_derived,
Windows.Win32.Devices.Tapi,ITCallMediaEvent,ff36b87f-ec3a-11d0-8ee4-00c04fb6809f,true,standard_derived,
Windows.Win32.Devices.Tapi,ITCallNotificationEvent,895801df-3dd6-11d1-8f30-00c04fb6809f,true,standard_derived,
Windows.Win32.Devices.Tapi,ITCallStateEvent,62f47097-95c9-11d0-835d-00aa003ccabd,true,standard_derived,
Windows.Win32.Devices.Tapi,ITCallingCard,0c4d8f00-8ddb-11d1-a09e-00805fc147d3,true,standard_derived,
Windows.Win32.Devices.Tapi,ITCollection,5ec5acf2-9c02-11d0-8362-00aa003ccabd,true,standard_derived,
Windows.Win32.Devices.Tapi,ITCollection2,e6dddda5-a6d3-48ff-8737-d32fc4d95477,true,standard_derived,
Windows.Win32.Devices.Tapi,ITCustomTone,357ad764-b3c6-4b2a-8fa5-0722827a9254,true,standard_derived,
Windows.Win32.Devices.Tapi,ITDetectTone,961f79bd-3097-49df-a1d6-909b77e89ca0,true,standard_derived,
Windows.Win32.Devices.Tapi,ITDigitDetectionEvent,80d3bfac-57d9-11d2-a04a-00c04fb6809f,true,standard_derived,
Windows.Win32.Devices.Tapi,ITDigitGenerationEvent,80d3bfad-57d9-11d2-a04a-00c04fb6809f,true,standard_derived,
Windows.Win32.Devices.Tapi,ITDigitsGatheredEvent,e52ec4c1-cba3-441a-9e6a-93cb909e9724,true,standard_derived,
Windows.Win32.Devices.Tapi,ITDirectory,34621d6c-6cff-11d1-aff7-00c04fc31fee,true,standard_derived,
Windows.Win32.Devices.Tapi,ITDirectoryObject,34621d6e-6cff-11d1-aff7-00c04fc31fee,true,standard_derived,
Windows.Win32.Devices.Tapi,ITDirectoryObjectConference,f1029e5d-cb5b-11d0-8d59-00c04fd91ac0,true,standard_derived,
Windows.Win32.Devices.Tapi,ITDirectoryObjectUser,34621d6f-6cff-11d1-aff7-00c04fc31fee,true,standard_derived,
Windows.Win32.Devices.Tapi,ITDispatchMapper,e9225295-c759-11d1-a02b-00c04fb6809f,true,standard_derived,
Windows.Win32.Devices.Tapi,ITFileTerminalEvent,e4a7fbac-8c17-4427-9f55-9f589ac8af00,true,standard_derived,
Windows.Win32.Devices.Tapi,ITFileTrack,31ca6ea9-c08a-4bea-8811-8e9c1ba3ea3a,false,,external_pointee_storage
Windows.Win32.Devices.Tapi,ITForwardInformation,449f659e-88a3-11d1-bb5d-00c04fb6809f,true,standard_derived,
Windows.Win32.Devices.Tapi,ITForwardInformation2,5229b4ed-b260-4382-8e1a-5df3a8a4ccc0,true,standard_derived,
Windows.Win32.Devices.Tapi,ITILSConfig,34621d72-6cff-11d1-aff7-00c04fc31fee,true,standard_derived,
Windows.Win32.Devices.Tapi,ITLegacyAddressMediaControl,ab493640-4c0b-11d2-a046-00c04fb6809f,false,,missing_allocator
Windows.Win32.Devices.Tapi,ITLegacyAddressMediaControl2,b0ee512b-a531-409e-9dd9-4099fe86c738,false,,missing_allocator
Windows.Win32.Devices.Tapi,ITLegacyCallMediaControl,d624582f-cc23-4436-b8a5-47c625c8045d,false,,missing_allocator
Windows.Win32.Devices.Tapi,ITLegacyCallMediaControl2,57ca332d-7bc2-44f1-a60c-936fe8d7ce73,false,,missing_allocator
Windows.Win32.Devices.Tapi,ITLegacyWaveSupport,207823ea-e252-11d2-b77e-0080c7135381,true,standard_derived,
Windows.Win32.Devices.Tapi,ITLocationInfo,0c4d8eff-8ddb-11d1-a09e-00805fc147d3,true,standard_derived,
Windows.Win32.Devices.Tapi,ITMSPAddress,ee3bd600-3868-11d2-a045-00c04fb6809f,false,,safe_projection_incomplete
Windows.Win32.Devices.Tapi,ITMediaControl,c445dde8-5199-4bc7-9807-5ffb92e42e09,true,standard_derived,
Windows.Win32.Devices.Tapi,ITMediaPlayback,627e8ae6-ae4c-4a69-bb63-2ad625404b77,true,standard_derived,
Windows.Win32.Devices.Tapi,ITMediaRecord,f5dd4592-5476-4cc1-9d4d-fad3eefe7db2,true,standard_derived,
Windows.Win32.Devices.Tapi,ITMediaSupport,b1efc384-9355-11d0-835c-00aa003ccabd,true,standard_derived,
Windows.Win32.Devices.Tapi,ITMultiTrackTerminal,fe040091-ade8-4072-95c9-bf7de8c54b44,true,standard_derived,
Windows.Win32.Devices.Tapi,ITPhone,09d48db4-10cc-4388-9de7-a8465618975a,false,,missing_allocator
Windows.Win32.Devices.Tapi,ITPhoneDeviceSpecificEvent,63ffb2a6-872b-4cd3-a501-326e8fb40af7,true,standard_derived,
Windows.Win32.Devices.Tapi,ITPhoneEvent,8f942dd8-64ed-4aaf-a77d-b23db0837ead,true,standard_derived,
Windows.Win32.Devices.Tapi,ITPluggableTerminalClassInfo,41757f4a-cf09-4b34-bc96-0a79d2390076,true,standard_derived,
Windows.Win32.Devices.Tapi,ITPluggableTerminalEventSink,6e0887be-ba1a-492e-bd10-4020ec5e33e0,false,,external_pointee_storage
Windows.Win32.Devices.Tapi,ITPluggableTerminalEventSinkRegistration,f7115709-a216-4957-a759-060ab32a90d1,true,standard_derived,
Windows.Win32.Devices.Tapi,ITPluggableTerminalSuperclassInfo,6d54e42c-4625-4359-a6f7-631999107e05,true,standard_derived,
Windows.Win32.Devices.Tapi,ITPrivateEvent,0e269cd0-10d4-4121-9c22-9c85d625650d,true,standard_derived,
Windows.Win32.Devices.Tapi,ITQOSEvent,cfa3357c-ad77-11d1-bb68-00c04fb6809f,true,standard_derived,
Windows.Win32.Devices.Tapi,ITQueue,5afc3149-4bcc-11d1-bf80-00805fc147d3,true,standard_derived,
Windows.Win32.Devices.Tapi,ITQueueEvent,297f3033-bd11-11d1-a0a7-00805fc147d3,true,standard_derived,
Windows.Win32.Devices.Tapi,ITRendezvous,34621d6b-6cff-11d1-aff7-00c04fc31fee,true,standard_derived,
Windows.Win32.Devices.Tapi,ITRequest,ac48ffdf-f8c4-11d1-a030-00c04fb6809f,true,standard_derived,
Windows.Win32.Devices.Tapi,ITRequestEvent,ac48ffde-f8c4-11d1-a030-00c04fb6809f,true,standard_derived,
Windows.Win32.Devices.Tapi,ITScriptableAudioFormat,b87658bd-3c59-4f64-be74-aede3e86a81e,true,standard_derived,
Windows.Win32.Devices.Tapi,ITStaticAudioTerminal,a86b7871-d14c-48e6-922e-a8d15f984800,true,standard_derived,
Windows.Win32.Devices.Tapi,ITStream,ee3bd605-3868-11d2-a045-00c04fb6809f,true,standard_derived,
Windows.Win32.Devices.Tapi,ITStreamControl,ee3bd604-3868-11d2-a045-00c04fb6809f,true,standard_derived,
Windows.Win32.Devices.Tapi,ITSubStream,ee3bd608-3868-11d2-a045-00c04fb6809f,true,standard_derived,
Windows.Win32.Devices.Tapi,ITSubStreamControl,ee3bd607-3868-11d2-a045-00c04fb6809f,true,standard_derived,
Windows.Win32.Devices.Tapi,ITTAPI,b1efc382-9355-11d0-835c-00aa003ccabd,true,standard_derived,
Windows.Win32.Devices.Tapi,ITTAPI2,54fbdc8c-d90f-4dad-9695-b373097f094b,true,standard_derived,
Windows.Win32.Devices.Tapi,ITTAPICallCenter,5afc3154-4bcc-11d1-bf80-00805fc147d3,true,standard_derived,
Windows.Win32.Devices.Tapi,ITTAPIDispatchEventNotification,9f34325b-7e62-11d2-9457-00c04f8ec888,true,standard_derived,
Windows.Win32.Devices.Tapi,ITTAPIEventNotification,eddb9426-3b91-11d1-8f30-00c04fb6809f,true,standard_derived,
Windows.Win32.Devices.Tapi,ITTAPIObjectEvent,f4854d48-937a-11d1-bb58-00c04fb6809f,true,standard_derived,
Windows.Win32.Devices.Tapi,ITTAPIObjectEvent2,359dda6e-68ce-4383-bf0b-169133c41b46,true,standard_derived,
Windows.Win32.Devices.Tapi,ITTTSTerminalEvent,d964788f-95a5-461d-ab0c-b9900a6c2713,true,standard_derived,
Windows.Win32.Devices.Tapi,ITTerminal,b1efc38a-9355-11d0-835c-00aa003ccabd,true,standard_derived,
Windows.Win32.Devices.Tapi,ITTerminalSupport,b1efc385-9355-11d0-835c-00aa003ccabd,true,standard_derived,
Windows.Win32.Devices.Tapi,ITTerminalSupport2,f3eb39bc-1b1f-4e99-a0c0-56305c4dd591,true,standard_derived,
Windows.Win32.Devices.Tapi,ITToneDetectionEvent,407e0faf-d047-4753-b0c6-8e060373fecd,true,standard_derived,
Windows.Win32.Devices.Tapi,ITToneTerminalEvent,e6f56009-611f-4945-bbd2-2d0ce5612056,true,standard_derived,
Windows.Win32.Devices.Tapi,ITnef,,false,,incomplete_pointee_layout_for_storage
Windows.Win32.Devices.WebServicesOnDevices,IWSDAddress,b9574c6c-12a6-4f74-93a1-3318ff605759,true,standard_derived,
Windows.Win32.Devices.WebServicesOnDevices,IWSDAsyncCallback,a63e109d-ce72-49e2-ba98-e845f5ee1666,true,standard_derived,
Windows.Win32.Devices.WebServicesOnDevices,IWSDAsyncResult,11a9852a-8dd8-423e-b537-9356db4fbfb8,false,,incomplete_pointee_layout_for_storage
Windows.Win32.Devices.WebServicesOnDevices,IWSDAttachment,5d55a616-9df8-4b09-b156-9ba351a48b76,true,standard_derived,
Windows.Win32.Devices.WebServicesOnDevices,IWSDDeviceHost,917fe891-3d13-4138-9809-934c8abeb12c,false,,external_pointee_storage
Windows.Win32.Devices.WebServicesOnDevices,IWSDDeviceHostNotify,b5bee9f9-eeda-41fe-96f7-f45e14990fb0,true,standard_derived,
Windows.Win32.Devices.WebServicesOnDevices,IWSDDeviceProxy,eee0c031-c578-4c0e-9a3b-973c35f409db,false,,external_pointee_storage
Windows.Win32.Devices.WebServicesOnDevices,IWSDEndpointProxy,1860d430-b24c-4975-9f90-dbb39baa24ec,false,,external_pointee_storage
Windows.Win32.Devices.WebServicesOnDevices,IWSDEventingStatus,49b17f52-637a-407a-ae99-fbe82a4d38c0,true,standard_derived,
Windows.Win32.Devices.WebServicesOnDevices,IWSDHttpAddress,d09ac7bd-2a3e-4b85-8605-2737ff3e4ea0,false,,missing_allocator
Windows.Win32.Devices.WebServicesOnDevices,IWSDHttpAuthParameters,0b476df0-8dac-480d-b05c-99781a5884aa,false,,missing_handle_ownership
Windows.Win32.Devices.WebServicesOnDevices,IWSDHttpMessageParameters,540bd122-5c83-4dec-b396-ea62a2697fdf,false,,missing_allocator
Windows.Win32.Devices.WebServicesOnDevices,IWSDInboundAttachment,5bd6ca65-233c-4fb8-9f7a-2641619655c9,true,standard_derived,
Windows.Win32.Devices.WebServicesOnDevices,IWSDMessageParameters,1fafe8a2-e6fc-4b80-b6cf-b7d45c416d7c,true,standard_derived,
Windows.Win32.Devices.WebServicesOnDevices,IWSDMetadataExchange,06996d57-1d67-4928-9307-3d7833fdb846,false,,external_pointee_storage
Windows.Win32.Devices.WebServicesOnDevices,IWSDOutboundAttachment,aa302f8d-5a22-4ba5-b392-aa8486f4c15d,true,standard_derived,
Windows.Win32.Devices.WebServicesOnDevices,IWSDSSLClientCertificate,de105e87-a0da-418e-98ad-27b9eed87bdc,false,,missing_allocator
Windows.Win32.Devices.WebServicesOnDevices,IWSDScopeMatchingRule,fcafe424-fef5-481a-bd9f-33ce0574256f,false,,missing_allocator
Windows.Win32.Devices.WebServicesOnDevices,IWSDServiceMessaging,94974cf4-0cab-460d-a3f6-7a0ad623c0e6,false,,external_pointee_storage
Windows.Win32.Devices.WebServicesOnDevices,IWSDServiceProxy,d4c7fb9c-03ab-4175-9d67-094fafebf487,false,,external_pointee_storage
Windows.Win32.Devices.WebServicesOnDevices,IWSDServiceProxyEventing,f9279d6d-1012-4a94-b8cc-fd35d2202bfe,false,,external_pointee_storage
Windows.Win32.Devices.WebServicesOnDevices,IWSDSignatureProperty,03ce20aa-71c4-45e2-b32e-3766c61c790f,true,standard_derived,
Windows.Win32.Devices.WebServicesOnDevices,IWSDTransportAddress,70d23498-4ee6-4340-a3df-d845d2235467,false,,missing_allocator
Windows.Win32.Devices.WebServicesOnDevices,IWSDUdpAddress,74d6124a-a441-4f78-a1eb-97a8d1996893,false,,missing_allocator
Windows.Win32.Devices.WebServicesOnDevices,IWSDUdpMessageParameters,9934149f-8f0c-447b-aa0b-73124b0ca7f0,true,standard_derived,
Windows.Win32.Devices.WebServicesOnDevices,IWSDXMLContext,75d8f3ee-3e5a-43b4-a15a-bcf6887460c0,false,,external_pointee_storage
Windows.Win32.Devices.WebServicesOnDevices,IWSDiscoveredService,4bad8a3b-b374-4420-9632-aac945b374aa,false,,external_pointee_storage
Windows.Win32.Devices.WebServicesOnDevices,IWSDiscoveryProvider,8ffc8e55-f0eb-480f-88b7-b435dd281d45,false,,external_pointee_storage
Windows.Win32.Devices.WebServicesOnDevices,IWSDiscoveryProviderNotify,73ee3ced-b6e6-4329-a546-3e8ad46563d2,true,standard_derived,
Windows.Win32.Devices.WebServicesOnDevices,IWSDiscoveryPublisher,ae01e1a8-3ff9-4148-8116-057cc616fe13,false,,external_pointee_storage
Windows.Win32.Devices.WebServicesOnDevices,IWSDiscoveryPublisherNotify,e67651b0-337a-4b3c-9758-733388568251,false,,nested_pointer_lifetime
Windows.Win32.Gaming,IGameExplorer,e7b2fb72-d728-49b3-a5f2-18ebf5f1349e,false,,safe_projection_incomplete
Windows.Win32.Gaming,IGameExplorer2,86874aa7-a1ed-450d-a7eb-b89e20b2fff3,true,standard_derived,
Windows.Win32.Gaming,IGameStatistics,3887c9ca-04a0-42ae-bc4c-5fa6c7721145,false,,missing_allocator
Windows.Win32.Gaming,IGameStatisticsMgr,aff3ea11-e70e-407d-95dd-35e612c41ce2,true,standard_derived,
Windows.Win32.Gaming,IXblIdpAuthManager,eb5ddb08-8bbf-449b-ac21-b02ddeb3b136,false,,missing_allocator
Windows.Win32.Gaming,IXblIdpAuthManager2,bf8c0950-8389-43dd-9a76-a19728ec5dc5,true,standard_derived,
Windows.Win32.Gaming,IXblIdpAuthTokenResult,46ce0225-f267-4d68-b299-b2762552dec1,false,,missing_allocator
Windows.Win32.Gaming,IXblIdpAuthTokenResult2,75d760b0-60b9-412d-994f-26b2cd5f7812,false,,missing_allocator
Windows.Win32.Globalization,IComprehensiveSpellCheckProvider,0c58f8de-8e94-479e-9717-70c42c4ad2c3,true,standard_derived,
Windows.Win32.Globalization,IEnumCodePage,275c23e3-3747-11d0-9fea-00aa003f8646,true,standard_derived,
Windows.Win32.Globalization,IEnumRfc1766,3dc39d1d-c030-11d0-b81b-00c04fc9b31f,true,standard_derived,
Windows.Win32.Globalization,IEnumScript,ae5f1430-388b-11d2-8380-00c04f8f5da1,true,standard_derived,
Windows.Win32.Globalization,IEnumSpellingError,803e3bd4-2828-4410-8290-418d1d73c762,false,,safe_projection_incomplete
Windows.Win32.Globalization,IMLangCodePages,359f3443-bd4a-11d0-b188-00aa0038c969,true,standard_derived,
Windows.Win32.Globalization,IMLangConvertCharset,d66d6f98-cdaa-11d0-b822-00c04fc9b31f,false,,safe_projection_incomplete
Windows.Win32.Globalization,IMLangFontLink,359f3441-bd4a-11d0-b188-00aa0038c969,false,,missing_handle_ownership
Windows.Win32.Globalization,IMLangFontLink2,dccfc162-2b38-11d2-b7ec-00c04f8f5d9a,false,,missing_handle_ownership
Windows.Win32.Globalization,IMLangLineBreakConsole,f5be2ee1-bfd7-11d0-b188-00aa0038c969,true,standard_derived,
Windows.Win32.Globalization,IMLangString,c04d65ce-b70d-11d0-b188-00aa0038c969,true,standard_derived,
Windows.Win32.Globalization,IMLangStringAStr,c04d65d2-b70d-11d0-b188-00aa0038c969,false,,missing_allocator
Windows.Win32.Globalization,IMLangStringBufA,d24acd23-ba72-11d0-b188-00aa0038c969,false,,missing_allocator
Windows.Win32.Globalization,IMLangStringBufW,d24acd21-ba72-11d0-b188-00aa0038c969,false,,missing_allocator
Windows.Win32.Globalization,IMLangStringWStr,c04d65d0-b70d-11d0-b188-00aa0038c969,false,,missing_allocator
Windows.Win32.Globalization,IMultiLanguage,275c23e1-3747-11d0-9fea-00aa003f8646,false,,safe_projection_incomplete
Windows.Win32.Globalization,IMultiLanguage2,dccfc164-2b38-11d2-b7ec-00c04f8f5d9a,false,,safe_projection_incomplete
Windows.Win32.Globalization,IMultiLanguage3,4e5868ab-b157-4623-9acc-6a1d9caebe04,false,,safe_projection_incomplete
Windows.Win32.Globalization,IOptionDescription,432e5f85-35cf-4606-a801-6f70277e1d7a,false,,missing_allocator
Windows.Win32.Globalization,ISpellCheckProvider,73e976e0-8ed4-4eb1-80d7-1be0a16b0c38,false,,missing_allocator
Windows.Win32.Globalization,ISpellCheckProviderFactory,9f671e11-77d6-4c92-aefb-615215e3a4be,true,standard_derived,
Windows.Win32.Globalization,ISpellChecker,b6fd0b71-e2bc-4653-8d05-f197e412770b,false,,missing_allocator
Windows.Win32.Globalization,ISpellChecker2,e7ed1c71-87f7-4378-a840-c9200dacee47,false,,missing_allocator
Windows.Win32.Globalization,ISpellCheckerChangedEventHandler,0b83a5b0-792f-4eab-9799-acf52c5ed08a,true,standard_derived,
Windows.Win32.Globalization,ISpellCheckerFactory,8e018a9d-2415-4677-bf08-794ea61f94bb,true,standard_derived,
Windows.Win32.Globalization,ISpellingError,b7c82d61-fbe8-4b47-9b27-6c0d2e0de0a3,true,standard_derived,
Windows.Win32.Globalization,IUserDictionariesRegistrar,aa176b85-0e12-4844-8e1a-eef1da77f586,true,standard_derived,
Windows.Win32.Graphics.CompositionSwapchain,ICompositionFramePresentStatistics,ab41d127-c101-4c0a-911d-f9f2e9d08e64,false,,missing_allocator
Windows.Win32.Graphics.CompositionSwapchain,IIndependentFlipFramePresentStatistics,8c93be27-ad94-4da0-8fd4-2413132d124e,false,,safe_projection_incomplete
Windows.Win32.Graphics.CompositionSwapchain,IPresentStatistics,b44b8bda-7282-495d-9dd7-ceadd8b4bb86,true,standard_derived,
Windows.Win32.Graphics.CompositionSwapchain,IPresentStatusPresentStatistics,c9ed2a41-79cb-435e-964e-c8553055420c,true,standard_derived,
Windows.Win32.Graphics.CompositionSwapchain,IPresentationBuffer,2e217d3a-5abb-4138-9a13-a775593c89ca,false,,missing_handle_ownership
Windows.Win32.Graphics.CompositionSwapchain,IPresentationContent,5668bb79-3d8e-415c-b215-f38020f2d252,true,standard_derived,
Windows.Win32.Graphics.CompositionSwapchain,IPresentationFactory,8fb37b58-1d74-4f64-a49c-1f97a80a2ec0,true,standard_derived,
Windows.Win32.Graphics.CompositionSwapchain,IPresentationFactory_SupportHdrAware,2bd0b885-a16f-4bd9-a59a-d073e069d416,true,standard_derived,
Windows.Win32.Graphics.CompositionSwapchain,IPresentationManager,fb562f82-6292-470a-88b1-843661e7f20c,false,,missing_allocator
Windows.Win32.Graphics.CompositionSwapchain,IPresentationSurface,956710fb-ea40-4eba-a3eb-4375a0eb4edc,true,standard_derived,
Windows.Win32.Graphics.CompositionSwapchain,IPresentationSurface2,95609569-c5f0-47f9-8804-5345f2e2767e,true,standard_derived,
Windows.Win32.Graphics.DXCore,IDXCoreAdapter,f0db4c7f-fe5a-42a2-bd62-f2a6cf6fc83e,false,,external_pointee_storage
Windows.Win32.Graphics.DXCore,IDXCoreAdapter1,a0783366-cfa3-43be-9d79-55b2da97c63c,false,,external_pointee_storage
Windows.Win32.Graphics.DXCore,IDXCoreAdapterFactory,78ee5945-c36e-4b13-a669-005dd11c0f06,false,,external_pointee_storage
Windows.Win32.Graphics.DXCore,IDXCoreAdapterFactory1,d5682e19-6d21-401c-827a-9a51a4ea35d7,false,,external_pointee_storage
Windows.Win32.Graphics.DXCore,IDXCoreAdapterList,526c7776-40e9-459b-b711-f32ad76dfc28,true,standard_derived,
Windows.Win32.Graphics.Direct2D.Common,ID2D1SimplifiedGeometrySink,2cd9069e-12e2-11dc-9fed-001143a055f9,true,standard_derived,
Windows.Win32.Graphics.Direct2D,ID2D1AnalysisTransform,0359dc30-95e6-4568-9055-27720d130e93,true,standard_derived,
Windows.Win32.Graphics.Direct2D,ID2D1Bitmap,a2296057-ea42-4099-983b-539fb6505426,false,,external_pointee_storage
Windows.Win32.Graphics.Direct2D,ID2D1Bitmap1,a898a84c-3873-4588-b08b-ebbf978df041,false,,external_pointee_storage
Windows.Win32.Graphics.Direct2D,ID2D1BitmapBrush,2cd906aa-12e2-11dc-9fed-001143a055f9,false,,incomplete_pointee_layout_for_storage
Windows.Win32.Graphics.Direct2D,ID2D1BitmapBrush1,41343a53-e41a-49a2-91cd-21793bbb62e5,false,,incomplete_pointee_layout_for_storage
Windows.Win32.Graphics.Direct2D,ID2D1BitmapRenderTarget,2cd90695-12e2-11dc-9fed-001143a055f9,false,,incomplete_pointee_layout_for_storage
Windows.Win32.Graphics.Direct2D,ID2D1BlendTransform,63ac0b32-ba44-450f-8806-7f4ca1ff2f1b,true,standard_derived,
Windows.Win32.Graphics.Direct2D,ID2D1BorderTransform,4998735c-3a19-473c-9781-656847e3a347,true,standard_derived,
Windows.Win32.Graphics.Direct2D,ID2D1BoundsAdjustmentTransform,90f732e2-5092-4606-a819-8651970baccd,true,standard_derived,
Windows.Win32.Graphics.Direct2D,ID2D1Brush,2cd906a8-12e2-11dc-9fed-001143a055f9,false,,incomplete_pointee_layout_for_storage
Windows.Win32.Graphics.Direct2D,ID2D1ColorContext,1c4820bb-5771-4518-a581-2fe4dd0ec657,true,standard_derived,
Windows.Win32.Graphics.Direct2D,ID2D1ColorContext1,1ab42875-c57f-4be9-bd85-9cd78d6f55ee,true,standard_derived,
Windows.Win32.Graphics.Direct2D,ID2D1CommandList,b4f34a19-2383-4d76-94f6-ec343657c3dc,true,standard_derived,
Windows.Win32.Graphics.Direct2D,ID2D1CommandSink,54d7898a-a061-40a7-bec7-e465bcba2c4f,false,,external_pointee_storage
Windows.Win32.Graphics.Direct2D,ID2D1CommandSink1,9eb767fd-4269-4467-b8c2-eb30cb305743,false,,external_pointee_storage
Windows.Win32.Graphics.Direct2D,ID2D1CommandSink2,3bab440e-417e-47df-a2e2-bc0be6a00916,false,,external_pointee_storage
Windows.Win32.Graphics.Direct2D,ID2D1CommandSink3,18079135-4cf3-4868-bc8e-06067e6d242d,false,,external_pointee_storage
Windows.Win32.Graphics.Direct2D,ID2D1CommandSink4,c78a6519-40d6-4218-b2de-beeeb744bb3e,false,,external_pointee_storage
Windows.Win32.Graphics.Direct2D,ID2D1CommandSink5,7047dd26-b1e7-44a7-959a-8349e2144fa8,false,,external_pointee_storage
Windows.Win32.Graphics.Direct2D,ID2D1ComputeInfo,5598b14b-9fd7-48b7-9bdb-8f0964eb38bc,true,standard_derived,
Windows.Win32.Graphics.Direct2D,ID2D1ComputeTransform,0d85573c-01e3-4f7d-bfd9-0d60608bf3c3,false,,safe_projection_incomplete
Windows.Win32.Graphics.Direct2D,ID2D1ConcreteTransform,1a799d8a-69f7-4e4c-9fed-437ccc6684cc,true,standard_derived,
Windows.Win32.Graphics.Direct2D,ID2D1DCRenderTarget,1c51bc64-de61-46fd-9899-63a5d8f03950,false,,incomplete_pointee_layout_for_storage
Windows.Win32.Graphics.Direct2D,ID2D1Device,47dd575d-ac05-4cdd-8049-9b02cd16f44c,true,standard_derived,
Windows.Win32.Graphics.Direct2D,ID2D1Device1,d21768e1-23a4-4823-a14b-7c3eba85d658,false,,safe_projection_incomplete
Windows.Win32.Graphics.Direct2D,ID2D1Device2,a44472e1-8dfb-4e60-8492-6e2861c9ca8b,false,,safe_projection_incomplete
Windows.Win32.Graphics.Direct2D,ID2D1Device3,852f2087-802c-4037-ab60-ff2e7ee6fc01,false,,safe_projection_incomplete
Windows.Win32.Graphics.Direct2D,ID2D1Device4,d7bdb159-5683-4a46-bc9c-72dc720b858b,false,,safe_projection_incomplete
Windows.Win32.Graphics.Direct2D,ID2D1Device5,d55ba0a4-6405-4694-aef5-08ee1a4358b4,false,,safe_projection_incomplete
Windows.Win32.Graphics.Direct2D,ID2D1Device6,7bfef914-2d75-4bad-be87-e18ddb077b6d,false,,safe_projection_incomplete
Windows.Win32.Graphics.Direct2D,ID2D1Device7,f07c8968-dd4e-4ba6-9cbd-eb6d3752dcbb,false,,safe_projection_incomplete
Windows.Win32.Graphics.Direct2D,ID2D1DeviceContext,e8f7fe7a-191c-466d-ad95-975678bda998,false,,incomplete_pointee_layout_for_storage
Windows.Win32.Graphics.Direct2D,ID2D1DeviceContext1,d37f57e4-6908-459f-a199-e72f24f79987,false,,incomplete_pointee_layout_for_storage
Windows.Win32.Graphics.Direct2D,ID2D1DeviceContext2,394ea6a3-0c34-4321-950b-6ca20f0be6c7,false,,incomplete_pointee_layout_for_storage
Windows.Win32.Graphics.Direct2D,ID2D1DeviceContext3,235a7496-8351-414c-bcd4-6672ab2d8e00,false,,incomplete_pointee_layout_for_storage
Windows.Win32.Graphics.Direct2D,ID2D1DeviceContext4,8c427831-3d90-4476-b647-c4fae349e4db,false,,incomplete_pointee_layout_for_storage
Windows.Win32.Graphics.Direct2D,ID2D1DeviceContext5,7836d248-68cc-4df6-b9e8-de991bf62eb7,false,,incomplete_pointee_layout_for_storage
Windows.Win32.Graphics.Direct2D,ID2D1DeviceContext6,985f7e37-4ed0-4a19-98a3-15b0edfde306,false,,incomplete_pointee_layout_for_storage
Windows.Win32.Graphics.Direct2D,ID2D1DeviceContext7,ec891cf7-9b69-4851-9def-4e0915771e62,false,,incomplete_pointee_layout_for_storage
Windows.Win32.Graphics.Direct2D,ID2D1DrawInfo,693ce632-7f2f-45de-93fe-18d88b37aa21,true,standard_derived,
Windows.Win32.Graphics.Direct2D,ID2D1DrawTransform,36bfdcb6-9739-435d-a30d-a653beff6a6f,false,,safe_projection_incomplete
Windows.Win32.Graphics.Direct2D,ID2D1DrawingStateBlock,28506e39-ebf6-46a1-bb47-fd85565ab957,false,,incomplete_pointee_layout_for_storage
Windows.Win32.Graphics.Direct2D,ID2D1DrawingStateBlock1,689f1f85-c72e-4e33-8f19-85754efd5ace,false,,incomplete_pointee_layout_for_storage
Windows.Win32.Graphics.Direct2D,ID2D1Effect,28211a43-7d89-476f-8181-2d6159b220ad,true,standard_derived,
Windows.Win32.Graphics.Direct2D,ID2D1EffectContext,3d9f916b-27dc-4ad7-b4f1-64945340f563,false,,external_pointee_storage
Windows.Win32.Graphics.Direct2D,ID2D1EffectContext1,84ab595a-fc81-4546-bacd-e8ef4d8abe7a,false,,external_pointee_storage
Windows.Win32.Graphics.Direct2D,ID2D1EffectContext2,577ad2a0-9fc7-4dda-8b18-dab810140052,false,,external_pointee_storage
Windows.Win32.Graphics.Direct2D,ID2D1EffectImpl,a248fd3f-3e6c-4e63-9f03-7f68ecc91db9,true,standard_derived,
Windows.Win32.Graphics.Direct2D,ID2D1EllipseGeometry,2cd906a4-12e2-11dc-9fed-001143a055f9,false,,external_pointee_storage
Windows.Win32.Graphics.Direct2D,ID2D1Factory,06152247-6f50-465a-9245-118bfd3b6007,false,,external_pointee_storage
Windows.Win32.Graphics.Direct2D,ID2D1Factory1,bb12d362-daee-4b9a-aa1d-14ba401cfa1f,false,,external_pointee_storage
Windows.Win32.Graphics.Direct2D,ID2D1Factory2,94f81a73-9212-4376-9c58-b16a3a0d3992,false,,external_pointee_storage
Windows.Win32.Graphics.Direct2D,ID2D1Factory3,0869759f-4f00-413f-b03e-2bda45404d0f,false,,external_pointee_storage
Windows.Win32.Graphics.Direct2D,ID2D1Factory4,bd4ec2d2-0662-4bee-ba8e-6f29f032e096,false,,external_pointee_storage
Windows.Win32.Graphics.Direct2D,ID2D1Factory5,c4349994-838e-4b0f-8cab-44997d9eeacc,false,,external_pointee_storage
Windows.Win32.Graphics.Direct2D,ID2D1Factory6,f9976f46-f642-44c1-97ca-da32ea2a2635,false,,external_pointee_storage
Windows.Win32.Graphics.Direct2D,ID2D1Factory7,bdc2bdd3-b96c-4de6-bdf7-99d4745454de,false,,external_pointee_storage
Windows.Win32.Graphics.Direct2D,ID2D1Factory8,677c9311-f36d-4b1f-ae86-86d1223ffd3a,false,,external_pointee_storage
Windows.Win32.Graphics.Direct2D,ID2D1GdiInteropRenderTarget,e0db51c3-6f77-4bae-b3d5-e47509b35838,false,,missing_handle_ownership
Windows.Win32.Graphics.Direct2D,ID2D1GdiMetafile,2f543dc3-cfc1-4211-864f-cfd91c6f3395,true,standard_derived,
Windows.Win32.Graphics.Direct2D,ID2D1GdiMetafile1,2e69f9e8-dd3f-4bf9-95ba-c04f49d788df,true,standard_derived,
Windows.Win32.Graphics.Direct2D,ID2D1GdiMetafileSink,82237326-8111-4f7c-bcf4-b5c1175564fe,true,standard_derived,
Windows.Win32.Graphics.Direct2D,ID2D1GdiMetafileSink1,fd0ecb6b-91e6-411e-8655-395e760f91b4,true,standard_derived,
Windows.Win32.Graphics.Direct2D,ID2D1Geometry,2cd906a1-12e2-11dc-9fed-001143a055f9,false,,external_pointee_storage
Windows.Win32.Graphics.Direct2D,ID2D1GeometryGroup,2cd906a6-12e2-11dc-9fed-001143a055f9,false,,external_pointee_storage
Windows.Win32.Graphics.Direct2D,ID2D1GeometryRealization,a16907d7-bc02-4801-99e8-8cf7f485f774,true,standard_derived,
Windows.Win32.Graphics.Direct2D,ID2D1GeometrySink,2cd9069f-12e2-11dc-9fed-001143a055f9,true,standard_derived,
Windows.Win32.Graphics.Direct2D,ID2D1GradientMesh,f292e401-c050-4cde-83d7-04962d3b23c2,false,,safe_projection_incomplete
Windows.Win32.Graphics.Direct2D,ID2D1GradientStopCollection,2cd906a7-12e2-11dc-9fed-001143a055f9,false,,safe_projection_incomplete
Windows.Win32.Graphics.Direct2D,ID2D1GradientStopCollection1,ae1572f4-5dd0-4777-998b-9279472ae63b,false,,safe_projection_incomplete
Windows.Win32.Graphics.Direct2D,ID2D1HwndRenderTarget,2cd90698-12e2-11dc-9fed-001143a055f9,false,,incomplete_pointee_layout_for_storage
Windows.Win32.Graphics.Direct2D,ID2D1Image,65019f75-8da2-497c-b32c-dfa34e48ede6,true,standard_derived,
Windows.Win32.Graphics.Direct2D,ID2D1ImageBrush,fe9e984d-3f95-407c-b5db-cb94d4e8f87c,false,,incomplete_pointee_layout_for_storage
Windows.Win32.Graphics.Direct2D,ID2D1ImageSource,c9b664e5-74a1-4378-9ac2-eefc37a3f4d8,true,standard_derived,
Windows.Win32.Graphics.Direct2D,ID2D1ImageSourceFromWic,77395441-1c8f-4555-8683-f50dab0fe792,true,standard_derived,
Windows.Win32.Graphics.Direct2D,ID2D1Ink,b499923b-7029-478f-a8b3-432c7c5f5312,false,,external_pointee_storage
Windows.Win32.Graphics.Direct2D,ID2D1InkStyle,bae8b344-23fc-4071-8cb5-d05d6f073848,false,,incomplete_pointee_layout_for_storage
Windows.Win32.Graphics.Direct2D,ID2D1Layer,2cd9069b-12e2-11dc-9fed-001143a055f9,false,,safe_projection_incomplete
Windows.Win32.Graphics.Direct2D,ID2D1LinearGradientBrush,2cd906ab-12e2-11dc-9fed-001143a055f9,false,,incomplete_pointee_layout_for_storage
Windows.Win32.Graphics.Direct2D,ID2D1LookupTable3D,53dd9855-a3b0-4d5b-82e1-26e25c5e5797,true,standard_derived,
Windows.Win32.Graphics.Direct2D,ID2D1Mesh,2cd906c2-12e2-11dc-9fed-001143a055f9,true,standard_derived,
Windows.Win32.Graphics.Direct2D,ID2D1Multithread,31e6e7bc-e0ff-4d46-8c64-a0a8c41c15d3,true,standard_derived,
Windows.Win32.Graphics.Direct2D,ID2D1OffsetTransform,3fe6adea-7643-4f53-bd14-a0ce63f24042,false,,safe_projection_incomplete
Windows.Win32.Graphics.Direct2D,ID2D1PathGeometry,2cd906a5-12e2-11dc-9fed-001143a055f9,false,,external_pointee_storage
Windows.Win32.Graphics.Direct2D,ID2D1PathGeometry1,62baa2d2-ab54-41b7-b872-787e0106a421,false,,external_pointee_storage
Windows.Win32.Graphics.Direct2D,ID2D1PrintControl,2c1d867d-c290-41c8-ae7e-34a98702e9a5,true,standard_derived,
Windows.Win32.Graphics.Direct2D,ID2D1Properties,483473d7-cd46-4f9d-9d3a-3112aa80159d,true,standard_derived,
Windows.Win32.Graphics.Direct2D,ID2D1RadialGradientBrush,2cd906ac-12e2-11dc-9fed-001143a055f9,false,,incomplete_pointee_layout_for_storage
Windows.Win32.Graphics.Direct2D,ID2D1RectangleGeometry,2cd906a2-12e2-11dc-9fed-001143a055f9,false,,external_pointee_storage
Windows.Win32.Graphics.Direct2D,ID2D1RenderInfo,519ae1bd-d19a-420d-b849-364f594776b7,true,standard_derived,
Windows.Win32.Graphics.Direct2D,ID2D1RenderTarget,2cd90694-12e2-11dc-9fed-001143a055f9,false,,incomplete_pointee_layout_for_storage
Windows.Win32.Graphics.Direct2D,ID2D1Resource,2cd90691-12e2-11dc-9fed-001143a055f9,true,standard_derived,
Windows.Win32.Graphics.Direct2D,ID2D1ResourceTexture,688d15c3-02b0-438d-b13a-d1b44c32c39a,false,,safe_projection_incomplete
Windows.Win32.Graphics.Direct2D,ID2D1RoundedRectangleGeometry,2cd906a3-12e2-11dc-9fed-001143a055f9,false,,external_pointee_storage
Windows.Win32.Graphics.Direct2D,ID2D1SolidColorBrush,2cd906a9-12e2-11dc-9fed-001143a055f9,false,,incomplete_pointee_layout_for_storage
Windows.Win32.Graphics.Direct2D,ID2D1SourceTransform,db1800dd-0c34-4cf9-be90-31cc0a5653e1,false,,safe_projection_incomplete
Windows.Win32.Graphics.Direct2D,ID2D1SpriteBatch,4dc583bf-3a10-438a-8722-e9765224f1f1,false,,incomplete_pointee_layout_for_storage
Windows.Win32.Graphics.Direct2D,ID2D1StrokeStyle,2cd9069d-12e2-11dc-9fed-001143a055f9,true,standard_derived,
Windows.Win32.Graphics.Direct2D,ID2D1StrokeStyle1,10a72a66-e91c-43f4-993f-ddf4b82b0b4a,true,standard_derived,
Windows.Win32.Graphics.Direct2D,ID2D1SvgAttribute,c9cdb0dd-f8c9-4e70-b7c2-301c80292c5e,true,standard_derived,
Windows.Win32.Graphics.Direct2D,ID2D1SvgDocument,86b88e4d-afa4-4d7b-88e4-68a51c4a0aec,false,,safe_projection_incomplete
Windows.Win32.Graphics.Direct2D,ID2D1SvgElement,ac7b67a6-183e-49c1-a823-0ebe40b0db29,false,,external_pointee_storage
Windows.Win32.Graphics.Direct2D,ID2D1SvgGlyphStyle,af671749-d241-4db8-8e41-dcc2e5c1a438,false,,safe_projection_incomplete
Windows.Win32.Graphics.Direct2D,ID2D1SvgPaint,d59bab0a-68a2-455b-a5dc-9eb2854e2490,true,standard_derived,
Windows.Win32.Graphics.Direct2D,ID2D1SvgPathData,c095e4f4-bb98-43d6-9745-4d1b84ec9888,true,standard_derived,
Windows.Win32.Graphics.Direct2D,ID2D1SvgPointCollection,9dbe4c0d-3572-4dd9-9825-5530813bb712,false,,safe_projection_incomplete
Windows.Win32.Graphics.Direct2D,ID2D1SvgStrokeDashArray,f1c0ca52-92a3-4f00-b4ce-f35691efd9d9,false,,safe_projection_incomplete
Windows.Win32.Graphics.Direct2D,ID2D1TessellationSink,2cd906c1-12e2-11dc-9fed-001143a055f9,true,standard_derived,
Windows.Win32.Graphics.Direct2D,ID2D1Transform,ef1a287d-342a-4f76-8fdb-da0d6ea9f92b,false,,safe_projection_incomplete
Windows.Win32.Graphics.Direct2D,ID2D1TransformGraph,13d29038-c3e6-4034-9081-13b53a417992,true,standard_derived,
Windows.Win32.Graphics.Direct2D,ID2D1TransformNode,b2efe1e7-729f-4102-949f-505fa21bf666,true,standard_derived,
Windows.Win32.Graphics.Direct2D,ID2D1TransformedGeometry,2cd906bb-12e2-11dc-9fed-001143a055f9,false,,incomplete_pointee_layout_for_storage
Windows.Win32.Graphics.Direct2D,ID2D1TransformedImageSource,7f1f79e5-2796-416c-8f55-700f911445e5,true,standard_derived,
Windows.Win32.Graphics.Direct2D,ID2D1VertexBuffer,9b8b1336-00a5-4668-92b7-ced5d8bf9b7b,false,,missing_allocator
Windows.Win32.Graphics.Direct3D.Dxc,IDxcAssembler,091f7a26-1c1f-4948-904b-e6e3a8a771d5,true,standard_derived,
Windows.Win32.Graphics.Direct3D.Dxc,IDxcBlob,8ba5fb08-5195-40e2-ac58-0d989c3a0102,false,,missing_allocator
Windows.Win32.Graphics.Direct3D.Dxc,IDxcBlobEncoding,7241d424-2646-4191-97c0-98e96e42fc68,false,,missing_allocator
Windows.Win32.Graphics.Direct3D.Dxc,IDxcBlobUtf16,a3f84eab-0faa-497e-a39c-ee6ed60b2d84,false,,missing_allocator
Windows.Win32.Graphics.Direct3D.Dxc,IDxcBlobUtf8,3da636c9-ba71-4024-a301-30cbf125305b,false,,missing_allocator
Windows.Win32.Graphics.Direct3D.Dxc,IDxcCompiler,8c210bf3-011f-4422-8d70-6f9acb8db617,false,,safe_projection_incomplete
Windows.Win32.Graphics.Direct3D.Dxc,IDxcCompiler2,a005a9d9-b8bb-4594-b5c9-0e633bec4d37,false,,missing_allocator
Windows.Win32.Graphics.Direct3D.Dxc,IDxcCompiler3,228b4687-5a6a-4730-900c-9702b2203f54,false,,missing_allocator
Windows.Win32.Graphics.Direct3D.Dxc,IDxcCompilerArgs,73effe2a-70dc-45f8-9690-eff64c02429d,false,,safe_projection_incomplete
Windows.Win32.Graphics.Direct3D.Dxc,IDxcContainerBuilder,334b1f50-2292-4b35-99a1-25588d8c17fe,true,standard_derived,
Windows.Win32.Graphics.Direct3D.Dxc,IDxcContainerReflection,d2c21b26-8350-4bdc-976a-331ce6f4c54c,false,,missing_allocator
Windows.Win32.Graphics.Direct3D.Dxc,IDxcExtraOutputs,319b37a2-a5c2-494a-a5de-4801b2faf989,false,,missing_allocator
Windows.Win32.Graphics.Direct3D.Dxc,IDxcIncludeHandler,7f61fc7d-950d-467f-b3e3-3c02fb49187c,true,standard_derived,
Windows.Win32.Graphics.Direct3D.Dxc,IDxcLibrary,e5204dc7-d18c-4c3c-bdfb-851673980fe7,true,standard_derived,
Windows.Win32.Graphics.Direct3D.Dxc,IDxcLinker,f1b5be2a-62dd-4327-a1c2-42ac1e1e78e6,false,,safe_projection_incomplete
Windows.Win32.Graphics.Direct3D.Dxc,IDxcOperationResult,cedb484a-d4e9-445a-b991-ca21ca157dc2,true,standard_derived,
Windows.Win32.Graphics.Direct3D.Dxc,IDxcOptimizer,25740e2e-9cba-401b-9119-4fb42f39f270,true,standard_derived,
Windows.Win32.Graphics.Direct3D.Dxc,IDxcOptimizerPass,ae2cd79f-cc22-453f-9b6b-b124e7a5204c,false,,missing_allocator
Windows.Win32.Graphics.Direct3D.Dxc,IDxcPdbUtils,e6c9647e-9d6a-4c3b-b94c-524b5a6c343d,true,standard_derived,
Windows.Win32.Graphics.Direct3D.Dxc,IDxcPdbUtils2,4315d938-f369-4f93-95a2-252017cc3807,true,standard_derived,
Windows.Win32.Graphics.Direct3D.Dxc,IDxcResult,58346cda-dde7-4497-9461-6f87af5e0659,false,,missing_allocator
Windows.Win32.Graphics.Direct3D.Dxc,IDxcUtils,4605c4cb-2019-492a-ada4-65f20bb7d67f,false,,external_pointee_storage
Windows.Win32.Graphics.Direct3D.Dxc,IDxcValidator,a6e82bd2-1fd7-4826-9811-2857e797f49a,true,standard_derived,
Windows.Win32.Graphics.Direct3D.Dxc,IDxcValidator2,458e1fd1-b1b2-4750-a6e1-9c10f03bed92,true,standard_derived,
Windows.Win32.Graphics.Direct3D.Dxc,IDxcVersionInfo,b04f5b50-2059-4f12-a8ff-a1e0cde1cc7e,true,standard_derived,
Windows.Win32.Graphics.Direct3D.Dxc,IDxcVersionInfo2,fb6904c4-42f0-4b62-9c46-983af7da7c83,false,,missing_allocator
Windows.Win32.Graphics.Direct3D.Dxc,IDxcVersionInfo3,5e13e843-9d25-473c-9ad2-03b2d0b44b1e,false,,missing_allocator
Windows.Win32.Graphics.Direct3D,ID3DBlob,8ba5fb08-5195-40e2-ac58-0d989c3a0102,false,,missing_allocator
Windows.Win32.Graphics.Direct3D,ID3DDestructionNotifier,a06eb39a-50da-425b-8c31-4eecd6c270f3,false,,external_pointee_storage
Windows.Win32.Graphics.Direct3D,ID3DShaderCacheApplication,fc688ee2-1b35-4913-93be-1ca3fa7df39e,false,,incomplete_pointee_layout_for_storage
Windows.Win32.Graphics.Direct3D,ID3DShaderCacheComponent,eed1bf00-f5c7-4cf7-885c-d0f9c0cb4828,false,,missing_allocator
Windows.Win32.Graphics.Direct3D,ID3DShaderCacheExplorer,90432322-32f5-487f-9264-e9390fa58b2a,true,standard_derived,
Windows.Win32.Graphics.Direct3D,ID3DShaderCacheInstaller,bbe30de1-6318-4526-ae17-776693191bb4,false,,incomplete_pointee_layout_for_storage
Windows.Win32.Graphics.Direct3D,ID3DShaderCacheInstallerFactory,09b2dfe4-840f-401a-804c-0dd8aadc9e9f,true,standard_derived,
Windows.Win32.Graphics.Direct3D10,ID3D10Asynchronous,9b7e4c0d-342c-4106-a19f-4f2704f689f0,false,,external_pointee_storage
Windows.Win32.Graphics.Direct3D10,ID3D10BlendState,edad8d19-8a35-4d6d-8566-2ea276cde161,false,,external_pointee_storage
Windows.Win32.Graphics.Direct3D10,ID3D10BlendState1,edad8d99-8a35-4d6d-8566-2ea276cde161,false,,external_pointee_storage
Windows.Win32.Graphics.Direct3D10,ID3D10Buffer,9b7e4c02-342c-4106-a19f-4f2704f689f0,false,,external_pointee_storage
Windows.Win32.Graphics.Direct3D10,ID3D10Counter,9b7e4c11-342c-4106-a19f-4f2704f689f0,false,,external_pointee_storage
Windows.Win32.Graphics.Direct3D10,ID3D10Debug,9b7e4e01-342c-4106-a19f-4f2704f689f0,true,standard_derived,
Windows.Win32.Graphics.Direct3D10,ID3D10DepthStencilState,2b4b1cc8-a4ad-41f8-8322-ca86fc3ec675,false,,external_pointee_storage
Windows.Win32.Graphics.Direct3D10,ID3D10DepthStencilView,9b7e4c09-342c-4106-a19f-4f2704f689f0,false,,incomplete_pointee_layout_for_storage
Windows.Win32.Graphics.Direct3D10,ID3D10Device,9b7e4c0f-342c-4106-a19f-4f2704f689f0,false,,external_pointee_storage
Windows.Win32.Graphics.Direct3D10,ID3D10Device1,9b7e4c8f-342c-4106-a19f-4f2704f689f0,false,,external_pointee_storage
Windows.Win32.Graphics.Direct3D10,ID3D10DeviceChild,9b7e4c00-342c-4106-a19f-4f2704f689f0,false,,external_pointee_storage
Windows.Win32.Graphics.Direct3D10,ID3D10Effect,51b0ca8b-ec0b-4519-870d-8ee1cb5017c7,false,,safe_projection_incomplete
Windows.Win32.Graphics.Direct3D10,ID3D10EffectPool,9537ab04-3250-412e-8213-fcd2f8677933,false,,safe_projection_incomplete
Windows.Win32.Graphics.Direct3D10,ID3D10GeometryShader,6316be88-54cd-4040-ab44-20461bc81f68,false,,external_pointee_storage
Windows.Win32.Graphics.Direct3D10,ID3D10InfoQueue,1b940b17-2642-4d1f-ab1f-b99bad0c395f,false,,nested_pointer_lifetime
Windows.Win32.Graphics.Direct3D10,ID3D10InputLayout,9b7e4c0b-342c-4106-a19f-4f2704f689f0,false,,external_pointee_storage
Windows.Win32.Graphics.Direct3D10,ID3D10Multithread,9b7e4e00-342c-4106-a19f-4f2704f689f0,true,standard_derived,
Windows.Win32.Graphics.Direct3D10,ID3D10PixelShader,4968b601-9d00-4cde-8346-8e7f675819b6,false,,external_pointee_storage
Windows.Win32.Graphics.Direct3D10,ID3D10Predicate,9b7e4c10-342c-4106-a19f-4f2704f689f0,false,,external_pointee_storage
Windows.Win32.Graphics.Direct3D10,ID3D10Query,9b7e4c0e-342c-4106-a19f-4f2704f689f0,false,,external_pointee_storage
Windows.Win32.Graphics.Direct3D10,ID3D10RasterizerState,a2a07292-89af-4345-be2e-c53d9fbb6e9f,false,,external_pointee_storage
Windows.Win32.Graphics.Direct3D10,ID3D10RenderTargetView,9b7e4c08-342c-4106-a19f-4f2704f689f0,false,,incomplete_pointee_layout_for_storage
Windows.Win32.Graphics.Direct3D10,ID3D10Resource,9b7e4c01-342c-4106-a19f-4f2704f689f0,false,,external_pointee_storage
Windows.Win32.Graphics.Direct3D10,ID3D10SamplerState,9b7e4c0c-342c-4106-a19f-4f2704f689f0,false,,external_pointee_storage
Windows.Win32.Graphics.Direct3D10,ID3D10ShaderReflection,d40e20b6-f8f7-42ad-ab20-4baf8f15dfaa,false,,safe_projection_incomplete
Windows.Win32.Graphics.Direct3D10,ID3D10ShaderReflection1,c3457783-a846-47ce-9520-cea6f66e7447,false,,safe_projection_incomplete
Windows.Win32.Graphics.Direct3D10,ID3D10ShaderResourceView,9b7e4c07-342c-4106-a19f-4f2704f689f0,false,,incomplete_pointee_layout_for_storage
Windows.Win32.Graphics.Direct3D10,ID3D10ShaderResourceView1,9b7e4c87-342c-4106-a19f-4f2704f689f0,false,,incomplete_pointee_layout_for_storage
Windows.Win32.Graphics.Direct3D10,ID3D10StateBlock,0803425a-57f5-4dd6-9465-a87570834a08,true,standard_derived,
Windows.Win32.Graphics.Direct3D10,ID3D10SwitchToRef,9b7e4e02-342c-4106-a19f-4f2704f689f0,true,standard_derived,
Windows.Win32.Graphics.Direct3D10,ID3D10Texture1D,9b7e4c03-342c-4106-a19f-4f2704f689f0,false,,external_pointee_storage
Windows.Win32.Graphics.Direct3D10,ID3D10Texture2D,9b7e4c04-342c-4106-a19f-4f2704f689f0,false,,external_pointee_storage
Windows.Win32.Graphics.Direct3D10,ID3D10Texture3D,9b7e4c05-342c-4106-a19f-4f2704f689f0,false,,external_pointee_storage
Windows.Win32.Graphics.Direct3D10,ID3D10VertexShader,9b7e4c0a-342c-4106-a19f-4f2704f689f0,false,,external_pointee_storage
Windows.Win32.Graphics.Direct3D10,ID3D10View,c902b03f-60a7-49ba-9936-2a3ab37a7e33,false,,external_pointee_storage
Windows.Win32.Graphics.Direct3D11,ID3D11Asynchronous,4b35d0cd-1e15-4258-9c98-1b1333f6dd3b,false,,external_pointee_storage
Windows.Win32.Graphics.Direct3D11,ID3D11AuthenticatedChannel,3015a308-dcbd-47aa-a747-192486d14d4a,false,,external_pointee_storage
Windows.Win32.Graphics.Direct3D11,ID3D11BlendState,75b68faa-347d-4159-8f45-a0640f01cd9a,false,,external_pointee_storage
Windows.Win32.Graphics.Direct3D11,ID3D11BlendState1,cc86fabe-da55-401d-85e7-e3c9de2877e9,false,,external_pointee_storage
Windows.Win32.Graphics.Direct3D11,ID3D11Buffer,48570b85-d1ee-4fcd-a250-eb350722b037,false,,external_pointee_storage
Windows.Win32.Graphics.Direct3D11,ID3D11ClassInstance,a6cd7faa-b0b7-4a2f-9436-8662a65797cb,false,,external_pointee_storage
Windows.Win32.Graphics.Direct3D11,ID3D11ClassLinkage,ddf57cba-9543-46e4-a12b-f207a0fe7fed,false,,external_pointee_storage
Windows.Win32.Graphics.Direct3D11,ID3D11CommandList,a24bc4d1-769e-43f7-8013-98ff566c18e2,false,,external_pointee_storage
Windows.Win32.Graphics.Direct3D11,ID3D11ComputeShader,4f5b196e-c2bd-495e-bd01-1fded38e4969,false,,external_pointee_storage
Windows.Win32.Graphics.Direct3D11,ID3D11Counter,6e8c49fb-a371-4770-b440-29086022b741,false,,external_pointee_storage
Windows.Win32.Graphics.Direct3D11,ID3D11CryptoSession,9b32f9ad-bdcc-40a6-a39d-d5c865845720,false,,external_pointee_storage
Windows.Win32.Graphics.Direct3D11,ID3D11Debug,79cf2233-7536-4948-9d36-1e4692dc5760,true,standard_derived,
Windows.Win32.Graphics.Direct3D11,ID3D11DepthStencilState,03823efb-8d8f-4e1c-9aa2-f64bb2cbfdf1,false,,external_pointee_storage
Windows.Win32.Graphics.Direct3D11,ID3D11DepthStencilView,9fdac92a-1876-48c3-afad-25b94f84a9b6,false,,incomplete_pointee_layout_for_storage
Windows.Win32.Graphics.Direct3D11,ID3D11Device,db6f6ddb-ac77-4e88-8253-819df9bbf140,false,,external_pointee_storage
Windows.Win32.Graphics.Direct3D11,ID3D11Device1,a04bfb29-08ef-43d6-a49c-a9bdbdcbe686,false,,external_pointee_storage
Windows.Win32.Graphics.Direct3D11,ID3D11Device2,9d06dffa-d1e5-4d07-83a8-1bb123f2f841,false,,external_pointee_storage
Windows.Win32.Graphics.Direct3D11,ID3D11Device3,a05c8c37-d2c6-4732-b3a0-9ce0b0dc9ae6,false,,external_pointee_storage
Windows.Win32.Graphics.Direct3D11,ID3D11Device4,8992ab71-02e6-4b8d-ba48-b056dcda42c4,false,,external_pointee_storage
Windows.Win32.Graphics.Direct3D11,ID3D11Device5,8ffde202-a0e7-45df-9e01-e837801b5ea0,false,,external_pointee_storage
Windows.Win32.Graphics.Direct3D11,ID3D11DeviceChild,1841e5c8-16b0-489b-bcc8-44cfb0d5deae,false,,external_pointee_storage
Windows.Win32.Graphics.Direct3D11,ID3D11DeviceContext,c0bfa96c-e089-44fb-8eaf-26f8796190da,false,,external_pointee_storage
Windows.Win32.Graphics.Direct3D11,ID3D11DeviceContext1,bb2c6faa-b5fb-4082-8e6b-388b8cfa90e1,false,,external_pointee_storage
Windows.Win32.Graphics.Direct3D11,ID3D11DeviceContext2,420d5b32-b90c-4da4-bef0-359f6a24a83a,false,,external_pointee_storage
Windows.Win32.Graphics.Direct3D11,ID3D11DeviceContext3,b4e3c01d-e79e-4637-91b2-510e9f4c9b8f,false,,external_pointee_storage
Windows.Win32.Graphics.Direct3D11,ID3D11DeviceContext4,917600da-f58c-4c33-98d8-3e15b390fa24,false,,external_pointee_storage
Windows.Win32.Graphics.Direct3D11,ID3D11DomainShader,f582c508-0f36-490c-9977-31eece268cfa,false,,external_pointee_storage
Windows.Win32.Graphics.Direct3D11,ID3D11Fence,affde9d1-1df7-4bb7-8a34-0f46251dab80,false,,external_pointee_storage
Windows.Win32.Graphics.Direct3D11,ID3D11FunctionLinkingGraph,54133220-1ce8-43d3-8236-9855c5ceecff,true,standard_derived,
Windows.Win32.Graphics.Direct3D11,ID3D11GeometryShader,38325b96-effb-4022-ba02-2e795b70275c,false,,external_pointee_storage
Windows.Win32.Graphics.Direct3D11,ID3D11HullShader,8e5c6061-628a-4c8e-8264-bbe45cb3d5dd,false,,external_pointee_storage
Windows.Win32.Graphics.Direct3D11,ID3D11InfoQueue,6543dbb6-1b48-42f5-ab82-e97ec74326f6,false,,nested_pointer_lifetime
Windows.Win32.Graphics.Direct3D11,ID3D11InputLayout,e4819ddc-4cf0-4025-bd26-5de82a3e07b7,false,,external_pointee_storage
Windows.Win32.Graphics.Direct3D11,ID3D11LibraryReflection,54384f1b-5b3e-4bb7-ae01-60ba3097cbb6,false,,safe_projection_incomplete
Windows.Win32.Graphics.Direct3D11,ID3D11Linker,59a6cd0e-e10d-4c1f-88c0-63aba1daf30e,true,standard_derived,
Windows.Win32.Graphics.Direct3D11,ID3D11LinkingNode,d80dd70c-8d2f-4751-94a1-03c79b3556db,true,standard_derived,
Windows.Win32.Graphics.Direct3D11,ID3D11Module,cac701ee-80fc-4122-8242-10b39c8cec34,true,standard_derived,
Windows.Win32.Graphics.Direct3D11,ID3D11ModuleInstance,469e07f7-045a-48d5-aa12-68a478cdf75d,true,standard_derived,
Windows.Win32.Graphics.Direct3D11,ID3D11Multithread,9b7e4e00-342c-4106-a19f-4f2704f689f0,true,standard_derived,
Windows.Win32.Graphics.Direct3D11,ID3D11PixelShader,ea82e40d-51dc-4f33-93d4-db7c9125ae8c,false,,external_pointee_storage
Windows.Win32.Graphics.Direct3D11,ID3D11Predicate,9eb576dd-9f77-4d86-81aa-8bab5fe490e2,false,,external_pointee_storage
Windows.Win32.Graphics.Direct3D11,ID3D11Query,d6c00747-87b7-425e-b84d-44d108560afd,false,,external_pointee_storage
Windows.Win32.Graphics.Direct3D11,ID3D11Query1,631b4766-36dc-461d-8db6-c47e13e60916,false,,external_pointee_storage
Windows.Win32.Graphics.Direct3D11,ID3D11RasterizerState,9bb4ab81-ab1a-4d8f-b506-fc04200b6ee7,false,,external_pointee_storage
Windows.Win32.Graphics.Direct3D11,ID3D11RasterizerState1,1217d7a6-5039-418c-b042-9cbe256afd6e,false,,external_pointee_storage
Windows.Win32.Graphics.Direct3D11,ID3D11RasterizerState2,6fbd02fb-209f-46c4-b059-2ed15586a6ac,false,,external_pointee_storage
Windows.Win32.Graphics.Direct3D11,ID3D11RefDefaultTrackingOptions,03916615-c644-418c-9bf4-75db5be63ca0,true,standard_derived,
Windows.Win32.Graphics.Direct3D11,ID3D11RefTrackingOptions,193dacdf-0db2-4c05-a55c-ef06cac56fd9,true,standard_derived,
Windows.Win32.Graphics.Direct3D11,ID3D11RenderTargetView,dfdba067-0b8d-4865-875b-d7b4516cc164,false,,incomplete_pointee_layout_for_storage
Windows.Win32.Graphics.Direct3D11,ID3D11RenderTargetView1,ffbe2e23-f011-418a-ac56-5ceed7c5b94b,false,,incomplete_pointee_layout_for_storage
Windows.Win32.Graphics.Direct3D11,ID3D11Resource,dc8e63f3-d12b-4952-b47b-5e45026a862d,false,,external_pointee_storage
Windows.Win32.Graphics.Direct3D11,ID3D11SamplerState,da6fea51-564c-4487-9810-f0d0f9b4e3a5,false,,external_pointee_storage
Windows.Win32.Graphics.Direct3D11,ID3D11ShaderReflection,8d536ca1-0cca-4956-a837-786963755584,false,,safe_projection_incomplete
Windows.Win32.Graphics.Direct3D11,ID3D11ShaderResourceView,b0e06fe0-8192-4e1a-b1ca-36d7414710b2,false,,incomplete_pointee_layout_for_storage
Windows.Win32.Graphics.Direct3D11,ID3D11ShaderResourceView1,91308b87-9040-411d-8c67-c39253ce3802,false,,incomplete_pointee_layout_for_storage
Windows.Win32.Graphics.Direct3D11,ID3D11ShaderTrace,36b013e6-2811-4845-baa7-d623fe0df104,false,,incomplete_pointee_layout_for_storage
Windows.Win32.Graphics.Direct3D11,ID3D11ShaderTraceFactory,1fbad429-66ab-41cc-9617-667ac10e4459,false,,external_pointee_storage
Windows.Win32.Graphics.Direct3D11,ID3D11SwitchToRef,1ef337e3-58e7-4f83-a692-db221f5ed47e,true,standard_derived,
Windows.Win32.Graphics.Direct3D11,ID3D11Texture1D,f8fb5c27-c6b3-4f75-a4c8-439af2ef564c,false,,external_pointee_storage
Windows.Win32.Graphics.Direct3D11,ID3D11Texture2D,6f15aaf2-d208-4e89-9ab4-489535d34f9c,false,,external_pointee_storage
Windows.Win32.Graphics.Direct3D11,ID3D11Texture2D1,51218251-1e33-4617-9ccb-4d3a4367e7bb,false,,external_pointee_storage
Windows.Win32.Graphics.Direct3D11,ID3D11Texture3D,037e866e-f56d-4357-a8af-9dabbe6e250e,false,,external_pointee_storage
Windows.Win32.Graphics.Direct3D11,ID3D11Texture3D1,0c711683-2853-4846-9bb0-f3e60639e46a,false,,external_pointee_storage
Windows.Win32.Graphics.Direct3D11,ID3D11TracingDevice,1911c771-1587-413e-a7e0-fb26c3de0268,true,standard_derived,
Windows.Win32.Graphics.Direct3D11,ID3D11UnorderedAccessView,28acf509-7f5c-48f6-8611-f316010a6380,false,,incomplete_pointee_layout_for_storage
Windows.Win32.Graphics.Direct3D11,ID3D11UnorderedAccessView1,7b3b6153-a886-4544-ab37-6537c8500403,false,,incomplete_pointee_layout_for_storage
Windows.Win32.Graphics.Direct3D11,ID3D11VertexShader,3b301d64-d678-4289-8897-22f8928b72f3,false,,external_pointee_storage
Windows.Win32.Graphics.Direct3D11,ID3D11VideoContext,61f21c45-3c0e-4a74-9cea-67100d9ad5e4,false,,incomplete_pointee_layout_for_storage
Windows.Win32.Graphics.Direct3D11,ID3D11VideoContext1,a7f026da-a5f8-4487-a564-15e34357651e,false,,incomplete_pointee_layout_for_storage
Windows.Win32.Graphics.Direct3D11,ID3D11VideoContext2,c4e7374c-6243-4d1b-ae87-52b4f740e261,false,,incomplete_pointee_layout_for_storage
Windows.Win32.Graphics.Direct3D11,ID3D11VideoContext3,a9e2faa0-cb39-418f-a0b7-d8aad4de672e,false,,incomplete_pointee_layout_for_storage
Windows.Win32.Graphics.Direct3D11,ID3D11VideoDecoder,3c9c5b51-995d-48d1-9b8d-fa5caeded65c,false,,external_pointee_storage
Windows.Win32.Graphics.Direct3D11,ID3D11VideoDecoderOutputView,c2931aea-2a85-4f20-860f-fba1fd256e18,false,,incomplete_pointee_layout_for_storage
Windows.Win32.Graphics.Direct3D11,ID3D11VideoDevice,10ec4d5b-975a-4689-b9e4-d0aac30fe333,false,,external_pointee_storage
Windows.Win32.Graphics.Direct3D11,ID3D11VideoDevice1,29da1d51-1321-4454-804b-f5fc9f861f0f,false,,external_pointee_storage
Windows.Win32.Graphics.Direct3D11,ID3D11VideoDevice2,59c0cb01-35f0-4a70-8f67-87905c906a53,false,,external_pointee_storage
Windows.Win32.Graphics.Direct3D11,ID3D11VideoProcessor,1d7b0652-185f-41c6-85ce-0c5be3d4ae6c,false,,external_pointee_storage
Windows.Win32.Graphics.Direct3D11,ID3D11VideoProcessorEnumerator,31627037-53ab-4200-9061-05faa9ab45f9,false,,external_pointee_storage
Windows.Win32.Graphics.Direct3D11,ID3D11VideoProcessorEnumerator1,465217f2-5568-43cf-b5b9-f61d54531ca1,false,,external_pointee_storage
Windows.Win32.Graphics.Direct3D11,ID3D11VideoProcessorInputView,11ec5a5f-51dc-4945-ab34-6e8c21300ea5,false,,incomplete_pointee_layout_for_storage
Windows.Win32.Graphics.Direct3D11,ID3D11VideoProcessorOutputView,a048285e-25a9-4527-bd93-d68b68c44254,false,,incomplete_pointee_layout_for_storage
Windows.Win32.Graphics.Direct3D11,ID3D11View,839d1216-bb2e-412b-b7f4-a9dbebe08ed1,false,,external_pointee_storage
Windows.Win32.Graphics.Direct3D11,ID3DDeviceContextState,5c1e0d8a-7c23-48f9-8c59-a92958ceff11,false,,external_pointee_storage
Windows.Win32.Graphics.Direct3D11,ID3DUserDefinedAnnotation,b2daad8b-03d4-4dbf-95eb-32ab4b63d0ab,true,standard_derived,
Windows.Win32.Graphics.Direct3D11,ID3DX11FFT,b3f7a938-4c93-4310-a675-b30d6de50553,false,,missing_interface_replacement_contract
Windows.Win32.Graphics.Direct3D11,ID3DX11Scan,5089b68f-e71d-4d38-be8e-f363b95a9405,true,standard_derived,
Windows.Win32.Graphics.Direct3D11,ID3DX11SegmentedScan,a915128c-d954-4c79-bfe1-64db923194d6,true,standard_derived,
Windows.Win32.Graphics.Direct3D11on12,ID3D11On12Device,85611e73-70a9-490e-9614-a9e302777904,false,,missing_allocator
Windows.Win32.Graphics.Direct3D11on12,ID3D11On12Device1,bdb64df4-ea2f-4c70-b861-aaab1258bb5d,false,,missing_allocator
Windows.Win32.Graphics.Direct3D11on12,ID3D11On12Device2,dc90f331-4740-43fa-866e-67f12cb58223,false,,missing_allocator
Windows.Win32.Graphics.Direct3D12,ID3D12ApplicationIdentity,82dc6c85-727b-4a8d-9169-db6ce3e975a0,false,,external_pointee_storage
Windows.Win32.Graphics.Direct3D12,ID3D12CommandAllocator,6102dee4-af59-4b09-b999-b44d73f09b24,false,,external_pointee_storage
Windows.Win32.Graphics.Direct3D12,ID3D12CommandList,7116d91c-e7e4-47ce-b8c6-ec8168f437e5,false,,external_pointee_storage
Windows.Win32.Graphics.Direct3D12,ID3D12CommandQueue,0ec870a6-5d7e-4c22-8cfc-5baae07616ed,false,,external_pointee_storage
Windows.Win32.Graphics.Direct3D12,ID3D12CommandQueue1,3a3c3165-0ee7-4b8e-a0af-6356b4c3bbb9,false,,external_pointee_storage
Windows.Win32.Graphics.Direct3D12,ID3D12CommandSignature,c36a797c-ec80-4f0a-8985-a7b2475082d1,false,,external_pointee_storage
Windows.Win32.Graphics.Direct3D12,ID3D12Compiler,8c403c12-993b-4583-80f1-6824138fa68e,true,standard_derived,
Windows.Win32.Graphics.Direct3D12,ID3D12CompilerCacheSession,5704e5e6-054b-4738-b661-7b0d68d8dde2,false,,external_pointee_storage
Windows.Win32.Graphics.Direct3D12,ID3D12CompilerFactory,c1ee4b59-3f59-47a5-9b4e-a855c858a878,false,,incomplete_pointee_layout_for_storage
Windows.Win32.Graphics.Direct3D12,ID3D12CompilerFactoryChild,e0d06420-9f31-47e8-ae9a-dd2ba25ac0bc,true,standard_derived,
Windows.Win32.Graphics.Direct3D12,ID3D12CompilerStateObject,5981cca4-e8ae-44ca-9b92-4fa86f5a3a3a,true,standard_derived,
Windows.Win32.Graphics.Direct3D12,ID3D12DSRDeviceFactory,f343d1a0-afe3-439f-b13d-cd87a43b70ca,true,standard_derived,
Windows.Win32.Graphics.Direct3D12,ID3D12Debug,344488b7-6846-474b-b989-f027448245e0,true,standard_derived,
Windows.Win32.Graphics.Direct3D12,ID3D12Debug1,affaa4ca-63fe-4d8e-b8ad-159000af4304,true,standard_derived,
Windows.Win32.Graphics.Direct3D12,ID3D12Debug2,93a665c4-a3b2-4e5d-b692-a26ae14e3374,true,standard_derived,
Windows.Win32.Graphics.Direct3D12,ID3D12Debug3,5cf4e58f-f671-4ff1-a542-3686e3d153d1,true,standard_derived,
Windows.Win32.Graphics.Direct3D12,ID3D12Debug4,014b816e-9ec5-4a2f-a845-ffbe441ce13a,true,standard_derived,
Windows.Win32.Graphics.Direct3D12,ID3D12Debug5,548d6b12-09fa-40e0-9069-5dcd589a52c9,true,standard_derived,
Windows.Win32.Graphics.Direct3D12,ID3D12Debug6,82a816d6-5d01-4157-97d0-4975463fd1ed,true,standard_derived,
Windows.Win32.Graphics.Direct3D12,ID3D12DebugCommandList,09e0bf36-54ac-484f-8847-4baeeab6053f,true,standard_derived,
Windows.Win32.Graphics.Direct3D12,ID3D12DebugCommandList1,102ca951-311b-4b01-b11f-ecb83e061b37,false,,external_pointee_storage
Windows.Win32.Graphics.Direct3D12,ID3D12DebugCommandList2,aeb575cf-4e06-48be-ba3b-c450fc96652e,false,,external_pointee_storage
Windows.Win32.Graphics.Direct3D12,ID3D12DebugCommandList3,197d5e15-4d37-4d34-af78-724cd70fdb1f,false,,external_pointee_storage
Windows.Win32.Graphics.Direct3D12,ID3D12DebugCommandQueue,09e0bf36-54ac-484f-8847-4baeeab6053a,true,standard_derived,
Windows.Win32.Graphics.Direct3D12,ID3D12DebugCommandQueue1,16be35a2-bfd6-49f2-bcae-eaae4aff862d,true,standard_derived,
Windows.Win32.Graphics.Direct3D12,ID3D12DebugDevice,3febd6dd-4973-4787-8194-e45f9e28923e,true,standard_derived,
Windows.Win32.Graphics.Direct3D12,ID3D12DebugDevice1,a9b71770-d099-4a65-a698-3dee10020f88,false,,external_pointee_storage
Windows.Win32.Graphics.Direct3D12,ID3D12DebugDevice2,60eccbc1-378d-4df1-894c-f8ac5ce4d7dd,false,,external_pointee_storage
Windows.Win32.Graphics.Direct3D12,ID3D12DescriptorHeap,8efb471d-616c-4f49-90f7-127bb763fa51,false,,external_pointee_storage
Windows.Win32.Graphics.Direct3D12,ID3D12Device,189819f1-1db6-4b57-be54-1821339b85f7,false,,external_pointee_storage
Windows.Win32.Graphics.Direct3D12,ID3D12Device1,77acce80-638e-4e65-8895-c1f23386863e,false,,external_pointee_storage
Windows.Win32.Graphics.Direct3D12,ID3D12Device10,517f8718-aa66-49f9-b02b-a7ab89c06031,false,,external_pointee_storage
Windows.Win32.Graphics.Direct3D12,ID3D12Device11,5405c344-d457-444e-b4dd-2366e45aee39,false,,external_pointee_storage
Windows.Win32.Graphics.Direct3D12,ID3D12Device12,5af5c532-4c91-4cd0-b541-15a405395fc5,false,,external_pointee_storage
Windows.Win32.Graphics.Direct3D12,ID3D12Device13,14eecffc-4df8-40f7-a118-5c816f45695e,false,,external_pointee_storage
Windows.Win32.Graphics.Direct3D12,ID3D12Device14,5f6e592d-d895-44c2-8e4a-88ad4926d323,false,,external_pointee_storage
Windows.Win32.Graphics.Direct3D12,ID3D12Device15,76cff76f-1e9b-4450-8cdc-34f1af788e5b,false,,incomplete_pointee_layout_for_storage
Windows.Win32.Graphics.Direct3D12,ID3D12Device2,30baa41e-b15b-475c-a0bb-1af5c5b64328,false,,external_pointee_storage
Windows.Win32.Graphics.Direct3D12,ID3D12Device3,81dadc15-2bad-4392-93c5-101345c4aa98,false,,external_pointee_storage
Windows.Win32.Graphics.Direct3D12,ID3D12Device4,e865df17-a9ee-46f9-a463-3098315aa2e5,false,,external_pointee_storage
Windows.Win32.Graphics.Direct3D12,ID3D12Device5,8b4f173b-2fea-4b80-8f58-4307191ab95d,false,,external_pointee_storage
Windows.Win32.Graphics.Direct3D12,ID3D12Device6,c70b221b-40e4-4a17-89af-025a0727a6dc,false,,external_pointee_storage
Windows.Win32.Graphics.Direct3D12,ID3D12Device7,5c014b53-68a1-4b9b-8bd1-dd6046b9358b,false,,external_pointee_storage
Windows.Win32.Graphics.Direct3D12,ID3D12Device8,9218e6bb-f944-4f7e-a75c-b1b2c7b701f3,false,,external_pointee_storage
Windows.Win32.Graphics.Direct3D12,ID3D12Device9,4c80e962-f032-4f60-bc9e-ebc2cfa1d83c,false,,external_pointee_storage
Windows.Win32.Graphics.Direct3D12,ID3D12DeviceChild,905db94b-a00c-4140-9df5-2b64ca9ea357,false,,external_pointee_storage
Windows.Win32.Graphics.Direct3D12,ID3D12DeviceConfiguration,78dbf87b-f766-422b-a61c-c8c446bdb9ad,false,,external_pointee_storage
Windows.Win32.Graphics.Direct3D12,ID3D12DeviceConfiguration1,ed342442-6343-4e16-bb82-a3a577874e56,false,,external_pointee_storage
Windows.Win32.Graphics.Direct3D12,ID3D12DeviceFactory,61f307d3-d34e-4e7c-8374-3ba4de23cccb,false,,missing_allocator
Windows.Win32.Graphics.Direct3D12,ID3D12DeviceRemovedExtendedData,98931d33-5ae8-4791-aa3c-1a73a2934e71,false,,external_pointee_storage
Windows.Win32.Graphics.Direct3D12,ID3D12DeviceRemovedExtendedData1,9727a022-cf1d-4dda-9eba-effa653fc506,false,,external_pointee_storage
Windows.Win32.Graphics.Direct3D12,ID3D12DeviceRemovedExtendedData2,67fc5816-e4ca-4915-bf18-42541272da54,false,,external_pointee_storage
Windows.Win32.Graphics.Direct3D12,ID3D12DeviceRemovedExtendedDataSettings,82bc481c-6b9b-4030-aedb-7ee3d1df1e63,true,standard_derived,
Windows.Win32.Graphics.Direct3D12,ID3D12DeviceRemovedExtendedDataSettings1,dbd5ae51-3317-4f0a-adf9-1d7cedcaae0b,true,standard_derived,
Windows.Win32.Graphics.Direct3D12,ID3D12DeviceRemovedExtendedDataSettings2,61552388-01ab-4008-a436-83db189566ea,true,standard_derived,
Windows.Win32.Graphics.Direct3D12,ID3D12DeviceStatistics,3d5ca1a8-a39e-4619-95e0-f9b0a40340f5,true,standard_derived,
Windows.Win32.Graphics.Direct3D12,ID3D12DeviceTools,2ea68e9c-19c3-4e47-a109-6cdadff0aca9,true,standard_derived,
Windows.Win32.Graphics.Direct3D12,ID3D12DeviceTools1,e30e9fc7-e641-4d6e-8a81-9dd9206ec47a,true,standard_derived,
Windows.Win32.Graphics.Direct3D12,ID3D12Fence,0a753dcf-c4d8-4b91-adf6-be5a60d95a76,false,,external_pointee_storage
Windows.Win32.Graphics.Direct3D12,ID3D12Fence1,433685fe-e22b-4ca0-a8db-b5b4f4dd0e4a,false,,external_pointee_storage
Windows.Win32.Graphics.Direct3D12,ID3D12GBVDiagnostics,597985ab-9b75-4dbb-be23-0761195bebee,true,standard_derived,
Windows.Win32.Graphics.Direct3D12,ID3D12GraphicsCommandList,5b160d0f-ac1b-4185-8ba8-b3ae42a5a455,false,,external_pointee_storage
Windows.Win32.Graphics.Direct3D12,ID3D12GraphicsCommandList1,553103fb-1fe7-4557-bb38-946d7d0e7ca7,false,,external_pointee_storage
Windows.Win32.Graphics.Direct3D12,ID3D12GraphicsCommandList10,7013c015-d161-4b63-a08c-238552dd8acc,false,,external_pointee_storage
Windows.Win32.Graphics.Direct3D12,ID3D12GraphicsCommandList2,38c3e585-ff17-412c-9150-4fc6f9d72a28,false,,external_pointee_storage
Windows.Win32.Graphics.Direct3D12,ID3D12GraphicsCommandList3,6fda83a7-b84c-4e38-9ac8-c7bd22016b3d,false,,external_pointee_storage
Windows.Win32.Graphics.Direct3D12,ID3D12GraphicsCommandList4,8754318e-d3a9-4541-98cf-645b50dc4874,false,,external_pointee_storage
Windows.Win32.Graphics.Direct3D12,ID3D12GraphicsCommandList5,55050859-4024-474c-87f5-6472eaee44ea,false,,external_pointee_storage
Windows.Win32.Graphics.Direct3D12,ID3D12GraphicsCommandList6,c3827890-e548-4cfa-96cf-5689a9370f80,false,,external_pointee_storage
Windows.Win32.Graphics.Direct3D12,ID3D12GraphicsCommandList7,dd171223-8b61-4769-90e3-160ccde4e2c1,false,,external_pointee_storage
Windows.Win32.Graphics.Direct3D12,ID3D12GraphicsCommandList8,ee936ef9-599d-4d28-938e-23c4ad05ce51,false,,external_pointee_storage
Windows.Win32.Graphics.Direct3D12,ID3D12GraphicsCommandList9,34ed2808-ffe6-4c2b-b11a-cabd2b0c59e1,false,,external_pointee_storage
Windows.Win32.Graphics.Direct3D12,ID3D12Heap,6b3b2502-6e51-45b3-90ee-9884265e8df3,false,,external_pointee_storage
Windows.Win32.Graphics.Direct3D12,ID3D12Heap1,572f7389-2168-49e3-9693-d6df5871bf6d,false,,external_pointee_storage
Windows.Win32.Graphics.Direct3D12,ID3D12InfoQueue,0742a90b-c387-483f-b946-30a7e4e61458,false,,nested_pointer_lifetime
Windows.Win32.Graphics.Direct3D12,ID3D12InfoQueue1,2852dd88-b484-4c0c-b6b1-67168500e600,false,,external_pointee_storage
Windows.Win32.Graphics.Direct3D12,ID3D12LibraryReflection,8e349d19-54db-4a56-9dc9-119d87bdb804,false,,safe_projection_incomplete
Windows.Win32.Graphics.Direct3D12,ID3D12LifetimeOwner,e667af9f-cd56-4f46-83ce-032e595d70a8,true,standard_derived,
Windows.Win32.Graphics.Direct3D12,ID3D12LifetimeTracker,3fd03d36-4eb1-424a-a582-494ecb8ba813,false,,external_pointee_storage
Windows.Win32.Graphics.Direct3D12,ID3D12ManualWriteTrackingResource,86ca3b85-49ad-4b6e-aed5-eddb18540f41,true,standard_derived,
Windows.Win32.Graphics.Direct3D12,ID3D12MetaCommand,dbb84c27-36ce-4fc9-b801-f048c46ac570,false,,external_pointee_storage
Windows.Win32.Graphics.Direct3D12,ID3D12Object,c4fec28f-7966-4e95-9f94-f431cb56c3b8,false,,external_pointee_storage
Windows.Win32.Graphics.Direct3D12,ID3D12Pageable,63ee58fb-1268-4835-86da-f008ce62f0d6,false,,external_pointee_storage
Windows.Win32.Graphics.Direct3D12,ID3D12PageableTools,8f1359db-d8d1-42f9-b5cf-79f4cbad0d3d,true,standard_derived,
Windows.Win32.Graphics.Direct3D12,ID3D12PipelineLibrary,c64226a8-9201-46af-b4cc-53fb9ff7414f,false,,external_pointee_storage
Windows.Win32.Graphics.Direct3D12,ID3D12PipelineLibrary1,80eabf42-2568-4e5e-bd82-c37f86961dc3,false,,external_pointee_storage
Windows.Win32.Graphics.Direct3D12,ID3D12PipelineState,765a30f3-f624-4c6f-a828-ace948622445,false,,external_pointee_storage
Windows.Win32.Graphics.Direct3D12,ID3D12PipelineState1,5646804c-9638-48f7-9182-b3ee5a6b60fb,false,,external_pointee_storage
Windows.Win32.Graphics.Direct3D12,ID3D12ProtectedResourceSession,6cd696f4-f289-40cc-8091-5a6c0a099c3d,false,,external_pointee_storage
Windows.Win32.Graphics.Direct3D12,ID3D12ProtectedResourceSession1,d6f12dd6-76fb-406e-8961-4296eefc0409,false,,external_pointee_storage
Windows.Win32.Graphics.Direct3D12,ID3D12ProtectedSession,a1533d18-0ac1-4084-85b9-89a96116806b,false,,external_pointee_storage
Windows.Win32.Graphics.Direct3D12,ID3D12QueryHeap,0d9658ae-ed45-469e-a61d-970ec583cab4,false,,external_pointee_storage
Windows.Win32.Graphics.Direct3D12,ID3D12Resource,696442be-a72e-4059-bc79-5b5c98040fad,false,,external_pointee_storage
Windows.Win32.Graphics.Direct3D12,ID3D12Resource1,9d5e227a-4430-4161-88b3-3eca6bb16e19,false,,external_pointee_storage
Windows.Win32.Graphics.Direct3D12,ID3D12Resource2,be36ec3b-ea85-4aeb-a45a-e9d76404a495,false,,external_pointee_storage
Windows.Win32.Graphics.Direct3D12,ID3D12RootSignature,c54a6b66-72df-4ee8-8be5-a946a1429214,false,,external_pointee_storage
Windows.Win32.Graphics.Direct3D12,ID3D12RootSignature1,c390bd7d-9142-4a95-b072-6d3439ade5c4,false,,external_pointee_storage
Windows.Win32.Graphics.Direct3D12,ID3D12RootSignatureDeserializer,34ab647b-3cc8-46ac-841b-c0965645c046,false,,external_pointee_storage
Windows.Win32.Graphics.Direct3D12,ID3D12RuntimeValidationControl,c706c811-3663-4bf1-91b9-1e8a7c114ab9,true,standard_derived,
Windows.Win32.Graphics.Direct3D12,ID3D12SDKConfiguration,e9eb5314-33aa-42b2-a718-d77f58b1f1c7,true,standard_derived,
Windows.Win32.Graphics.Direct3D12,ID3D12SDKConfiguration1,8aaf9303-ad25-48b9-9a57-d9c37e009d9f,true,standard_derived,
Windows.Win32.Graphics.Direct3D12,ID3D12ShaderCacheSession,28e2495d-0f64-4ae4-a6ec-129255dc49a8,false,,external_pointee_storage
Windows.Win32.Graphics.Direct3D12,ID3D12ShaderReflection,5a58797d-a72c-478d-8ba2-efc6b0efe88e,false,,safe_projection_incomplete
Windows.Win32.Graphics.Direct3D12,ID3D12SharingContract,0adf7d52-929c-4e61-addb-ffed30de66ef,true,standard_derived,
Windows.Win32.Graphics.Direct3D12,ID3D12StateObject,47016943-fca8-4594-93ea-af258b55346d,false,,external_pointee_storage
Windows.Win32.Graphics.Direct3D12,ID3D12StateObjectDatabase,c56060b7-b5fc-4135-98e0-a1e9997eace0,false,,external_pointee_storage
Windows.Win32.Graphics.Direct3D12,ID3D12StateObjectDatabaseFactory,f5b066f0-648a-4611-bd41-27fd0948b9eb,true,standard_derived,
Windows.Win32.Graphics.Direct3D12,ID3D12StateObjectProperties,de5fa827-9bf9-4f26-89ff-d7f56fde3860,false,,missing_allocator
Windows.Win32.Graphics.Direct3D12,ID3D12StateObjectProperties1,460caac7-1d24-446a-a184-ca67db494138,false,,missing_allocator
Windows.Win32.Graphics.Direct3D12,ID3D12StateObjectProperties2,d5e82917-f0f1-44cf-ae5e-ce222dd0b884,false,,missing_allocator
Windows.Win32.Graphics.Direct3D12,ID3D12SwapChainAssistant,f1df64b6-57fd-49cd-8807-c0eb88b45c8f,false,,missing_allocator
Windows.Win32.Graphics.Direct3D12,ID3D12Tools,7071e1f0-e84b-4b33-974f-12fa49de65c5,true,standard_derived,
Windows.Win32.Graphics.Direct3D12,ID3D12Tools1,e4fbc019-dd3c-43e1-8f32-7f649575f0a0,true,standard_derived,
Windows.Win32.Graphics.Direct3D12,ID3D12Tools2,01d393c5-c9b0-42a1-958c-c26b02d4d097,true,standard_derived,
Windows.Win32.Graphics.Direct3D12,ID3D12VersionedRootSignatureDeserializer,7f91ce67-090c-4bb7-b78e-ed8ff2e31da0,false,,external_pointee_storage
Windows.Win32.Graphics.Direct3D12,ID3D12VirtualizationGuestDevice,bc66d368-7373-4943-8757-fc87dc79e476,false,,missing_handle_ownership
Windows.Win32.Graphics.Direct3D12,ID3D12WorkGraphProperties,065acf71-f863-4b89-82f4-02e4d5886757,false,,safe_projection_incomplete
Windows.Win32.Graphics.Direct3D9,IDirect3D9,81bdcbca-64d4-426d-ae8d-ad0147f4275c,false,,external_pointee_storage
Windows.Win32.Graphics.Direct3D9,IDirect3D9Ex,02177241-69fc-400c-8ff1-93a44df6861d,false,,external_pointee_storage
Windows.Win32.Graphics.Direct3D9,IDirect3DBaseTexture9,580ca87e-1d3c-4d54-991d-b7d3e3c298ce,false,,external_pointee_storage
Windows.Win32.Graphics.Direct3D9,IDirect3DCubeTexture9,fff32f81-d953-473a-9223-93d652aba93f,false,,external_pointee_storage
Windows.Win32.Graphics.Direct3D9,IDirect3DDevice9,d0223b96-bf7a-43fd-92bd-a43b0d82b9eb,false,,incomplete_pointee_layout_for_storage
Windows.Win32.Graphics.Direct3D9,IDirect3DDevice9Ex,b18b10ce-2649-405a-870f-95f777d4313a,false,,incomplete_pointee_layout_for_storage
Windows.Win32.Graphics.Direct3D9,IDirect3DIndexBuffer9,7c9dd65e-d3f7-4529-acee-785830acde35,false,,external_pointee_storage
Windows.Win32.Graphics.Direct3D9,IDirect3DPixelShader9,6d3bdbdc-5b02-4415-b852-ce5e8bccb289,false,,external_pointee_storage
Windows.Win32.Graphics.Direct3D9,IDirect3DQuery9,d9771460-a695-4f26-bbd3-27b840b541cc,false,,external_pointee_storage
Windows.Win32.Graphics.Direct3D9,IDirect3DResource9,05eec05d-8f7d-4362-b999-d1baf357c704,false,,external_pointee_storage
Windows.Win32.Graphics.Direct3D9,IDirect3DStateBlock9,b07c4fe5-310d-4ba8-a23c-4f0f206f218b,true,standard_derived,
Windows.Win32.Graphics.Direct3D9,IDirect3DSurface9,0cfbaf3a-9ff6-429a-99b3-a2796af8b89b,false,,external_pointee_storage
Windows.Win32.Graphics.Direct3D9,IDirect3DSwapChain9,794950f2-adfc-458a-905e-10a10b0b503b,false,,external_pointee_storage
Windows.Win32.Graphics.Direct3D9,IDirect3DSwapChain9Ex,91886caf-1c3d-4d2e-a0ab-3e4c7d8d3303,false,,external_pointee_storage
Windows.Win32.Graphics.Direct3D9,IDirect3DTexture9,85c31227-3de5-4f00-9b3a-f11ac38c18b5,false,,external_pointee_storage
Windows.Win32.Graphics.Direct3D9,IDirect3DVertexBuffer9,b64bb1b5-fd70-4df6-bf91-19d0a12455e3,false,,external_pointee_storage
Windows.Win32.Graphics.Direct3D9,IDirect3DVertexDeclaration9,dd13c59c-36fa-4098-a8fb-c7ed39dc8546,true,standard_derived,
Windows.Win32.Graphics.Direct3D9,IDirect3DVertexShader9,efc5557e-6265-4613-8a94-43857889eb36,false,,external_pointee_storage
Windows.Win32.Graphics.Direct3D9,IDirect3DVolume9,24f416e6-1f67-4aa7-b88e-d33f6f3128a1,false,,external_pointee_storage
Windows.Win32.Graphics.Direct3D9,IDirect3DVolumeTexture9,2518526c-e789-4111-a7b9-47ef328d13e6,false,,external_pointee_storage
Windows.Win32.Graphics.Direct3D9on12,IDirect3DDevice9On12,e7fda234-b589-4049-940d-8878977531c8,false,,missing_allocator
Windows.Win32.Graphics.DirectComposition,IDCompositionAffineTransform2DEffect,0b74b9e8-cdd6-492f-bbbc-5ed32157026d,false,,external_pointee_storage
Windows.Win32.Graphics.DirectComposition,IDCompositionAnimation,cbfd91d9-51b2-45e4-b3de-d19ccfb863c5,true,standard_derived,
Windows.Win32.Graphics.DirectComposition,IDCompositionArithmeticCompositeEffect,3b67dfa8-e3dd-4e61-b640-46c2f3d739dc,true,standard_derived,
Windows.Win32.Graphics.DirectComposition,IDCompositionBlendEffect,33ecdc0a-578a-4a11-9c14-0cb90517f9c5,true,standard_derived,
Windows.Win32.Graphics.DirectComposition,IDCompositionBrightnessEffect,6027496e-cb3a-49ab-934f-d798da4f7da6,true,standard_derived,
Windows.Win32.Graphics.DirectComposition,IDCompositionClip,64ac3703-9d3f-45ec-a109-7cac0e7a13a7,true,standard_derived,
Windows.Win32.Graphics.DirectComposition,IDCompositionColorMatrixEffect,c1170a22-3ce2-4966-90d4-55408bfc84c4,false,,external_pointee_storage
Windows.Win32.Graphics.DirectComposition,IDCompositionCompositeEffect,576616c0-a231-494d-a38d-00fd5ec4db46,true,standard_derived,
Windows.Win32.Graphics.DirectComposition,IDCompositionDelegatedInkTrail,c2448e9b-547d-4057-8cf5-8144ede1c2da,true,standard_derived,
Windows.Win32.Graphics.DirectComposition,IDCompositionDesktopDevice,5f4633fe-1e08-4cb8-8c75-ce24333f5602,true,standard_derived,
Windows.Win32.Graphics.DirectComposition,IDCompositionDevice,c37ea93a-e7aa-450d-b16f-9746cb0407f3,true,standard_derived,
Windows.Win32.Graphics.DirectComposition,IDCompositionDevice2,75f6468d-1b8e-447c-9bc6-75fea80b5b25,true,standard_derived,
Windows.Win32.Graphics.DirectComposition,IDCompositionDevice3,0987cb06-f916-48bf-8d35-ce7641781bd9,true,standard_derived,
Windows.Win32.Graphics.DirectComposition,IDCompositionDevice4,85fc5cca-2da6-494c-86b6-4a775c049b8a,true,standard_derived,
Windows.Win32.Graphics.DirectComposition,IDCompositionDevice5,2c6bebfe-a603-472f-af34-d2443356e61b,true,standard_derived,
Windows.Win32.Graphics.DirectComposition,IDCompositionDeviceDebug,a1a3c64a-224f-4a81-9773-4f03a89d3c6c,true,standard_derived,
Windows.Win32.Graphics.DirectComposition,IDCompositionDynamicTexture,a1de1d3f-6405-447f-8e95-1383a34b0277,false,,safe_projection_incomplete
Windows.Win32.Graphics.DirectComposition,IDCompositionEffect,ec81b08f-bfcb-4e8d-b193-a915587999e8,true,standard_derived,
Windows.Win32.Graphics.DirectComposition,IDCompositionEffectGroup,a7929a74-e6b2-4bd6-8b95-4040119ca34d,true,standard_derived,
Windows.Win32.Graphics.DirectComposition,IDCompositionFilterEffect,30c421d5-8cb2-4e9f-b133-37be270d4ac2,true,standard_derived,
Windows.Win32.Graphics.DirectComposition,IDCompositionGaussianBlurEffect,45d4d0b7-1bd4-454e-8894-2bfa68443033,true,standard_derived,
Windows.Win32.Graphics.DirectComposition,IDCompositionHueRotationEffect,6db9f920-0770-4781-b0c6-381912f9d167,true,standard_derived,
Windows.Win32.Graphics.DirectComposition,IDCompositionInkTrailDevice,df0c7cec-cdeb-4d4a-b91c-721bf22f4e6c,true,standard_derived,
Windows.Win32.Graphics.DirectComposition,IDCompositionLinearTransferEffect,4305ee5b-c4a0-4c88-9385-67124e017683,true,standard_derived,
Windows.Win32.Graphics.DirectComposition,IDCompositionMatrixTransform,16cdff07-c503-419c-83f2-0965c7af1fa6,false,,external_pointee_storage
Windows.Win32.Graphics.DirectComposition,IDCompositionMatrixTransform3D,4b3363f0-643b-41b7-b6e0-ccf22d34467c,false,,external_pointee_storage
Windows.Win32.Graphics.DirectComposition,IDCompositionRectangleClip,9842ad7d-d9cf-4908-aed7-48b51da5e7c2,true,standard_derived,
Windows.Win32.Graphics.DirectComposition,IDCompositionRotateTransform,641ed83c-ae96-46c5-90dc-32774cc5c6d5,true,standard_derived,
Windows.Win32.Graphics.DirectComposition,IDCompositionRotateTransform3D,d8f5b23f-d429-4a91-b55a-d2f45fd75b18,true,standard_derived,
Windows.Win32.Graphics.DirectComposition,IDCompositionSaturationEffect,a08debda-3258-4fa4-9f16-9174d3fe93b1,true,standard_derived,
Windows.Win32.Graphics.DirectComposition,IDCompositionScaleTransform,71fde914-40ef-45ef-bd51-68b037c339f9,true,standard_derived,
Windows.Win32.Graphics.DirectComposition,IDCompositionScaleTransform3D,2a9e9ead-364b-4b15-a7c4-a1997f78b389,true,standard_derived,
Windows.Win32.Graphics.DirectComposition,IDCompositionShadowEffect,4ad18ac0-cfd2-4c2f-bb62-96e54fdb6879,true,standard_derived,
Windows.Win32.Graphics.DirectComposition,IDCompositionSkewTransform,e57aa735-dcdb-4c72-9c61-0591f58889ee,true,standard_derived,
Windows.Win32.Graphics.DirectComposition,IDCompositionSurface,bb8a4953-2c99-4f5a-96f5-4819027fa3ac,true,standard_derived,
Windows.Win32.Graphics.DirectComposition,IDCompositionSurfaceFactory,e334bc12-3937-4e02-85eb-fcf4eb30d2c8,true,standard_derived,
Windows.Win32.Graphics.DirectComposition,IDCompositionTableTransferEffect,9b7e82e2-69c5-4eb4-a5f5-a7033f5132cd,true,standard_derived,
Windows.Win32.Graphics.DirectComposition,IDCompositionTarget,eacdd04c-117e-4e17-88f4-d1b12b0e3d89,true,standard_derived,
Windows.Win32.Graphics.DirectComposition,IDCompositionTexture,929bb1aa-725f-433b-abd7-273075a835f2,true,standard_derived,
Windows.Win32.Graphics.DirectComposition,IDCompositionTransform,fd55faa7-37e0-4c20-95d2-9be45bc33f55,true,standard_derived,
Windows.Win32.Graphics.DirectComposition,IDCompositionTransform3D,71185722-246b-41f2-aad1-0443f7f4bfc2,true,standard_derived,
Windows.Win32.Graphics.DirectComposition,IDCompositionTranslateTransform,06791122-c6f0-417d-8323-269e987f5954,true,standard_derived,
Windows.Win32.Graphics.DirectComposition,IDCompositionTranslateTransform3D,91636d4b-9ba1-4532-aaf7-e3344994d788,true,standard_derived,
Windows.Win32.Graphics.DirectComposition,IDCompositionTurbulenceEffect,a6a55bda-c09c-49f3-9193-a41922c89715,true,standard_derived,
Windows.Win32.Graphics.DirectComposition,IDCompositionVirtualSurface,ae471c51-5f53-4a24-8d3e-d0c39c30b3f0,false,,missing_allocator
Windows.Win32.Graphics.DirectComposition,IDCompositionVisual,4d93059d-097b-4651-9a60-f0f25116e2f3,false,,external_pointee_storage
Windows.Win32.Graphics.DirectComposition,IDCompositionVisual2,e8de1639-4331-4b26-bc5f-6a321d347a85,false,,external_pointee_storage
Windows.Win32.Graphics.DirectComposition,IDCompositionVisual3,2775f462-b6c1-4015-b0be-b3e7d6a4976d,false,,external_pointee_storage
Windows.Win32.Graphics.DirectComposition,IDCompositionVisualDebug,fed2b808-5eb4-43a0-aea3-35f65280f91b,false,,external_pointee_storage
Windows.Win32.Graphics.DirectDraw,IDDVideoPortContainer,6c142760-a733-11ce-a521-0020af0be560,false,,external_pointee_storage
Windows.Win32.Graphics.DirectDraw,IDirectDraw,6c14db80-a733-11ce-a521-0020af0be560,false,,incomplete_pointee_layout_for_storage
Windows.Win32.Graphics.DirectDraw,IDirectDraw2,b3a6f3e0-2b43-11cf-a2de-00aa00b93356,false,,incomplete_pointee_layout_for_storage
Windows.Win32.Graphics.DirectDraw,IDirectDraw4,9c59509a-39bd-11d1-8c4a-00c04fd930c5,false,,incomplete_pointee_layout_for_storage
Windows.Win32.Graphics.DirectDraw,IDirectDraw7,15e65ec0-3b9c-11d2-b92f-00609797ea5b,false,,incomplete_pointee_layout_for_storage
Windows.Win32.Graphics.DirectDraw,IDirectDrawClipper,6c14db85-a733-11ce-a521-0020af0be560,false,,incomplete_pointee_layout_for_storage
Windows.Win32.Graphics.DirectDraw,IDirectDrawColorControl,4b9f0ee0-0d7e-11d0-9b06-00a0c903a3b8,true,standard_derived,
Windows.Win32.Graphics.DirectDraw,IDirectDrawGammaControl,69c11c3e-b46b-11d1-ad7a-00c04fc29b4e,true,standard_derived,
Windows.Win32.Graphics.DirectDraw,IDirectDrawKernel,8d56c120-6a08-11d0-9b06-00a0c903a3b8,true,standard_derived,
Windows.Win32.Graphics.DirectDraw,IDirectDrawPalette,6c14db84-a733-11ce-a521-0020af0be560,true,standard_derived,
Windows.Win32.Graphics.DirectDraw,IDirectDrawSurface,6c14db81-a733-11ce-a521-0020af0be560,false,,incomplete_pointee_layout_for_storage
Windows.Win32.Graphics.DirectDraw,IDirectDrawSurface2,57805885-6eec-11cf-9441-a82303c10e27,false,,incomplete_pointee_layout_for_storage
Windows.Win32.Graphics.DirectDraw,IDirectDrawSurface3,da044e00-69b2-11d0-a1d5-00aa00b8dfbb,false,,incomplete_pointee_layout_for_storage
Windows.Win32.Graphics.DirectDraw,IDirectDrawSurface4,0b2b8630-ad35-11d0-8ea6-00609797ea5b,false,,incomplete_pointee_layout_for_storage
Windows.Win32.Graphics.DirectDraw,IDirectDrawSurface7,06675a80-3b9b-11d2-b92f-00609797ea5b,false,,incomplete_pointee_layout_for_storage
Windows.Win32.Graphics.DirectDraw,IDirectDrawSurfaceKernel,60755da0-6a40-11d0-9b06-00a0c903a3b8,true,standard_derived,
Windows.Win32.Graphics.DirectDraw,IDirectDrawVideoPort,b36d93e0-2b43-11cf-a2de-00aa00b93356,false,,incomplete_pointee_layout_for_storage
Windows.Win32.Graphics.DirectDraw,IDirectDrawVideoPortNotify,a655fb94-0589-4e57-b333-567a89468c88,false,,missing_handle_ownership
Windows.Win32.Graphics.DirectManipulation,IDirectManipulationAutoScrollBehavior,6d5954d4-2003-4356-9b31-d051c9ff0af7,true,standard_derived,
Windows.Win32.Graphics.DirectManipulation,IDirectManipulationCompositor,537a0825-0387-4efa-b62f-71eb1f085a7e,true,standard_derived,
Windows.Win32.Graphics.DirectManipulation,IDirectManipulationCompositor2,d38c7822-f1cb-43cb-b4b9-ac0c767a412e,true,standard_derived,
Windows.Win32.Graphics.DirectManipulation,IDirectManipulationContent,b89962cb-3d89-442b-bb58-5098fa0f9f16,false,,missing_allocator
Windows.Win32.Graphics.DirectManipulation,IDirectManipulationDeferContactService,652d5c71-fe60-4a98-be70-e5f21291e7f1,true,standard_derived,
Windows.Win32.Graphics.DirectManipulation,IDirectManipulationDragDropBehavior,814b5af5-c2c8-4270-a9b7-a198ce8d02fa,true,standard_derived,
Windows.Win32.Graphics.DirectManipulation,IDirectManipulationDragDropEventHandler,1fa11b10-701b-41ae-b5f2-49e36bd595aa,true,standard_derived,
Windows.Win32.Graphics.DirectManipulation,IDirectManipulationFrameInfoProvider,fb759dba-6f4c-4c01-874e-19c8a05907f9,true,standard_derived,
Windows.Win32.Graphics.DirectManipulation,IDirectManipulationInteractionEventHandler,e43f45b8-42b4-403e-b1f2-273b8f510830,true,standard_derived,
Windows.Win32.Graphics.DirectManipulation,IDirectManipulationManager,fbf5d3b4-70c7-4163-9322-5a6f660d6fbc,true,standard_derived,
Windows.Win32.Graphics.DirectManipulation,IDirectManipulationManager2,fa1005e9-3d16-484c-bfc9-62b61e56ec4e,true,standard_derived,
Windows.Win32.Graphics.DirectManipulation,IDirectManipulationManager3,2cb6b33d-ffe8-488c-b750-fbdfe88dca8c,true,standard_derived,
Windows.Win32.Graphics.DirectManipulation,IDirectManipulationPrimaryContent,c12851e4-1698-4625-b9b1-7ca3ec18630b,false,,safe_projection_incomplete
Windows.Win32.Graphics.DirectManipulation,IDirectManipulationUpdateHandler,790b6337-64f8-4ff5-a269-b32bc2af27a7,true,standard_derived,
Windows.Win32.Graphics.DirectManipulation,IDirectManipulationUpdateManager,b0ae62fd-be34-46e7-9caa-d361facbb9cc,true,standard_derived,
Windows.Win32.Graphics.DirectManipulation,IDirectManipulationViewport,28b85a3d-60a0-48bd-9ba1-5ce8d9ea3a6d,false,,missing_allocator
Windows.Win32.Graphics.DirectManipulation,IDirectManipulationViewport2,923ccaac-61e1-4385-b726-017af189882a,false,,missing_allocator
Windows.Win32.Graphics.DirectManipulation,IDirectManipulationViewportEventHandler,952121da-d69f-45f9-b0f9-f23944321a6d,true,standard_derived,
Windows.Win32.Graphics.DirectWrite,IDWriteAsyncResult,ce25f8fd-863b-4d13-9651-c1f88dc73fe2,false,,missing_handle_ownership
Windows.Win32.Graphics.DirectWrite,IDWriteBitmapRenderTarget,5e5a32a3-8dff-4773-9ff6-0696eab77267,false,,external_pointee_storage
Windows.Win32.Graphics.DirectWrite,IDWriteBitmapRenderTarget1,791e8298-3ef3-4230-9880-c9bdecc42064,false,,external_pointee_storage
Windows.Win32.Graphics.DirectWrite,IDWriteBitmapRenderTarget2,c553a742-fc01-44da-a66e-b8b9ed6c3995,false,,external_pointee_storage
Windows.Win32.Graphics.DirectWrite,IDWriteBitmapRenderTarget3,aeec37db-c337-40f1-8e2a-9a41b167b238,false,,external_pointee_storage
Windows.Win32.Graphics.DirectWrite,IDWriteColorGlyphRunEnumerator,d31fbe17-f157-41a2-8d24-cb779e0560e8,false,,external_pointee_storage
Windows.Win32.Graphics.DirectWrite,IDWriteColorGlyphRunEnumerator1,7c5f86da-c7a1-4f05-b8e1-55a179fe5a35,false,,external_pointee_storage
Windows.Win32.Graphics.DirectWrite,IDWriteFactory,b859ee5a-d838-4b5b-a2e8-1adc7d93db48,false,,external_pointee_storage
Windows.Win32.Graphics.DirectWrite,IDWriteFactory1,30572f99-dac6-41db-a16e-0486307e606a,false,,external_pointee_storage
Windows.Win32.Graphics.DirectWrite,IDWriteFactory2,0439fc60-ca44-4994-8dee-3a9af7b732ec,false,,external_pointee_storage
Windows.Win32.Graphics.DirectWrite,IDWriteFactory3,9a1b41c3-d3bb-466a-87fc-fe67556a3b65,false,,external_pointee_storage
Windows.Win32.Graphics.DirectWrite,IDWriteFactory4,4b0b5bd3-0797-4549-8ac5-fe915cc53856,false,,external_pointee_storage
Windows.Win32.Graphics.DirectWrite,IDWriteFactory5,958db99a-be2a-4f09-af7d-65189803d1d3,false,,external_pointee_storage
Windows.Win32.Graphics.DirectWrite,IDWriteFactory6,f3744d80-21f7-42eb-b35d-995bc72fc223,false,,external_pointee_storage
Windows.Win32.Graphics.DirectWrite,IDWriteFactory7,35d0e0b3-9076-4d2e-a016-a91b568a06b4,false,,external_pointee_storage
Windows.Win32.Graphics.DirectWrite,IDWriteFactory8,ee0a7fb5-def4-4c23-a454-c9c7dc878398,false,,external_pointee_storage
Windows.Win32.Graphics.DirectWrite,IDWriteFont,acd16696-8c14-4f5d-877e-fe3fc1d32737,true,standard_derived,
Windows.Win32.Graphics.DirectWrite,IDWriteFont1,acd16696-8c14-4f5d-877e-fe3fc1d32738,false,,incomplete_pointee_layout_for_storage
Windows.Win32.Graphics.DirectWrite,IDWriteFont2,29748ed6-8c9c-4a6a-be0b-d912e8538944,false,,incomplete_pointee_layout_for_storage
Windows.Win32.Graphics.DirectWrite,IDWriteFont3,29748ed6-8c9c-4a6a-be0b-d912e8538944,false,,incomplete_pointee_layout_for_storage
Windows.Win32.Graphics.DirectWrite,IDWriteFontCollection,a84cee02-3eea-4eee-a827-87c1a02a0fcc,true,standard_derived,
Windows.Win32.Graphics.DirectWrite,IDWriteFontCollection1,53585141-d9f8-4095-8321-d73cf6bd116c,false,,safe_projection_incomplete
Windows.Win32.Graphics.DirectWrite,IDWriteFontCollection2,514039c6-4617-4064-bf8b-92ea83e506e0,false,,safe_projection_incomplete
Windows.Win32.Graphics.DirectWrite,IDWriteFontCollection3,a4d055a6-f9e3-4e25-93b7-9e309f3af8e9,false,,missing_handle_ownership
Windows.Win32.Graphics.DirectWrite,IDWriteFontCollectionLoader,cca920e4-52f0-492b-bfa8-29c72ee0a468,true,standard_derived,
Windows.Win32.Graphics.DirectWrite,IDWriteFontDownloadListener,b06fe5b9-43ec-4393-881b-dbe4dc72fda7,true,standard_derived,
Windows.Win32.Graphics.DirectWrite,IDWriteFontDownloadQueue,b71e6052-5aea-4fa3-832e-f60d431f7e91,true,standard_derived,
Windows.Win32.Graphics.DirectWrite,IDWriteFontFace,5f49804d-7024-4d43-bfa9-d25984f53849,false,,external_pointee_storage
Windows.Win32.Graphics.DirectWrite,IDWriteFontFace1,a71efdb4-9fdb-4838-ad90-cfc3be8c3daf,false,,external_pointee_storage
Windows.Win32.Graphics.DirectWrite,IDWriteFontFace2,d8b768ff-64bc-4e66-982b-ec8e87f693f7,false,,external_pointee_storage
Windows.Win32.Graphics.DirectWrite,IDWriteFontFace3,d37d7598-09be-4222-a236-2081341cc1f2,false,,incomplete_pointee_layout_for_storage
Windows.Win32.Graphics.DirectWrite,IDWriteFontFace4,27f2a904-4eb8-441d-9678-0563f53e3e2f,false,,incomplete_pointee_layout_for_storage
Windows.Win32.Graphics.DirectWrite,IDWriteFontFace5,98eff3a5-b667-479a-b145-e2fa5b9fdc29,false,,incomplete_pointee_layout_for_storage
Windows.Win32.Graphics.DirectWrite,IDWriteFontFace6,c4b1fe1b-6e84-47d5-b54c-a597981b06ad,false,,incomplete_pointee_layout_for_storage
Windows.Win32.Graphics.DirectWrite,IDWriteFontFace7,3945b85b-bc95-40f7-b72c-8b73bfc7e13b,false,,incomplete_pointee_layout_for_storage
Windows.Win32.Graphics.DirectWrite,IDWriteFontFaceReference,5e7fa7ca-dde3-424c-89f0-9fcd6fed58cd,true,standard_derived,
Windows.Win32.Graphics.DirectWrite,IDWriteFontFaceReference1,c081fe77-2fd1-41ac-a5a3-34983c4ba61a,false,,safe_projection_incomplete
Windows.Win32.Graphics.DirectWrite,IDWriteFontFallback,efa008f9-f7a1-48bf-b05c-f224713cc0ff,true,standard_derived,
Windows.Win32.Graphics.DirectWrite,IDWriteFontFallback1,2397599d-dd0d-4681-bd6a-f4f31eaade77,false,,safe_projection_incomplete
Windows.Win32.Graphics.DirectWrite,IDWriteFontFallbackBuilder,fd882d06-8aba-4fb8-b849-8be8b73e14de,false,,safe_projection_incomplete
Windows.Win32.Graphics.DirectWrite,IDWriteFontFamily,da20d8ef-812a-4c43-9802-62ec4abd7add,true,standard_derived,
Windows.Win32.Graphics.DirectWrite,IDWriteFontFamily1,da20d8ef-812a-4c43-9802-62ec4abd7adf,false,,safe_projection_incomplete
Windows.Win32.Graphics.DirectWrite,IDWriteFontFamily2,3ed49e77-a398-4261-b9cf-c126c2131ef3,false,,safe_projection_incomplete
Windows.Win32.Graphics.DirectWrite,IDWriteFontFile,739d886a-cef5-47dc-8769-1a8b41bebbb0,false,,missing_allocator
Windows.Win32.Graphics.DirectWrite,IDWriteFontFileEnumerator,72755049-5ff7-435d-8348-4be97cfa6c7c,true,standard_derived,
Windows.Win32.Graphics.DirectWrite,IDWriteFontFileLoader,727cad4e-d6af-4c9e-8a08-d695b11caa49,true,standard_derived,
Windows.Win32.Graphics.DirectWrite,IDWriteFontFileStream,6d4865fe-0ab8-4d91-8f62-5dd6be34a3e0,false,,external_pointee_storage
Windows.Win32.Graphics.DirectWrite,IDWriteFontList,1a0d8438-1d97-4ec1-aef9-a2fb86ed6acb,true,standard_derived,
Windows.Win32.Graphics.DirectWrite,IDWriteFontList1,da20d8ef-812a-4c43-9802-62ec4abd7ade,false,,safe_projection_incomplete
Windows.Win32.Graphics.DirectWrite,IDWriteFontList2,c0763a34-77af-445a-b735-08c37b0a5bf5,false,,safe_projection_incomplete
Windows.Win32.Graphics.DirectWrite,IDWriteFontResource,1f803a76-6871-48e8-987f-b975551c50f2,false,,safe_projection_incomplete
Windows.Win32.Graphics.DirectWrite,IDWriteFontSet,53585141-d9f8-4095-8321-d73cf6bd116b,false,,safe_projection_incomplete
Windows.Win32.Graphics.DirectWrite,IDWriteFontSet1,7e9fda85-6c92-4053-bc47-7ae3530db4d3,false,,safe_projection_incomplete
Windows.Win32.Graphics.DirectWrite,IDWriteFontSet2,dc7ead19-e54c-43af-b2da-4e2b79ba3f7f,false,,missing_handle_ownership
Windows.Win32.Graphics.DirectWrite,IDWriteFontSet3,7c073ef2-a7f4-4045-8c32-8ab8ae640f90,false,,missing_handle_ownership
Windows.Win32.Graphics.DirectWrite,IDWriteFontSet4,eec175fc-bea9-4c86-8b53-ccbdd7df0c82,false,,missing_count_relation
Windows.Win32.Graphics.DirectWrite,IDWriteFontSetBuilder,2f642afe-9c68-4f40-b8be-457401afcb3d,false,,safe_projection_incomplete
Windows.Win32.Graphics.DirectWrite,IDWriteFontSetBuilder1,3ff7715f-3cdc-4dc6-9b72-ec5621dccafd,false,,safe_projection_incomplete
Windows.Win32.Graphics.DirectWrite,IDWriteFontSetBuilder2,ee5ba612-b131-463c-8f4f-3189b9401e45,false,,safe_projection_incomplete
Windows.Win32.Graphics.DirectWrite,IDWriteGdiInterop,1edd9491-9853-4299-898f-6432983b6f3a,true,standard_derived,
Windows.Win32.Graphics.DirectWrite,IDWriteGdiInterop1,4556be70-3abd-4f70-90be-421780a6f515,false,,safe_projection_incomplete
Windows.Win32.Graphics.DirectWrite,IDWriteGlyphRunAnalysis,7d97dbf7-e085-42d4-81e3-6a883bded118,true,standard_derived,
Windows.Win32.Graphics.DirectWrite,IDWriteInMemoryFontFileLoader,dc102f47-a12d-4b1c-822d-9e117e33043f,true,standard_derived,
Windows.Win32.Graphics.DirectWrite,IDWriteInlineObject,8339fde3-106f-47ab-8373-1c6295eb10b3,true,standard_derived,
Windows.Win32.Graphics.DirectWrite,IDWriteLocalFontFileLoader,b2d9f3ec-c9fe-4a11-a2ec-d86208f7c0a2,true,standard_derived,
Windows.Win32.Graphics.DirectWrite,IDWriteLocalizedStrings,08256209-099a-4b34-b86d-c22b110e7771,true,standard_derived,
Windows.Win32.Graphics.DirectWrite,IDWriteNumberSubstitution,14885cc9-bab0-4f90-b6ed-5c366a2cd03d,true,standard_derived,
Windows.Win32.Graphics.DirectWrite,IDWritePaintReader,8128e912-3b97-42a5-ab6c-24aad3a86e54,false,,incomplete_pointee_layout_for_storage
Windows.Win32.Graphics.DirectWrite,IDWritePixelSnapping,eaf3a2da-ecf4-4d24-b644-b34f6842024b,true,standard_derived,
Windows.Win32.Graphics.DirectWrite,IDWriteRemoteFontFileLoader,68648c83-6ede-46c0-ab46-20083a887fde,true,standard_derived,
Windows.Win32.Graphics.DirectWrite,IDWriteRemoteFontFileStream,4db3757a-2c72-4ed9-b2b6-1ababe1aff9c,false,,external_pointee_storage
Windows.Win32.Graphics.DirectWrite,IDWriteRenderingParams,2f0da53a-2add-47cd-82ee-d9ec34688e75,true,standard_derived,
Windows.Win32.Graphics.DirectWrite,IDWriteRenderingParams1,94413cf4-a6fc-4248-8b50-6674348fcad3,true,standard_derived,
Windows.Win32.Graphics.DirectWrite,IDWriteRenderingParams2,f9d711c3-9777-40ae-87e8-3e5af9bf0948,true,standard_derived,
Windows.Win32.Graphics.DirectWrite,IDWriteRenderingParams3,b7924baa-391b-412a-8c5c-e44cc2d867dc,true,standard_derived,
Windows.Win32.Graphics.DirectWrite,IDWriteStringList,cfee3140-1157-47ca-8b85-31bfcf3f2d0e,true,standard_derived,
Windows.Win32.Graphics.DirectWrite,IDWriteTextAnalysisSink,5810cd44-0ca0-4701-b3fa-bec5182ae4f6,false,,external_pointee_storage
Windows.Win32.Graphics.DirectWrite,IDWriteTextAnalysisSink1,b0d941a0-85e7-4d8b-9fd3-5ced9934482a,false,,external_pointee_storage
Windows.Win32.Graphics.DirectWrite,IDWriteTextAnalysisSource,688e1a58-5094-47c8-adc8-fbcea60ae92b,false,,missing_allocator
Windows.Win32.Graphics.DirectWrite,IDWriteTextAnalysisSource1,639cfad8-0fb4-4b21-a58a-067920120009,false,,missing_allocator
Windows.Win32.Graphics.DirectWrite,IDWriteTextAnalyzer,b7e6163e-7f46-43b4-84b3-e4e6249c365d,false,,incomplete_pointee_layout_for_storage
Windows.Win32.Graphics.DirectWrite,IDWriteTextAnalyzer1,80dad800-e21f-4e83-96ce-bfcce500db7c,false,,incomplete_pointee_layout_for_storage
Windows.Win32.Graphics.DirectWrite,IDWriteTextAnalyzer2,553a9ff3-5693-4df7-b52b-74806f7f2eb9,false,,incomplete_pointee_layout_for_storage
Windows.Win32.Graphics.DirectWrite,IDWriteTextFormat,9c906818-31d7-4fd3-a151-7c5e225db55a,true,standard_derived,
Windows.Win32.Graphics.DirectWrite,IDWriteTextFormat1,5f174b49-0d8b-4cfb-8bca-f1cce9d06c67,true,standard_derived,
Windows.Win32.Graphics.DirectWrite,IDWriteTextFormat2,f67e0edd-9e3d-4ecc-8c32-4183253dfe70,false,,safe_projection_incomplete
Windows.Win32.Graphics.DirectWrite,IDWriteTextFormat3,6d3b5641-e550-430d-a85b-b7bf48a93427,false,,safe_projection_incomplete
Windows.Win32.Graphics.DirectWrite,IDWriteTextLayout,53737037-6d14-410b-9bfe-0b182bb70961,false,,incomplete_pointee_layout_for_storage
Windows.Win32.Graphics.DirectWrite,IDWriteTextLayout1,9064d822-80a7-465c-a986-df65f78b8feb,false,,incomplete_pointee_layout_for_storage
Windows.Win32.Graphics.DirectWrite,IDWriteTextLayout2,1093c18f-8d5e-43f0-b064-0917311b525e,false,,incomplete_pointee_layout_for_storage
Windows.Win32.Graphics.DirectWrite,IDWriteTextLayout3,07ddcd52-020e-4de8-ac33-6c953d83f92d,false,,incomplete_pointee_layout_for_storage
Windows.Win32.Graphics.DirectWrite,IDWriteTextLayout4,05a9bf42-223f-4441-b5fb-8263685f55e9,false,,incomplete_pointee_layout_for_storage
Windows.Win32.Graphics.DirectWrite,IDWriteTextRenderer,ef8a8135-5cc6-45fe-8825-c5a0724eb819,false,,external_pointee_storage
Windows.Win32.Graphics.DirectWrite,IDWriteTextRenderer1,d3e0e934-22a0-427e-aae4-7d9574b59db1,false,,external_pointee_storage
Windows.Win32.Graphics.DirectWrite,IDWriteTypography,55f1112b-1dc2-4b3c-9541-f46894ed85b6,true,standard_derived,
Windows.Win32.Graphics.Dxgi,IDXGIAdapter,2411e7e1-12ac-4ccf-bd14-9798e8534dc0,false,,external_pointee_storage
Windows.Win32.Graphics.Dxgi,IDXGIAdapter1,29038f61-3839-4626-91fd-086879011a05,false,,external_pointee_storage
Windows.Win32.Graphics.Dxgi,IDXGIAdapter2,0aa1ae0a-fa0e-4b84-8644-e05ff8e5acb5,false,,external_pointee_storage
Windows.Win32.Graphics.Dxgi,IDXGIAdapter3,645967a4-1392-4310-a798-8053ce3e93fd,false,,external_pointee_storage
Windows.Win32.Graphics.Dxgi,IDXGIAdapter4,3c8d99d1-4fbf-4181-a82c-af66bf7bd24e,false,,external_pointee_storage
Windows.Win32.Graphics.Dxgi,IDXGIDebug,119e7452-de9e-40fe-8806-88f90c12b441,true,standard_derived,
Windows.Win32.Graphics.Dxgi,IDXGIDebug1,c5a05f0c-16f2-4adf-9f4d-a8c4d58ac550,true,standard_derived,
Windows.Win32.Graphics.Dxgi,IDXGIDecodeSwapChain,2633066b-4514-4c7a-8fd8-12ea98059d18,true,standard_derived,
Windows.Win32.Graphics.Dxgi,IDXGIDevice,54ec77fa-1377-44e6-8c32-88fd5f44c84c,false,,external_pointee_storage
Windows.Win32.Graphics.Dxgi,IDXGIDevice1,77db970f-6276-48ba-ba28-070143b4392c,false,,external_pointee_storage
Windows.Win32.Graphics.Dxgi,IDXGIDevice2,05008617-fbfd-4051-a790-144884b4f6a9,false,,external_pointee_storage
Windows.Win32.Graphics.Dxgi,IDXGIDevice3,6007896c-3244-4afd-bf18-a6d3beda5023,false,,external_pointee_storage
Windows.Win32.Graphics.Dxgi,IDXGIDevice4,95b4f95f-d8da-4ca4-9ee6-3b76d5968a10,false,,external_pointee_storage
Windows.Win32.Graphics.Dxgi,IDXGIDeviceSubObject,3d3e0379-f9de-4d58-bb6c-18d62992f1a6,false,,external_pointee_storage
Windows.Win32.Graphics.Dxgi,IDXGIDisplayControl,ea9dbf1a-c88e-4486-854a-98aa0138f30c,true,standard_derived,
Windows.Win32.Graphics.Dxgi,IDXGIFactory,7b7166ec-21c7-44ae-b21a-c9ae321ae369,false,,external_pointee_storage
Windows.Win32.Graphics.Dxgi,IDXGIFactory1,770aae78-f26f-4dba-a829-253c83d1b387,false,,external_pointee_storage
Windows.Win32.Graphics.Dxgi,IDXGIFactory2,50c83a1c-e072-4c48-87b0-3630fa36a6d0,false,,external_pointee_storage
Windows.Win32.Graphics.Dxgi,IDXGIFactory3,25483823-cd46-4c7d-86ca-47aa95b837bd,false,,external_pointee_storage
Windows.Win32.Graphics.Dxgi,IDXGIFactory4,1bc6ea02-ef36-464f-bf0c-21ca39e5168a,false,,external_pointee_storage
Windows.Win32.Graphics.Dxgi,IDXGIFactory5,7632e1f5-ee65-4dca-87fd-84cd75f8838d,false,,external_pointee_storage
Windows.Win32.Graphics.Dxgi,IDXGIFactory6,c1b6694f-ff09-44a9-b03c-77900a0a1d17,false,,external_pointee_storage
Windows.Win32.Graphics.Dxgi,IDXGIFactory7,a4966eed-76db-44da-84c1-ee9a7afb20a8,false,,external_pointee_storage
Windows.Win32.Graphics.Dxgi,IDXGIFactoryMedia,41e7d1f2-a591-4f7b-a2e5-fa9c843e1c12,true,standard_derived,
Windows.Win32.Graphics.Dxgi,IDXGIInfoQueue,d67441c7-672a-476f-9e82-cd55b44949ce,false,,nested_pointer_lifetime
Windows.Win32.Graphics.Dxgi,IDXGIKeyedMutex,9d8e1289-d7b3-465f-8126-250e349af85d,false,,external_pointee_storage
Windows.Win32.Graphics.Dxgi,IDXGIObject,aec22fb8-76f3-4639-9be0-28eb43a67a2e,false,,external_pointee_storage
Windows.Win32.Graphics.Dxgi,IDXGIOutput,ae02eedb-c735-4690-8d52-5a8dc20213aa,false,,external_pointee_storage
Windows.Win32.Graphics.Dxgi,IDXGIOutput1,00cddea8-939b-4b83-a340-a685226666cc,false,,external_pointee_storage
Windows.Win32.Graphics.Dxgi,IDXGIOutput2,595e39d1-2724-4663-99b1-da969de28364,false,,external_pointee_storage
Windows.Win32.Graphics.Dxgi,IDXGIOutput3,8a6bb301-7e7e-41f4-a8e0-5b32f7f99b18,false,,external_pointee_storage
Windows.Win32.Graphics.Dxgi,IDXGIOutput4,dc7dca35-2196-414d-9f53-617884032a60,false,,external_pointee_storage
Windows.Win32.Graphics.Dxgi,IDXGIOutput5,80a07424-ab52-42eb-833c-0c42fd282d98,false,,external_pointee_storage
Windows.Win32.Graphics.Dxgi,IDXGIOutput6,068346e8-aaec-4b84-add7-137f513f77a1,false,,external_pointee_storage
Windows.Win32.Graphics.Dxgi,IDXGIOutputDuplication,191cfac3-a341-470d-b26e-a864f428319c,false,,external_pointee_storage
Windows.Win32.Graphics.Dxgi,IDXGIResource,035f3ab4-482e-4e50-b41f-8a7f8bd8960b,false,,external_pointee_storage
Windows.Win32.Graphics.Dxgi,IDXGIResource1,30961379-4609-4a41-998e-54fe567ee0c1,false,,external_pointee_storage
Windows.Win32.Graphics.Dxgi,IDXGISurface,cafcb56c-6ac3-4889-bf47-9e23bbd260ec,false,,external_pointee_storage
Windows.Win32.Graphics.Dxgi,IDXGISurface1,4ae63092-6327-4c1b-80ae-bfe12ea32b86,false,,external_pointee_storage
Windows.Win32.Graphics.Dxgi,IDXGISurface2,aba496dd-b617-4cb8-a866-bc44d7eb1fa2,false,,external_pointee_storage
Windows.Win32.Graphics.Dxgi,IDXGISwapChain,310d36a0-d2e7-4c0a-aa04-6a9d23b8886a,false,,external_pointee_storage
Windows.Win32.Graphics.Dxgi,IDXGISwapChain1,790a45f7-0d42-4876-983a-0a55cfe6f4aa,false,,external_pointee_storage
Windows.Win32.Graphics.Dxgi,IDXGISwapChain2,a8be2ac4-199f-4946-b331-79599fb98de7,false,,external_pointee_storage
Windows.Win32.Graphics.Dxgi,IDXGISwapChain3,94d99bdb-f1f8-4ab0-b236-7da0170edab1,false,,external_pointee_storage
Windows.Win32.Graphics.Dxgi,IDXGISwapChain4,3d585d5a-bd4a-489e-b1f4-3dbcb6452ffb,false,,external_pointee_storage
Windows.Win32.Graphics.Dxgi,IDXGISwapChainMedia,dd95b90b-f05f-4f6a-bd65-25bfb264bd84,true,standard_derived,
Windows.Win32.Graphics.Dxgi,IDXGraphicsAnalysis,9f251514-9d4d-4902-9d60-18988ab7d4b5,true,standard_derived,
Windows.Win32.Graphics.GdiPlus,IImageBytes,025d1823-6c7d-447b-bbdb-a3cbc3dfa2fc,true,standard_derived,
Windows.Win32.Graphics.Imaging.D2D,IWICImageEncoder,04c75bf8-3ce1-473b-acc5-3cc4f5e94999,true,standard_derived,
Windows.Win32.Graphics.Imaging.D2D,IWICImagingFactory2,7b816b45-1996-4476-b132-de9e247c8af0,true,standard_derived,
Windows.Win32.Graphics.Imaging.D2D,IWICImagingFactory3,489b3d8b-624a-4258-b678-7eece70f299d,true,standard_derived,
Windows.Win32.Graphics.Imaging,IWICBitmap,00000121-a8f2-4877-ba0a-fd2b6645fb94,true,standard_derived,
Windows.Win32.Graphics.Imaging,IWICBitmapClipper,e4fbcf03-223d-4e81-9333-d635556dd1b5,true,standard_derived,
Windows.Win32.Graphics.Imaging,IWICBitmapCodecInfo,e87a44c4-b76e-4c47-8b09-298eb12a2714,false,,safe_projection_incomplete
Windows.Win32.Graphics.Imaging,IWICBitmapCodecProgressNotification,64c1024e-c3cf-4462-8078-88c2b11c46d9,false,,external_pointee_storage
Windows.Win32.Graphics.Imaging,IWICBitmapDecoder,9edde9e7-8dee-47ea-99df-e6faf2ed44bf,false,,missing_interface_replacement_contract
Windows.Win32.Graphics.Imaging,IWICBitmapDecoderInfo,d8cd007f-d08f-4191-9bfc-236ea7f0e4b5,false,,nested_pointer_lifetime
Windows.Win32.Graphics.Imaging,IWICBitmapEncoder,00000103-a8f2-4877-ba0a-fd2b6645fb94,false,,missing_interface_replacement_contract
Windows.Win32.Graphics.Imaging,IWICBitmapEncoderInfo,94c9b4ee-a09f-4f92-8a1e-4a9bce7e76fb,false,,safe_projection_incomplete
Windows.Win32.Graphics.Imaging,IWICBitmapFlipRotator,5009834f-2d6a-41ce-9e1b-17c5aff7a782,true,standard_derived,
Windows.Win32.Graphics.Imaging,IWICBitmapFrameChainReader,0c599495-a120-4222-9130-a8c29410bd0b,true,standard_derived,
Windows.Win32.Graphics.Imaging,IWICBitmapFrameChainWriter,40d9ea28-4768-47b3-8c12-558a48e98e38,false,,missing_interface_replacement_contract
Windows.Win32.Graphics.Imaging,IWICBitmapFrameDecode,3b16811b-6a43-4ec9-a813-3d930c13b940,false,,missing_interface_replacement_contract
Windows.Win32.Graphics.Imaging,IWICBitmapFrameEncode,00000105-a8f2-4877-ba0a-fd2b6645fb94,false,,safe_projection_incomplete
Windows.Win32.Graphics.Imaging,IWICBitmapLock,00000123-a8f2-4877-ba0a-fd2b6645fb94,false,,missing_allocator
Windows.Win32.Graphics.Imaging,IWICBitmapScaler,00000302-a8f2-4877-ba0a-fd2b6645fb94,true,standard_derived,
Windows.Win32.Graphics.Imaging,IWICBitmapSource,00000120-a8f2-4877-ba0a-fd2b6645fb94,true,standard_derived,
Windows.Win32.Graphics.Imaging,IWICBitmapSourceTransform,3b16811b-6a43-4ec9-b713-3d5a0c13b940,false,,safe_projection_incomplete
Windows.Win32.Graphics.Imaging,IWICBitmapSourceTransform2,c3373fdf-6d39-4e5f-8e79-bf40c0b7ed77,false,,safe_projection_incomplete
Windows.Win32.Graphics.Imaging,IWICBitmapToneMapper,44728ded-1edf-4fe9-b50b-c89a264c9439,true,standard_derived,
Windows.Win32.Graphics.Imaging,IWICColorContext,3c613a02-34b2-44ea-9a7c-45aea9c6fd6d,false,,safe_projection_incomplete
Windows.Win32.Graphics.Imaging,IWICColorTransform,b66f034f-d0e2-40ab-b436-6de39e321a94,true,standard_derived,
Windows.Win32.Graphics.Imaging,IWICComponentFactory,412d0c3a-9650-44fa-af5b-dd2a06c8e8fb,true,standard_derived,
Windows.Win32.Graphics.Imaging,IWICComponentInfo,23bc3f0a-698b-4357-886b-f24d50671334,false,,safe_projection_incomplete
Windows.Win32.Graphics.Imaging,IWICD3DTextureSource,caf65cc4-8ebe-4718-a21f-8dbf40bb7e25,true,standard_derived,
Windows.Win32.Graphics.Imaging,IWICDdsDecoder,409cd537-8532-40cb-9774-e2feb2df4e9c,true,standard_derived,
Windows.Win32.Graphics.Imaging,IWICDdsEncoder,5cacdb4c-407e-41b3-b936-d0f010cd6732,true,standard_derived,
Windows.Win32.Graphics.Imaging,IWICDdsFrameDecode,3d4c0c61-18a4-41e4-bd80-481a4fc9f464,true,standard_derived,
Windows.Win32.Graphics.Imaging,IWICDevelopRaw,fbec5e44-f7be-4b65-b7f8-c0c81fef026d,false,,incomplete_pointee_layout_for_storage
Windows.Win32.Graphics.Imaging,IWICDevelopRawNotificationCallback,95c75a6e-3e8c-4ec2-85a8-aebcc551e59b,true,standard_derived,
Windows.Win32.Graphics.Imaging,IWICDisplayAdaptationControl,de9d91d2-70b4-4f41-836c-25fcd39626d3,true,standard_derived,
Windows.Win32.Graphics.Imaging,IWICDisplayAdaptationControl2,d7508d29-3ab7-447e-a676-4d80d7de726b,true,standard_derived,
Windows.Win32.Graphics.Imaging,IWICEnumMetadataItem,dc2bb46d-3f07-481e-8625-220c4aedbb33,false,,safe_projection_incomplete
Windows.Win32.Graphics.Imaging,IWICFastMetadataEncoder,b84e2c09-78c9-4ac4-8bd3-524ae1663a2f,true,standard_derived,
Windows.Win32.Graphics.Imaging,IWICFormatConverter,00000301-a8f2-4877-ba0a-fd2b6645fb94,true,standard_derived,
Windows.Win32.Graphics.Imaging,IWICFormatConverterInfo,9f34fb65-13f4-4f15-bc57-3726b5e53d9f,false,,safe_projection_incomplete
Windows.Win32.Graphics.Imaging,IWICImagingFactory,ec5ec8a9-c395-4314-9c77-54d7a935ff70,true,standard_derived,
Windows.Win32.Graphics.Imaging,IWICJpegFrameDecode,8939f66e-c46a-4c21-a9d1-98b327ce1679,true,standard_derived,
Windows.Win32.Graphics.Imaging,IWICJpegFrameEncode,2f0c601f-d2c6-468c-abfa-49495d983ed1,true,standard_derived,
Windows.Win32.Graphics.Imaging,IWICMetadataBlockReader,feaa2a8d-b3f3-43e4-b25c-d1de990a1ae1,true,standard_derived,
Windows.Win32.Graphics.Imaging,IWICMetadataBlockWriter,08fb9676-b444-41e8-8dbe-6a53a542bff1,true,standard_derived,
Windows.Win32.Graphics.Imaging,IWICMetadataHandlerInfo,aba958bf-c672-44d1-8d61-ce6df2e682c2,false,,safe_projection_incomplete
Windows.Win32.Graphics.Imaging,IWICMetadataQueryReader,30989668-e1c9-4597-b395-458eedb808df,false,,safe_projection_incomplete
Windows.Win32.Graphics.Imaging,IWICMetadataQueryWriter,a721791a-0def-4d06-bd91-2118bf1db10b,false,,safe_projection_incomplete
Windows.Win32.Graphics.Imaging,IWICMetadataReader,9204fe99-d8fc-4fd5-a001-9536b067a899,false,,safe_projection_incomplete
Windows.Win32.Graphics.Imaging,IWICMetadataReaderInfo,eebf1f5b-07c1-4447-a3ab-22acaf78a804,false,,nested_pointer_lifetime
Windows.Win32.Graphics.Imaging,IWICMetadataWriter,f7836e16-3be0-470b-86bb-160d0aecd7de,false,,safe_projection_incomplete
Windows.Win32.Graphics.Imaging,IWICMetadataWriterInfo,b22e3fba-3925-4323-b5c1-9ebfc430f236,false,,nested_pointer_lifetime
Windows.Win32.Graphics.Imaging,IWICPalette,00000040-a8f2-4877-ba0a-fd2b6645fb94,true,standard_derived,
Windows.Win32.Graphics.Imaging,IWICPersistStream,00675040-6908-45f8-86a3-49c7dfd6d9ad,true,standard_derived,
Windows.Win32.Graphics.Imaging,IWICPixelFormatInfo,e8eda601-3d48-431a-ab44-69059be88bbe,false,,safe_projection_incomplete
Windows.Win32.Graphics.Imaging,IWICPixelFormatInfo2,a9db33a2-af5f-43c7-b679-74f5984b5aa4,false,,safe_projection_incomplete
Windows.Win32.Graphics.Imaging,IWICPlanarBitmapFrameEncode,f928b7b8-2221-40c1-b72e-7e82f1974d1a,true,standard_derived,
Windows.Win32.Graphics.Imaging,IWICPlanarBitmapSourceTransform,3aff9cce-be95-4303-b927-e7d16ff4a613,false,,nested_pointer_lifetime
Windows.Win32.Graphics.Imaging,IWICPlanarFormatConverter,bebee9cb-83b0-4dcc-8132-b0aaa55eac96,true,standard_derived,
Windows.Win32.Graphics.Imaging,IWICProgressCallback,4776f9cd-9517-45fa-bf24-e89c5ec5c60c,true,standard_derived,
Windows.Win32.Graphics.Imaging,IWICProgressiveLevelControl,daac296f-7aa5-4dbf-8d15-225c5976f891,true,standard_derived,
Windows.Win32.Graphics.Imaging,IWICStream,135ff860-22b7-4ddf-b0f6-218f4f299a43,true,exact_registry_dependent,
Windows.Win32.Graphics.Imaging,IWICStreamProvider,449494bc-b468-4927-96d7-ba90d31ab505,true,standard_derived,
Windows.Win32.Graphics.Printing,IAsyncGetSendNotificationCookie,,false,,missing_declaring_iid
Windows.Win32.Graphics.Printing,IAsyncGetSrvReferralCookie,,false,,missing_declaring_iid
Windows.Win32.Graphics.Printing,IBidiAsyncNotifyChannel,532818f7-921b-4fb2-bff8-2f4fd52ebebf,false,,missing_interface_iid
Windows.Win32.Graphics.Printing,IBidiRequest,8f348bd7-4b47-4755-8a9d-0f422df3dc89,false,,missing_allocator
Windows.Win32.Graphics.Printing,IBidiRequestContainer,d752f6c0-94a8-4275-a77d-8f1d1a1121ae,true,standard_derived,
Windows.Win32.Graphics.Printing,IBidiSpl,d580dc0e-de39-4649-baa8-bf0b85a03a97,true,standard_derived,
Windows.Win32.Graphics.Printing,IBidiSpl2,0e8f51b8-8273-4906-8e7b-be453ffd2e2b,true,standard_derived,
Windows.Win32.Graphics.Printing,IFixedDocument,f222ca9f-9968-4db9-81bd-abaebf15f93f,true,standard_derived,
Windows.Win32.Graphics.Printing,IFixedDocumentSequence,8028d181-2c32-4249-8493-1bfb22045574,true,standard_derived,
Windows.Win32.Graphics.Printing,IFixedPage,3d9f6448-7e95-4cb5-94fb-0180c2883a57,true,standard_derived,
Windows.Win32.Graphics.Printing,IImgCreateErrorInfo,1c55a64c-07cd-4fb5-90f7-b753d91f0c9e,false,,nested_pointer_lifetime
Windows.Win32.Graphics.Printing,IImgErrorInfo,2bce4ece-d30e-445a-9423-6829be945ad8,false,,nested_pointer_lifetime
Windows.Win32.Graphics.Printing,IInterFilterCommunicator,4daf1e69-81fd-462d-940f-8cd3ddf56fca,false,,missing_allocator
Windows.Win32.Graphics.Printing,IPartBase,36d51e28-369e-43ba-a666-9540c62c3f58,true,standard_derived,
Windows.Win32.Graphics.Printing,IPartColorProfile,63cca95b-7d18-4762-b15e-98658693d24a,true,standard_derived,
Windows.Win32.Graphics.Printing,IPartDiscardControl,cc350c00-095b-42a5-bf0f-c8780edadb3c,true,standard_derived,
Windows.Win32.Graphics.Printing,IPartFont,e07fe0ab-1124-43d0-a865-e8ffb6a3ea82,true,standard_derived,
Windows.Win32.Graphics.Printing,IPartFont2,511e025f-d6cb-43be-bf65-63fe88515a39,true,standard_derived,
Windows.Win32.Graphics.Printing,IPartImage,725f2e3c-401a-4705-9de0-fe6f1353b87f,true,standard_derived,
Windows.Win32.Graphics.Printing,IPartPrintTicket,4a0f50f6-f9a2-41f0-99e7-5ae955be8e9e,true,standard_derived,
Windows.Win32.Graphics.Printing,IPartResourceDictionary,16cfce6d-e744-4fb3-b474-f1d54f024a01,true,standard_derived,
Windows.Win32.Graphics.Printing,IPartThumbnail,027ed1c9-ba39-4cc5-aa55-7ec3a0de171a,true,standard_derived,
Windows.Win32.Graphics.Printing,IPrintAsyncCookie,,false,,missing_declaring_iid
Windows.Win32.Graphics.Printing,IPrintAsyncNewChannelCookie,,false,,missing_declaring_iid
Windows.Win32.Graphics.Printing,IPrintAsyncNotify,532818f7-921b-4fb2-bff8-2f4fd52ebebf,true,standard_derived,
Windows.Win32.Graphics.Printing,IPrintAsyncNotifyCallback,7def34c1-9d92-4c99-b3b3-db94a9d4191b,true,standard_derived,
Windows.Win32.Graphics.Printing,IPrintAsyncNotifyChannel,4a5031b1-1f3f-4db0-a462-4530ed8b0451,true,standard_derived,
Windows.Win32.Graphics.Printing,IPrintAsyncNotifyDataObject,77cf513e-5d49-4789-9f30-d0822b335c0d,false,,missing_allocator
Windows.Win32.Graphics.Printing,IPrintAsyncNotifyRegistration,0f6f27b6-6f86-4591-9203-64c3bfadedfe,true,standard_derived,
Windows.Win32.Graphics.Printing,IPrintAsyncNotifyServerReferral,,false,,missing_declaring_iid
Windows.Win32.Graphics.Printing,IPrintBidiAsyncNotifyRegistration,,false,,missing_declaring_iid
Windows.Win32.Graphics.Printing,IPrintClassObjectFactory,9af593dd-9b02-48a8-9bad-69ace423f88b,true,standard_derived,
Windows.Win32.Graphics.Printing,IPrintCoreHelper,a89ec53e-3905-49c6-9c1a-c0a88117fdb6,false,,incomplete_pointee_layout_for_storage
Windows.Win32.Graphics.Printing,IPrintCoreHelperPS,c2c14f6f-95d3-4d63-96cf-6bd9e6c907c2,false,,incomplete_pointee_layout_for_storage
Windows.Win32.Graphics.Printing,IPrintCoreHelperUni,7e8e51d6-e5ee-4426-817b-958b9444eb79,false,,incomplete_pointee_layout_for_storage
Windows.Win32.Graphics.Printing,IPrintCoreHelperUni2,6c8afdfc-ead0-4d2d-8071-9bf0175a6c3a,false,,incomplete_pointee_layout_for_storage
Windows.Win32.Graphics.Printing,IPrintCoreUI2,085ccfca-3adf-4c9e-b491-d851a6edc997,false,,external_pointee_storage
Windows.Win32.Graphics.Printing,IPrintJob,b771dab8-1282-41b7-858c-f206e4d20577,true,standard_derived,
Windows.Win32.Graphics.Printing,IPrintJobCollection,72b82a24-a598-4e87-895f-cdb23a49e9dc,true,standard_derived,
Windows.Win32.Graphics.Printing,IPrintOemCommon,7f42285e-91d5-11d1-8820-00c04fb961ec,false,,external_pointee_storage
Windows.Win32.Graphics.Printing,IPrintOemDriverUI,92b05d50-78bc-11d1-9480-00a0c90640b8,false,,external_pointee_storage
Windows.Win32.Graphics.Printing,IPrintOemUI,c6a7a9d0-774c-11d1-947f-00a0c90640b8,false,,incomplete_pointee_layout_for_storage
Windows.Win32.Graphics.Printing,IPrintOemUI2,292515f9-b54b-489b-9275-bab56821395e,false,,incomplete_pointee_layout_for_storage
Windows.Win32.Graphics.Printing,IPrintOemUIMXDC,7349d725-e2c1-4dca-afb5-c13e91bc9306,false,,external_pointee_storage
Windows.Win32.Graphics.Printing,IPrintPipelineFilter,cdb62fc0-8bed-434e-86fb-a2cae55f19ea,true,standard_derived,
Windows.Win32.Graphics.Printing,IPrintPipelineManagerControl,aa3e4910-5889-4681-91ef-823ad4ed4e44,true,standard_derived,
Windows.Win32.Graphics.Printing,IPrintPipelineProgressReport,edc12c7c-ed40-4ea5-96a6-5e4397497a61,true,standard_derived,
Windows.Win32.Graphics.Printing,IPrintPipelinePropertyBag,8b8c99dc-7892-4a95-8a04-57422e9fbb47,true,standard_derived,
Windows.Win32.Graphics.Printing,IPrintPreviewDxgiPackageTarget,1a6dd0ad-1e2a-4e99-a5ba-91f17818290e,true,standard_derived,
Windows.Win32.Graphics.Printing,IPrintReadStream,4d47a67c-66cc-4430-850e-daf466fe5bc4,false,,external_pointee_storage
Windows.Win32.Graphics.Printing,IPrintReadStreamFactory,acb971e3-df8d-4fc2-bee6-0609d15f3cf9,true,standard_derived,
Windows.Win32.Graphics.Printing,IPrintSchemaAsyncOperation,143c8dcb-d37f-47f7-88e8-6b1d21f2c5f7,true,standard_derived,
Windows.Win32.Graphics.Printing,IPrintSchemaAsyncOperationEvent,23adbb16-0133-4906-b29a-1dce1d026379,true,standard_derived,
Windows.Win32.Graphics.Printing,IPrintSchemaCapabilities,5a577640-501d-4927-bcd0-5ef57a7ed175,true,standard_derived,
Windows.Win32.Graphics.Printing,IPrintSchemaCapabilities2,b58845f4-9970-4d87-a636-169fb82ed642,true,standard_derived,
Windows.Win32.Graphics.Printing,IPrintSchemaDisplayableElement,af45af49-d6aa-407d-bf87-3912236e9d94,true,standard_derived,
Windows.Win32.Graphics.Printing,IPrintSchemaElement,724c1646-e64b-4bbf-8eb4-d45e4fd580da,true,standard_derived,
Windows.Win32.Graphics.Printing,IPrintSchemaFeature,ef189461-5d62-4626-8e57-ff83583c4826,true,standard_derived,
Windows.Win32.Graphics.Printing,IPrintSchemaNUpOption,1f6342f2-d848-42e3-8995-c10a9ef9a3ba,true,standard_derived,
Windows.Win32.Graphics.Printing,IPrintSchemaOption,66bb2f51-5844-4997-8d70-4b7cc221cf92,true,standard_derived,
Windows.Win32.Graphics.Printing,IPrintSchemaOptionCollection,baecb0bd-a946-4771-bc30-e8b24f8d45c1,true,standard_derived,
Windows.Win32.Graphics.Printing,IPrintSchemaPageImageableSize,7c85bf5e-dc7c-4f61-839b-4107e1c9b68e,true,standard_derived,
Windows.Win32.Graphics.Printing,IPrintSchemaPageMediaSizeOption,68746729-f493-4830-a10f-69028774605d,true,standard_derived,
Windows.Win32.Graphics.Printing,IPrintSchemaParameterDefinition,b5ade81e-0e61-4fe1-81c6-c333e4ffe0f1,true,standard_derived,
Windows.Win32.Graphics.Printing,IPrintSchemaParameterInitializer,52027082-0b74-4648-9564-828cc6cb656c,true,standard_derived,
Windows.Win32.Graphics.Printing,IPrintSchemaTicket,e480b861-4708-4e6d-a5b4-a2b4eeb9baa4,true,standard_derived,
Windows.Win32.Graphics.Printing,IPrintSchemaTicket2,2ec1f844-766a-47a1-91f4-2eeb6190f80c,true,standard_derived,
Windows.Win32.Graphics.Printing,IPrintTicketProvider,bb5116db-0a23-4c3a-a6b6-89e5558dfb5d,false,,incomplete_pointee_layout_for_storage
Windows.Win32.Graphics.Printing,IPrintTicketProvider2,b8a70ab2-3dfc-4fec-a074-511b13c651cb,false,,incomplete_pointee_layout_for_storage
Windows.Win32.Graphics.Printing,IPrintUnidiAsyncNotifyRegistration,,false,,missing_declaring_iid
Windows.Win32.Graphics.Printing,IPrintWriteStream,65bb7f1b-371e-4571-8ac7-912f510c1a38,true,standard_derived,
Windows.Win32.Graphics.Printing,IPrintWriteStreamFlush,07d11ff8-1753-4873-b749-6cdaf068e4c3,true,standard_derived,
Windows.Win32.Graphics.Printing,IPrinterBidiSetRequestCallback,c52d32dd-f2b4-4052-8502-ec4305ecb71f,true,standard_derived,
Windows.Win32.Graphics.Printing,IPrinterExtensionAsyncOperation,108d6a23-6a4b-4552-9448-68b427186acd,true,standard_derived,
Windows.Win32.Graphics.Printing,IPrinterExtensionContext,39843bf2-c4d2-41fd-b4b2-aedbee5e1900,true,standard_derived,
Windows.Win32.Graphics.Printing,IPrinterExtensionContextCollection,fb476970-9bab-4861-811e-3e98b0c5addf,true,standard_derived,
Windows.Win32.Graphics.Printing,IPrinterExtensionEvent,c093cb63-5ef5-4585-af8e-4d5637487b57,true,standard_derived,
Windows.Win32.Graphics.Printing,IPrinterExtensionEventArgs,39843bf4-c4d2-41fd-b4b2-aedbee5e1900,false,,missing_handle_ownership
Windows.Win32.Graphics.Printing,IPrinterExtensionManager,93c6eb8c-b001-4355-9629-8e8a1b3f8e77,true,standard_derived,
Windows.Win32.Graphics.Printing,IPrinterExtensionRequest,39843bf3-c4d2-41fd-b4b2-aedbee5e1900,true,standard_derived,
Windows.Win32.Graphics.Printing,IPrinterPropertyBag,fea77364-df95-4a23-a905-019b79a8e481,false,,missing_allocator
Windows.Win32.Graphics.Printing,IPrinterQueue,3580a828-07fe-4b94-ac1a-757d9d2d3056,false,,missing_allocator
Windows.Win32.Graphics.Printing,IPrinterQueue2,8cd444e8-c9bb-49b3-8e38-e03209416131,false,,missing_allocator
Windows.Win32.Graphics.Printing,IPrinterQueueEvent,214685f6-7b78-4681-87e0-495f739273d1,true,standard_derived,
Windows.Win32.Graphics.Printing,IPrinterQueueView,476e2969-3b2b-4b3f-8277-cff6056042aa,true,standard_derived,
Windows.Win32.Graphics.Printing,IPrinterQueueViewEvent,c5b6042b-fd21-404a-a0ef-e2fbb52b9080,true,standard_derived,
Windows.Win32.Graphics.Printing,IPrinterScriptContext,066acbca-8881-49c9-bb98-fae16b4889e1,true,standard_derived,
Windows.Win32.Graphics.Printing,IPrinterScriptablePropertyBag,91c7765f-ed57-49ad-8b01-dc24816a5294,true,standard_derived,
Windows.Win32.Graphics.Printing,IPrinterScriptablePropertyBag2,2a1c53c4-8638-4b3e-b518-2773c94556a3,true,standard_derived,
Windows.Win32.Graphics.Printing,IPrinterScriptableSequentialStream,2072838a-316f-467a-a949-27f68c44a854,true,standard_derived,
Windows.Win32.Graphics.Printing,IPrinterScriptableStream,7edf9a92-4750-41a5-a17f-879a6f4f7dcb,true,standard_derived,
Windows.Win32.Graphics.Printing,IXpsDocument,e8d907db-62a9-4a95-abe7-e01763dd30f8,true,standard_derived,
Windows.Win32.Graphics.Printing,IXpsDocumentConsumer,4368d8a2-4181-4a9f-b295-3d9a38bb9ba0,true,standard_derived,
Windows.Win32.Graphics.Printing,IXpsDocumentProvider,b8cf8530-5562-47c4-ab67-b1f69ecf961e,true,standard_derived,
Windows.Win32.Graphics.Printing,IXpsPartIterator,0021d3cd-af6f-42ab-9999-14bc82a62d2e,true,standard_derived,
Windows.Win32.Graphics.Printing,IXpsRasterizationFactory,e094808a-24c6-482b-a3a7-c21ac9b55f17,true,standard_derived,
Windows.Win32.Graphics.Printing,IXpsRasterizationFactory1,2d6e5f77-6414-4a1e-a8e0-d4194ce6a26f,true,standard_derived,
Windows.Win32.Graphics.Printing,IXpsRasterizationFactory2,9c16ce3e-10f5-41fd-9ddc-6826669c2ff6,true,standard_derived,
Windows.Win32.Graphics.Printing,IXpsRasterizer,7567cfc8-c156-47a8-9dac-11a2ae5bdd6b,true,standard_derived,
Windows.Win32.Graphics.Printing,IXpsRasterizerNotificationCallback,9ab8fd0d-cb94-49c2-9cb0-97ec1d5469d2,true,standard_derived,
Windows.Win32.Media.Audio.Apo,IApoAcousticEchoCancellation,25385759-3236-4101-a943-25693dfb5d2d,true,standard_derived,
Windows.Win32.Media.Audio.Apo,IApoAcousticEchoCancellation2,f235855f-f06d-45b3-a63f-ee4b71509dc2,true,standard_derived,
Windows.Win32.Media.Audio.Apo,IApoAuxiliaryInputConfiguration,4ceb0aab-fa19-48ed-a857-87771ae1b768,false,,external_pointee_storage
Windows.Win32.Media.Audio.Apo,IApoAuxiliaryInputRT,f851809c-c177-49a0-b1b2-b66f017943ab,true,standard_derived,
Windows.Win32.Media.Audio.Apo,IAudioDeviceModulesClient,98f37dac-d0b6-49f5-896a-aa4d169a4c48,true,standard_derived,
Windows.Win32.Media.Audio.Apo,IAudioMediaType,4e997f73-b71f-4798-873b-ed7dfcf15b4d,false,,external_pointee_storage
Windows.Win32.Media.Audio.Apo,IAudioProcessingObject,fd7f2b29-24d0-4b5c-b177-592c39f9ca10,false,,external_pointee_storage
Windows.Win32.Media.Audio.Apo,IAudioProcessingObjectConfiguration,0e5ed805-aba6-49c3-8f9a-2b8c889c4fa8,false,,external_pointee_storage
Windows.Win32.Media.Audio.Apo,IAudioProcessingObjectLoggingService,698f0107-1745-4708-95a5-d84478a62a65,true,standard_derived,
Windows.Win32.Media.Audio.Apo,IAudioProcessingObjectNotifications,56b0c76f-02fd-4b21-a52e-9f8219fc86e4,false,,external_pointee_storage
Windows.Win32.Media.Audio.Apo,IAudioProcessingObjectNotifications2,ca2cfbde-a9d6-4eb0-bc95-c4d026b380f0,false,,external_pointee_storage
Windows.Win32.Media.Audio.Apo,IAudioProcessingObjectPreferredFormatSupport,51cbd3c4-f1f3-4d2f-a0e1-7e9c4dd0feb3,true,standard_derived,
Windows.Win32.Media.Audio.Apo,IAudioProcessingObjectRT,9e1d6a6d-ddbc-4e95-a4c7-ad64ba37846c,false,,missing_allocator
Windows.Win32.Media.Audio.Apo,IAudioProcessingObjectRTQueueService,acd65e2f-955b-4b57-b9bf-ac297bb752c9,true,standard_derived,
Windows.Win32.Media.Audio.Apo,IAudioProcessingObjectVBR,7ba1db8f-78ad-49cd-9591-f79d80a17c81,true,standard_derived,
Windows.Win32.Media.Audio.Apo,IAudioSystemEffects,5fa00f27-add6-499a-8a9d-6b98521fa75b,true,standard_derived,
Windows.Win32.Media.Audio.Apo,IAudioSystemEffects2,bafe99d2-7436-44ce-9e0e-4d89afbfff56,false,,missing_allocator
Windows.Win32.Media.Audio.Apo,IAudioSystemEffects3,c58b31cd-fc6a-4255-bc1f-ad29bb0a4a17,false,,missing_allocator
Windows.Win32.Media.Audio.Apo,IAudioSystemEffectsCustomFormats,b1176e34-bb7f-4f05-bebd-1b18a534e097,false,,missing_allocator
Windows.Win32.Media.Audio.DirectMusic,IDirectMusic,6536115a-7b2d-11d2-ba18-0000f875ac12,false,,safe_projection_incomplete
Windows.Win32.Media.Audio.DirectMusic,IDirectMusic8,2d3629f7-813d-4939-8508-f05c6b75fd97,false,,safe_projection_incomplete
Windows.Win32.Media.Audio.DirectMusic,IDirectMusicBuffer,d2ac2878-b39b-11d1-8704-00600893b1bd,false,,missing_allocator
Windows.Win32.Media.Audio.DirectMusic,IDirectMusicCollection,d2ac287c-b39b-11d1-8704-00600893b1bd,true,standard_derived,
Windows.Win32.Media.Audio.DirectMusic,IDirectMusicDownload,d2ac287b-b39b-11d1-8704-00600893b1bd,false,,missing_allocator
Windows.Win32.Media.Audio.DirectMusic,IDirectMusicDownloadedInstrument,d2ac287e-b39b-11d1-8704-00600893b1bd,true,standard_derived,
Windows.Win32.Media.Audio.DirectMusic,IDirectMusicInstrument,d2ac287d-b39b-11d1-8704-00600893b1bd,true,standard_derived,
Windows.Win32.Media.Audio.DirectMusic,IDirectMusicPort,08f2d8c9-37c2-11d2-b9f9-0000f875ac12,false,,incomplete_pointee_layout_for_storage
Windows.Win32.Media.Audio.DirectMusic,IDirectMusicPortDownload,d2ac287a-b39b-11d1-8704-00600893b1bd,true,standard_derived,
Windows.Win32.Media.Audio.DirectMusic,IDirectMusicSynth,09823661-5c85-11d2-afa6-00aa0024d8b6,false,,incomplete_pointee_layout_for_storage
Windows.Win32.Media.Audio.DirectMusic,IDirectMusicSynth8,53cab625-2711-4c9f-9de7-1b7f925f6fc8,false,,incomplete_pointee_layout_for_storage
Windows.Win32.Media.Audio.DirectMusic,IDirectMusicSynthSink,09823663-5c85-11d2-afa6-00aa0024d8b6,true,standard_derived,
Windows.Win32.Media.Audio.DirectMusic,IDirectMusicThru,ced153e7-3606-11d2-b9f9-0000f875ac12,true,standard_derived,
Windows.Win32.Media.Audio.DirectSound,IDirectSound,279afa83-4981-11ce-a521-0020af0be560,true,standard_derived,
Windows.Win32.Media.Audio.DirectSound,IDirectSound3DBuffer,279afa86-4981-11ce-a521-0020af0be560,true,standard_derived,
Windows.Win32.Media.Audio.DirectSound,IDirectSound3DListener,279afa84-4981-11ce-a521-0020af0be560,true,standard_derived,
Windows.Win32.Media.Audio.DirectSound,IDirectSound8,c50a7e93-f395-4834-9ef6-7fa99de50966,true,standard_derived,
Windows.Win32.Media.Audio.DirectSound,IDirectSoundBuffer,279afa85-4981-11ce-a521-0020af0be560,false,,incomplete_pointee_layout_for_storage
Windows.Win32.Media.Audio.DirectSound,IDirectSoundBuffer8,6825a449-7524-4d82-920f-50e36ab3ab1e,false,,incomplete_pointee_layout_for_storage
Windows.Win32.Media.Audio.DirectSound,IDirectSoundCapture,b0210781-89cd-11d0-af08-00a0c925cd16,true,standard_derived,
Windows.Win32.Media.Audio.DirectSound,IDirectSoundCaptureBuffer,b0210782-89cd-11d0-af08-00a0c925cd16,false,,incomplete_pointee_layout_for_storage
Windows.Win32.Media.Audio.DirectSound,IDirectSoundCaptureBuffer8,00990df4-0dbb-4872-833e-6d303e80aeb6,false,,incomplete_pointee_layout_for_storage
Windows.Win32.Media.Audio.DirectSound,IDirectSoundCaptureFXAec,ad74143d-903d-4ab7-8066-28d363036d65,true,standard_derived,
Windows.Win32.Media.Audio.DirectSound,IDirectSoundCaptureFXNoiseSuppress,ed311e41-fbae-4175-9625-cd0854f693ca,true,standard_derived,
Windows.Win32.Media.Audio.DirectSound,IDirectSoundFXChorus,880842e3-145f-43e6-a934-a71806e50547,true,standard_derived,
Windows.Win32.Media.Audio.DirectSound,IDirectSoundFXCompressor,4bbd1154-62f6-4e2c-a15c-d3b6c417f7a0,true,standard_derived,
Windows.Win32.Media.Audio.DirectSound,IDirectSoundFXDistortion,8ecf4326-455f-4d8b-bda9-8d5d3e9e3e0b,true,standard_derived,
Windows.Win32.Media.Audio.DirectSound,IDirectSoundFXEcho,8bd28edf-50db-4e92-a2bd-445488d1ed42,true,standard_derived,
Windows.Win32.Media.Audio.DirectSound,IDirectSoundFXFlanger,903e9878-2c92-4072-9b2c-ea68f5396783,true,standard_derived,
Windows.Win32.Media.Audio.DirectSound,IDirectSoundFXGargle,d616f352-d622-11ce-aac5-0020af0b99a3,true,standard_derived,
Windows.Win32.Media.Audio.DirectSound,IDirectSoundFXI3DL2Reverb,4b166a6a-0d66-43f3-80e3-ee6280dee1a4,true,standard_derived,
Windows.Win32.Media.Audio.DirectSound,IDirectSoundFXParamEq,c03ca9fe-fe90-4204-8078-82334cd177da,true,standard_derived,
Windows.Win32.Media.Audio.DirectSound,IDirectSoundFXWavesReverb,46858c3a-0dc6-45e3-b760-d4eef16cb325,true,standard_derived,
Windows.Win32.Media.Audio.DirectSound,IDirectSoundFullDuplex,edcb4c7a-daab-4216-a42e-6c50596ddc1d,true,standard_derived,
Windows.Win32.Media.Audio.DirectSound,IDirectSoundNotify,b0210783-89cd-11d0-af08-00a0c925cd16,true,standard_derived,
Windows.Win32.Media.Audio.Endpoints,IAudioEndpointFormatControl,784cfd40-9f89-456e-a1a6-873b006a664e,true,standard_derived,
Windows.Win32.Media.Audio.Endpoints,IAudioEndpointLastBufferControl,f8520dd3-8f9d-4437-9861-62f584c33dd6,true,standard_derived,
Windows.Win32.Media.Audio.Endpoints,IAudioEndpointOffloadStreamMeter,e1546dce-9dd1-418b-9ab2-348ced161c86,true,standard_derived,
Windows.Win32.Media.Audio.Endpoints,IAudioEndpointOffloadStreamMute,dfe21355-5ec2-40e0-8d6b-710ac3c00249,true,standard_derived,
Windows.Win32.Media.Audio.Endpoints,IAudioEndpointOffloadStreamVolume,64f1dd49-71ca-4281-8672-3a9eddd1d0b6,true,standard_derived,
Windows.Win32.Media.Audio.Endpoints,IAudioEndpointVolume,5cdf2c82-841e-4546-9722-0cf74078229a,true,standard_derived,
Windows.Win32.Media.Audio.Endpoints,IAudioEndpointVolumeCallback,657804fa-d6ad-4496-8a60-352752af4f89,false,,incomplete_pointee_layout_for_storage
Windows.Win32.Media.Audio.Endpoints,IAudioEndpointVolumeEx,66e11784-f695-4f28-a505-a7080081a78f,true,standard_derived,
Windows.Win32.Media.Audio.Endpoints,IAudioLfxControl,076a6922-d802-4f83-baf6-409d9ca11bfe,true,standard_derived,
Windows.Win32.Media.Audio.Endpoints,IAudioMeterInformation,c02216f6-8c67-4b5b-9d00-d008e73e0064,true,standard_derived,
Windows.Win32.Media.Audio.Endpoints,IHardwareAudioEngineBase,eddce3e4-f3c1-453a-b461-223563cbd886,false,,incomplete_pointee_layout_for_storage
Windows.Win32.Media.Audio,IAcousticEchoCancellationControl,f4ae25b5-aaa3-437d-b6b3-dbbe2d0e9549,true,standard_derived,
Windows.Win32.Media.Audio,IActivateAudioInterfaceAsyncOperation,72a22d78-cde4-431d-b8cc-843a71199b6d,true,standard_derived,
Windows.Win32.Media.Audio,IActivateAudioInterfaceCompletionHandler,41d949ab-9862-444a-80f6-c261334da5eb,true,standard_derived,
Windows.Win32.Media.Audio,IAudioAmbisonicsControl,28724c91-df35-4856-9f76-d6a26413f3df,true,standard_derived,
Windows.Win32.Media.Audio,IAudioAutoGainControl,85401fd4-6de4-4b9d-9869-2d6753a82f3c,true,standard_derived,
Windows.Win32.Media.Audio,IAudioBass,a2b1a1d9-4db3-425d-a2b2-bd335cb3e2e5,true,standard_derived,
Windows.Win32.Media.Audio,IAudioCaptureClient,c8adbd64-e71e-48a0-a4de-185c395cd317,false,,missing_allocator
Windows.Win32.Media.Audio,IAudioChannelConfig,bb11c46f-ec28-493c-b88a-5db88062ce98,true,standard_derived,
Windows.Win32.Media.Audio,IAudioClient,1cb9ad4c-dbfa-4c32-b178-c2f568a703b2,false,,external_pointee_storage
Windows.Win32.Media.Audio,IAudioClient2,726778cd-f60a-4eda-82de-e47610cd78aa,false,,external_pointee_storage
Windows.Win32.Media.Audio,IAudioClient3,7ed4ee07-8e67-4cd4-8c1a-2b7a5987ad42,false,,external_pointee_storage
Windows.Win32.Media.Audio,IAudioClientDuckingControl,c789d381-a28c-4168-b28f-d3a837924dc3,true,standard_derived,
Windows.Win32.Media.Audio,IAudioClock,cd63314f-3fba-4a1b-812c-ef96358728e7,true,standard_derived,
Windows.Win32.Media.Audio,IAudioClock2,6f49ff73-6727-49ac-a008-d98cf5e70048,true,standard_derived,
Windows.Win32.Media.Audio,IAudioClockAdjustment,f6e4c0a0-46d9-4fb8-be21-57a3ef2b626c,true,standard_derived,
Windows.Win32.Media.Audio,IAudioEffectsChangedNotificationClient,a5ded44f-3c5d-4b2b-bd1e-5dc1ee20bbf6,true,standard_derived,
Windows.Win32.Media.Audio,IAudioEffectsManager,4460b3ae-4b44-4527-8676-7548a8acd260,false,,missing_allocator
Windows.Win32.Media.Audio,IAudioFormatEnumerator,dcdaa858-895a-4a22-a5eb-67bda506096d,false,,external_pointee_storage
Windows.Win32.Media.Audio,IAudioInputSelector,4f03dc02-5e6e-4653-8f72-a030c123d598,true,standard_derived,
Windows.Win32.Media.Audio,IAudioLoudness,7d8b1437-dd53-4350-9c1b-1ee2890bd938,true,standard_derived,
Windows.Win32.Media.Audio,IAudioMidrange,5e54b6d7-b44b-40d9-9a9e-e691d9ce6edf,true,standard_derived,
Windows.Win32.Media.Audio,IAudioMute,df45aeea-b74a-4b6b-afad-2366b6aa012e,true,standard_derived,
Windows.Win32.Media.Audio,IAudioOutputSelector,bb515f69-94a7-429e-8b9c-271b3f11a3ab,true,standard_derived,
Windows.Win32.Media.Audio,IAudioPeakMeter,dd79923c-0599-45e0-b8b6-c8df7db6e796,true,standard_derived,
Windows.Win32.Media.Audio,IAudioRenderClient,f294acfc-3146-4483-a7bf-addca7c260e2,false,,missing_allocator
Windows.Win32.Media.Audio,IAudioSessionControl,f4b1a599-7266-4319-a8ca-e70acb11e8cd,false,,missing_allocator
Windows.Win32.Media.Audio,IAudioSessionControl2,bfb7ff88-7239-4fc9-8fa2-07c950be9c6d,false,,missing_allocator
Windows.Win32.Media.Audio,IAudioSessionEnumerator,e2f5bb11-0570-40ca-acdd-3aa01277dee8,true,standard_derived,
Windows.Win32.Media.Audio,IAudioSessionEvents,24918acc-64b3-37c1-8ca9-74a66e9957a8,true,standard_derived,
Windows.Win32.Media.Audio,IAudioSessionManager,bfa971f1-4d5e-40bb-935e-967039bfbee4,true,standard_derived,
Windows.Win32.Media.Audio,IAudioSessionManager2,77aa99a0-1bd6-484f-8bc7-2c654c9a9b6f,true,standard_derived,
Windows.Win32.Media.Audio,IAudioSessionNotification,641dd20b-4d41-49cc-aba3-174b9477bb08,true,standard_derived,
Windows.Win32.Media.Audio,IAudioStateMonitor,63bd8738-e30d-4c77-bf5c-834e87c657e2,false,,external_pointee_storage
Windows.Win32.Media.Audio,IAudioStreamVolume,93014887-242d-4068-8a15-cf5e93b90fe3,true,standard_derived,
Windows.Win32.Media.Audio,IAudioSystemEffectsPropertyChangeNotificationClient,20049d40-56d5-400e-a2ef-385599feed49,true,standard_derived,
Windows.Win32.Media.Audio,IAudioSystemEffectsPropertyStore,302ae7f9-d7e0-43e4-971b-1f8293613d2a,true,standard_derived,
Windows.Win32.Media.Audio,IAudioTreble,0a717812-694e-4907-b74b-bafa5cfdca7b,true,standard_derived,
Windows.Win32.Media.Audio,IAudioViewManagerService,a7a7ef10-1f49-45e0-ad35-612057cc8f74,true,standard_derived,
Windows.Win32.Media.Audio,IAudioVolumeDuckNotification,c3b284d4-6d39-4359-b3cf-b56ddb3bb39c,true,standard_derived,
Windows.Win32.Media.Audio,IAudioVolumeLevel,7fb7b48f-531d-44a2-bcb3-5ad5a134b3dc,true,standard_derived,
Windows.Win32.Media.Audio,IChannelAudioVolume,1c158861-b533-4b30-b1cf-e853e51c59b8,true,standard_derived,
Windows.Win32.Media.Audio,IConnector,9c2c4058-23f5-41de-877a-df3af236a09e,false,,missing_allocator
Windows.Win32.Media.Audio,IControlChangeNotify,a09513ed-c709-4d21-bd7b-5f34c47f3947,true,standard_derived,
Windows.Win32.Media.Audio,IControlInterface,45d37c3f-5140-444a-ae24-400789f3cbf3,false,,missing_allocator
Windows.Win32.Media.Audio,IDeviceSpecificProperty,3b22bcbf-2586-4af0-8583-205d391b807c,false,,external_pointee_storage
Windows.Win32.Media.Audio,IDeviceTopology,2a07407e-6497-4a18-9787-32f79bd0d98f,false,,missing_allocator
Windows.Win32.Media.Audio,IMMDevice,d666063f-1587-4e43-81f1-b948e807363f,false,,missing_allocator
Windows.Win32.Media.Audio,IMMDeviceActivator,3b0d0ea4-d0a9-4b0e-935b-09516746fac0,false,,missing_allocator
Windows.Win32.Media.Audio,IMMDeviceCollection,0bd7a1be-7a1a-44db-8397-cc5392387b5e,true,standard_derived,
Windows.Win32.Media.Audio,IMMDeviceEnumerator,a95664d2-9614-4f35-a746-de8db63617e6,true,standard_derived,
Windows.Win32.Media.Audio,IMMEndpoint,1be09788-6894-4089-8586-9a2a6c265ac5,true,standard_derived,
Windows.Win32.Media.Audio,IMMNotificationClient,7991eec9-7e89-4d85-8390-6c703cec60c0,true,standard_derived,
Windows.Win32.Media.Audio,IMessageFilter,00000016-0000-0000-c000-000000000046,false,,external_pointee_storage
Windows.Win32.Media.Audio,IPart,ae2de0e4-5bca-4f2d-aa46-5d13f8fdb3a9,false,,missing_allocator
Windows.Win32.Media.Audio,IPartsList,6daa848c-5eb0-45cc-aea5-998a2cda1ffb,true,standard_derived,
Windows.Win32.Media.Audio,IPerChannelDbLevel,c2f8e001-f205-4bc9-99bc-c13b1e048ccb,true,standard_derived,
Windows.Win32.Media.Audio,ISimpleAudioVolume,87ce5498-68d6-44e5-9215-6da47ef883d8,true,standard_derived,
Windows.Win32.Media.Audio,ISpatialAudioClient,bbf8e066-aaaa-49be-9a4d-fd2a858ea27f,false,,external_pointee_storage
Windows.Win32.Media.Audio,ISpatialAudioClient2,caabe452-a66a-4bee-a93e-e320463f6a53,false,,external_pointee_storage
Windows.Win32.Media.Audio,ISpatialAudioMetadataClient,777d4a3b-f6ff-4a26-85dc-68d7cdeda1d4,true,standard_derived,
Windows.Win32.Media.Audio,ISpatialAudioMetadataCopier,d224b233-e251-4fd0-9ca2-d5ecf9a68404,true,standard_derived,
Windows.Win32.Media.Audio,ISpatialAudioMetadataItems,bcd7c78f-3098-4f22-b547-a2f25a381269,false,,incomplete_pointee_layout_for_storage
Windows.Win32.Media.Audio,ISpatialAudioMetadataItemsBuffer,42640a16-e1bd-42d9-9ff6-031ab71a2dba,true,standard_derived,
Windows.Win32.Media.Audio,ISpatialAudioMetadataReader,b78e86a2-31d9-4c32-94d2-7df40fc7ebec,false,,external_pointee_storage
Windows.Win32.Media.Audio,ISpatialAudioMetadataWriter,1b17ca01-2955-444d-a430-537dc589a844,true,standard_derived,
Windows.Win32.Media.Audio,ISpatialAudioObject,dde28967-521b-46e5-8f00-bd6f2bc8ab1d,false,,missing_allocator
Windows.Win32.Media.Audio,ISpatialAudioObjectBase,cce0b8f2-8d4d-4efb-a8cf-3d6ecf1c30e0,false,,missing_allocator
Windows.Win32.Media.Audio,ISpatialAudioObjectForHrtf,d7436ade-1978-4e14-aba0-555bd8eb83b4,false,,external_pointee_storage
Windows.Win32.Media.Audio,ISpatialAudioObjectForMetadataCommands,0df2c94b-f5f9-472d-af6b-c46e0ac9cd05,false,,external_pointee_storage
Windows.Win32.Media.Audio,ISpatialAudioObjectForMetadataItems,ddea49ff-3bc0-4377-8aad-9fbcfd808566,false,,missing_allocator
Windows.Win32.Media.Audio,ISpatialAudioObjectRenderStream,bab5f473-b423-477b-85f5-b5a332a04153,true,standard_derived,
Windows.Win32.Media.Audio,ISpatialAudioObjectRenderStreamBase,feaaf403-c1d8-450d-aa05-e0ccee7502a8,true,standard_derived,
Windows.Win32.Media.Audio,ISpatialAudioObjectRenderStreamForHrtf,e08deef9-5363-406e-9fdc-080ee247bbe0,true,standard_derived,
Windows.Win32.Media.Audio,ISpatialAudioObjectRenderStreamForMetadata,bbc9c907-48d5-4a2e-a0c7-f7f0d67c1fb1,true,standard_derived,
Windows.Win32.Media.Audio,ISpatialAudioObjectRenderStreamNotify,dddf83e6-68d7-4c70-883f-a1836afb4a50,true,standard_derived,
Windows.Win32.Media.Audio,ISubunit,82149a85-dba6-4487-86bb-ea8f7fefcc71,true,standard_derived,
Windows.Win32.Media.Audio.XAudio2,IXAPO,a410b984-9839-4819-a0be-2856ae6b3adb,false,,incomplete_pointee_layout_for_storage
Windows.Win32.Media.Audio.XAudio2,IXAPOHrtfParameters,15b3cd66-e9de-4464-b6e6-2bc3cf63d455,true,standard_derived,
Windows.Win32.Media.Audio.XAudio2,IXAPOParameters,26d95c66-80f2-499a-ad54-5ae7f01c6d98,false,,external_pointee_storage
Windows.Win32.Media.Audio.XAudio2,IXAudio2,2b02e3cf-2e0b-4ec3-be45-1b2a3fe7210d,false,,incomplete_pointee_layout_for_storage
Windows.Win32.Media.Audio.XAudio2,IXAudio2Extension,84ac29bb-d619-44d2-b197-e4acf7df3ed6,true,standard_derived,
Windows.Win32.Media.DeviceManager,IComponentAuthenticate,a9889c00-6d2b-11d3-8496-00c04f79dbc0,false,,missing_allocator
Windows.Win32.Media.DeviceManager,IMDSPDevice,1dcb3a12-33ed-11d3-8470-00c04f79dbc0,false,,external_pointee_storage
Windows.Win32.Media.DeviceManager,IMDSPDevice2,420d16ad-c97d-4e00-82aa-00e9f4335ddd,false,,external_pointee_storage
Windows.Win32.Media.DeviceManager,IMDSPDevice3,1a839845-fc55-487c-976f-ee38ac0e8c4e,false,,external_pointee_storage
Windows.Win32.Media.DeviceManager,IMDSPDeviceControl,1dcb3a14-33ed-11d3-8470-00c04f79dbc0,false,,external_pointee_storage
Windows.Win32.Media.DeviceManager,IMDSPDirectTransfer,c2fe57a8-9304-478c-9ee4-47e397b912d7,true,standard_derived,
Windows.Win32.Media.DeviceManager,IMDSPEnumDevice,1dcb3a11-33ed-11d3-8470-00c04f79dbc0,true,standard_derived,
Windows.Win32.Media.DeviceManager,IMDSPEnumStorage,1dcb3a15-33ed-11d3-8470-00c04f79dbc0,true,standard_derived,
Windows.Win32.Media.DeviceManager,IMDSPObject,1dcb3a18-33ed-11d3-8470-00c04f79dbc0,false,,missing_count_relation
Windows.Win32.Media.DeviceManager,IMDSPObject2,3f34cd3e-5907-4341-9af9-97f4187c3aa5,false,,missing_count_relation
Windows.Win32.Media.DeviceManager,IMDSPObjectInfo,1dcb3a19-33ed-11d3-8470-00c04f79dbc0,true,standard_derived,
Windows.Win32.Media.DeviceManager,IMDSPRevoked,a4e8f2d4-3f31-464d-b53d-4fc335998184,false,,missing_allocator
Windows.Win32.Media.DeviceManager,IMDSPStorage,1dcb3a16-33ed-11d3-8470-00c04f79dbc0,false,,incomplete_pointee_layout_for_storage
Windows.Win32.Media.DeviceManager,IMDSPStorage2,0a5e07a5-6454-4451-9c36-1c6ae7e2b1d6,false,,incomplete_pointee_layout_for_storage
Windows.Win32.Media.DeviceManager,IMDSPStorage3,6c669867-97ed-4a67-9706-1c5529d2a414,false,,incomplete_pointee_layout_for_storage
Windows.Win32.Media.DeviceManager,IMDSPStorage4,3133b2c4-515c-481b-b1ce-39327ecb4f74,false,,incomplete_pointee_layout_for_storage
Windows.Win32.Media.DeviceManager,IMDSPStorageGlobals,1dcb3a17-33ed-11d3-8470-00c04f79dbc0,false,,missing_count_relation
Windows.Win32.Media.DeviceManager,IMDServiceProvider,1dcb3a10-33ed-11d3-8470-00c04f79dbc0,true,standard_derived,
Windows.Win32.Media.DeviceManager,IMDServiceProvider2,b2fa24b7-cda3-4694-9862-413ae1a34819,false,,safe_projection_incomplete
Windows.Win32.Media.DeviceManager,IMDServiceProvider3,4ed13ef3-a971-4d19-9f51-0e1826b2da57,false,,safe_projection_incomplete
Windows.Win32.Media.DeviceManager,ISCPSecureAuthenticate,1dcb3a0f-33ed-11d3-8470-00c04f79dbc0,true,standard_derived,
Windows.Win32.Media.DeviceManager,ISCPSecureAuthenticate2,b580cfae-1672-47e2-acaa-44bbecbcae5b,true,standard_derived,
Windows.Win32.Media.DeviceManager,ISCPSecureExchange,1dcb3a0e-33ed-11d3-8470-00c04f79dbc0,false,,missing_count_relation
Windows.Win32.Media.DeviceManager,ISCPSecureExchange2,6c62fc7b-2690-483f-9d44-0a20cb35577c,false,,missing_count_relation
Windows.Win32.Media.DeviceManager,ISCPSecureExchange3,ab4e77e4-8908-4b17-bd2a-b1dbe6dd69e1,false,,missing_count_relation
Windows.Win32.Media.DeviceManager,ISCPSecureQuery,1dcb3a0d-33ed-11d3-8470-00c04f79dbc0,false,,missing_allocator
Windows.Win32.Media.DeviceManager,ISCPSecureQuery2,ebe17e25-4fd7-4632-af46-6d93d4fcc72e,false,,missing_allocator
Windows.Win32.Media.DeviceManager,ISCPSecureQuery3,b7edd1a2-4dab-484b-b3c5-ad39b8b4c0b1,false,,missing_allocator
Windows.Win32.Media.DeviceManager,ISCPSession,88a3e6ed-eee4-4619-bbb3-fd4fb62715d1,true,standard_derived,
Windows.Win32.Media.DeviceManager,IWMDMDevice,1dcb3a02-33ed-11d3-8470-00c04f79dbc0,false,,external_pointee_storage
Windows.Win32.Media.DeviceManager,IWMDMDevice2,e34f3d37-9d67-4fc1-9252-62d28b2f8b55,false,,external_pointee_storage
Windows.Win32.Media.DeviceManager,IWMDMDevice3,6c03e4fe-05db-4dda-9e3c-06233a6d5d65,false,,external_pointee_storage
Windows.Win32.Media.DeviceManager,IWMDMDeviceControl,1dcb3a04-33ed-11d3-8470-00c04f79dbc0,false,,external_pointee_storage
Windows.Win32.Media.DeviceManager,IWMDMDeviceSession,82af0a65-9d96-412c-83e5-3c43e4b06cc7,false,,safe_projection_incomplete
Windows.Win32.Media.DeviceManager,IWMDMEnumDevice,1dcb3a01-33ed-11d3-8470-00c04f79dbc0,true,standard_derived,
Windows.Win32.Media.DeviceManager,IWMDMEnumStorage,1dcb3a05-33ed-11d3-8470-00c04f79dbc0,true,standard_derived,
Windows.Win32.Media.DeviceManager,IWMDMLogger,110a3200-5a79-11d3-8d78-444553540000,false,,safe_projection_incomplete
Windows.Win32.Media.DeviceManager,IWMDMMetaData,ec3b0663-0951-460a-9a80-0dceed3c043c,false,,missing_allocator
Windows.Win32.Media.DeviceManager,IWMDMNotification,3f5e95c0-0f43-4ed4-93d2-c89a45d59b81,true,standard_derived,
Windows.Win32.Media.DeviceManager,IWMDMObjectInfo,1dcb3a09-33ed-11d3-8470-00c04f79dbc0,true,standard_derived,
Windows.Win32.Media.DeviceManager,IWMDMOperation,1dcb3a0b-33ed-11d3-8470-00c04f79dbc0,false,,incomplete_pointee_layout_for_storage
Windows.Win32.Media.DeviceManager,IWMDMOperation2,33445b48-7df7-425c-ad8f-0fc6d82f9f75,false,,incomplete_pointee_layout_for_storage
Windows.Win32.Media.DeviceManager,IWMDMOperation3,d1f9b46a-9ca8-46d8-9d0f-1ec9bae54919,false,,incomplete_pointee_layout_for_storage
Windows.Win32.Media.DeviceManager,IWMDMProgress,1dcb3a0c-33ed-11d3-8470-00c04f79dbc0,true,standard_derived,
Windows.Win32.Media.DeviceManager,IWMDMProgress2,3a43f550-b383-4e92-b04a-e6bbc660fefc,true,standard_derived,
Windows.Win32.Media.DeviceManager,IWMDMProgress3,21de01cb-3bb4-4929-b21a-17af3f80f658,true,standard_derived,
Windows.Win32.Media.DeviceManager,IWMDMRevoked,ebeccedb-88ee-4e55-b6a4-8d9f07d696aa,false,,missing_allocator
Windows.Win32.Media.DeviceManager,IWMDMStorage,1dcb3a06-33ed-11d3-8470-00c04f79dbc0,false,,incomplete_pointee_layout_for_storage
Windows.Win32.Media.DeviceManager,IWMDMStorage2,1ed5a144-5cd5-4683-9eff-72cbdb2d9533,false,,incomplete_pointee_layout_for_storage
Windows.Win32.Media.DeviceManager,IWMDMStorage3,97717eea-926a-464e-96a4-247b0216026e,false,,incomplete_pointee_layout_for_storage
Windows.Win32.Media.DeviceManager,IWMDMStorage4,c225bac5-a03a-40b8-9a23-91cf478c64a6,false,,incomplete_pointee_layout_for_storage
Windows.Win32.Media.DeviceManager,IWMDMStorageControl,1dcb3a08-33ed-11d3-8470-00c04f79dbc0,true,standard_derived,
Windows.Win32.Media.DeviceManager,IWMDMStorageControl2,972c2e88-bd6c-4125-8e09-84f837e637b6,false,,missing_interface_replacement_contract
Windows.Win32.Media.DeviceManager,IWMDMStorageControl3,b3266365-d4f3-4696-8d53-bd27ec60993a,false,,missing_interface_replacement_contract
Windows.Win32.Media.DeviceManager,IWMDMStorageGlobals,1dcb3a07-33ed-11d3-8470-00c04f79dbc0,false,,missing_count_relation
Windows.Win32.Media.DeviceManager,IWMDeviceManager,1dcb3a00-33ed-11d3-8470-00c04f79dbc0,true,standard_derived,
Windows.Win32.Media.DeviceManager,IWMDeviceManager2,923e5249-8731-4c5b-9b1c-b8b60b6e46af,true,standard_derived,
Windows.Win32.Media.DeviceManager,IWMDeviceManager3,af185c41-100d-46ed-be2e-9ce8c44594ef,true,standard_derived,
Windows.Win32.Media.DirectShow,IAMAnalogVideoDecoder,c6e13350-30ac-11d0-a18c-00a0c9118956,true,standard_derived,
Windows.Win32.Media.DirectShow,IAMAnalogVideoEncoder,c6e133b0-30ac-11d0-a18c-00a0c9118956,true,standard_derived,
Windows.Win32.Media.DirectShow,IAMAsyncReaderTimestampScaling,cf7b26fc-9a00-485b-8147-3e789d5e8f67,true,standard_derived,
Windows.Win32.Media.DirectShow,IAMAudioInputMixer,54c39221-8380-11d0-b3f0-00aa003761c5,true,standard_derived,
Windows.Win32.Media.DirectShow,IAMAudioRendererStats,22320cb2-d41a-11d2-bf7c-d7cb9df0bf93,true,standard_derived,
Windows.Win32.Media.DirectShow,IAMBufferNegotiation,56ed71a0-af5f-11d0-b3f0-00aa003761c5,true,standard_derived,
Windows.Win32.Media.DirectShow,IAMCameraControl,c6e13370-30ac-11d0-a18c-00a0c9118956,true,standard_derived,
Windows.Win32.Media.DirectShow,IAMCertifiedOutputProtection,6feded3e-0ff1-4901-a2f1-43f7012c8515,false,,missing_allocator
Windows.Win32.Media.DirectShow,IAMChannelInfo,fa2aa8f2-8b62-11d0-a520-000000000000,true,standard_derived,
Windows.Win32.Media.DirectShow,IAMClockAdjust,4d5466b0-a49c-11d1-abe8-00a0c905f375,true,standard_derived,
Windows.Win32.Media.DirectShow,IAMClockSlave,9fd52741-176d-4b36-8f51-ca8f933223be,true,standard_derived,
Windows.Win32.Media.DirectShow,IAMCollection,56a868b9-0ad4-11ce-b03a-0020af0ba770,true,standard_derived,
Windows.Win32.Media.DirectShow,IAMCopyCaptureFileProgress,670d1d20-a068-11d0-b3f0-00aa003761c5,true,standard_derived,
Windows.Win32.Media.DirectShow,IAMCrossbar,c6e13380-30ac-11d0-a18c-00a0c9118956,true,standard_derived,
Windows.Win32.Media.DirectShow,IAMDecoderCaps,c0dff467-d499-4986-972b-e1d9090fa941,true,standard_derived,
Windows.Win32.Media.DirectShow,IAMDevMemoryAllocator,c6545bf0-e76b-11d0-bd52-00a0c911ce86,false,,missing_allocator
Windows.Win32.Media.DirectShow,IAMDevMemoryControl,c6545bf1-e76b-11d0-bd52-00a0c911ce86,true,standard_derived,
Windows.Win32.Media.DirectShow,IAMDeviceRemoval,f90a6130-b658-11d2-ae49-0000f8754b99,false,,missing_allocator
Windows.Win32.Media.DirectShow,IAMDirectSound,546f4260-d53e-11cf-b3f0-00aa003761c5,false,,missing_handle_ownership
Windows.Win32.Media.DirectShow,IAMDroppedFrames,c6e13344-30ac-11d0-a18c-00a0c9118956,true,standard_derived,
Windows.Win32.Media.DirectShow,IAMExtDevice,b5730a90-1a2c-11cf-8c23-00aa006b6814,false,,missing_allocator
Windows.Win32.Media.DirectShow,IAMExtTransport,a03cd5f0-3045-11cf-8c44-00aa006b6814,false,,missing_allocator
Windows.Win32.Media.DirectShow,IAMExtendedErrorInfo,fa2aa8f6-8b62-11d0-a520-000000000000,true,standard_derived,
Windows.Win32.Media.DirectShow,IAMExtendedSeeking,fa2aa8f9-8b62-11d0-a520-000000000000,true,standard_derived,
Windows.Win32.Media.DirectShow,IAMFilterGraphCallback,56a868fd-0ad4-11ce-b0a3-0020af0ba770,true,standard_derived,
Windows.Win32.Media.DirectShow,IAMFilterMiscFlags,2dd74950-a890-11d1-abe8-00a0c905f375,true,standard_derived,
Windows.Win32.Media.DirectShow,IAMGraphBuilderCallback,4995f511-9ddb-4f12-bd3b-f04611807b79,true,standard_derived,
Windows.Win32.Media.DirectShow,IAMGraphStreams,632105fa-072e-11d3-8af9-00c04fb6bd3d,true,standard_derived,
Windows.Win32.Media.DirectShow,IAMLatency,62ea93ba-ec62-11d2-b770-00c04fb6bd3d,true,standard_derived,
Windows.Win32.Media.DirectShow,IAMLine21Decoder,6e8d4a21-310c-11d0-b79a-00aa003767a7,false,,incomplete_pointee_layout_for_storage
Windows.Win32.Media.DirectShow,IAMMediaContent,fa2aa8f4-8b62-11d0-a520-000000000000,true,standard_derived,
Windows.Win32.Media.DirectShow,IAMMediaContent2,ce8f78c1-74d9-11d2-b09d-00a0c9a81117,true,standard_derived,
Windows.Win32.Media.DirectShow,IAMMediaStream,bebe595d-9a6f-11d0-8fde-00c04fd9189d,true,standard_derived,
Windows.Win32.Media.DirectShow,IAMMediaTypeSample,ab6b4afb-f6e4-11d0-900d-00c04fd9189d,false,,external_pointee_storage
Windows.Win32.Media.DirectShow,IAMMediaTypeStream,ab6b4afa-f6e4-11d0-900d-00c04fd9189d,false,,incomplete_pointee_layout_for_storage
Windows.Win32.Media.DirectShow,IAMMultiMediaStream,bebe595c-9a6f-11d0-8fde-00c04fd9189d,false,,missing_handle_ownership
Windows.Win32.Media.DirectShow,IAMNetShowConfig,fa2aa8f1-8b62-11d0-a520-000000000000,true,standard_derived,
Windows.Win32.Media.DirectShow,IAMNetShowExProps,fa2aa8f5-8b62-11d0-a520-000000000000,true,standard_derived,
Windows.Win32.Media.DirectShow,IAMNetShowPreroll,aae7e4e2-6388-11d1-8d93-006097c9a2b2,true,standard_derived,
Windows.Win32.Media.DirectShow,IAMNetworkStatus,fa2aa8f3-8b62-11d0-a520-000000000000,true,standard_derived,
Windows.Win32.Media.DirectShow,IAMOpenProgress,8e1c39a1-de53-11cf-aa63-0080c744528d,true,standard_derived,
Windows.Win32.Media.DirectShow,IAMOverlayFX,62fae250-7e65-4460-bfc9-6398b322073c,true,standard_derived,
Windows.Win32.Media.DirectShow,IAMParse,c47a3420-005c-11d2-9038-00a0c9697298,true,standard_derived,
Windows.Win32.Media.DirectShow,IAMPhysicalPinInfo,f938c991-3029-11cf-8c44-00aa006b6814,false,,missing_allocator
Windows.Win32.Media.DirectShow,IAMPlayList,56a868fe-0ad4-11ce-b03a-0020af0ba770,true,standard_derived,
Windows.Win32.Media.DirectShow,IAMPlayListItem,56a868ff-0ad4-11ce-b03a-0020af0ba770,true,standard_derived,
Windows.Win32.Media.DirectShow,IAMPluginControl,0e26a181-f40c-4635-8786-976284b52981,true,standard_derived,
Windows.Win32.Media.DirectShow,IAMPushSource,f185fe76-e64e-11d2-b76e-00c04fb6bd3d,true,standard_derived,
Windows.Win32.Media.DirectShow,IAMRebuild,02ef04dd-7580-11d1-bece-00c04fb6e937,true,standard_derived,
Windows.Win32.Media.DirectShow,IAMResourceControl,8389d2d0-77d7-11d1-abe6-00a0c905f375,true,standard_derived,
Windows.Win32.Media.DirectShow,IAMStats,bc9bcf80-dcd2-11d2-abf6-00a0c905f375,true,standard_derived,
Windows.Win32.Media.DirectShow,IAMStreamConfig,c6e13340-30ac-11d0-a18c-00a0c9118956,false,,external_pointee_storage
Windows.Win32.Media.DirectShow,IAMStreamControl,36b73881-c2c8-11cf-8b46-00805f6cef60,true,standard_derived,
Windows.Win32.Media.DirectShow,IAMStreamSelect,c1960960-17f5-11d1-abe1-00a0c905f375,false,,external_pointee_storage
Windows.Win32.Media.DirectShow,IAMTVAudio,83ec1c30-23d1-11d1-99e6-00a0c9560266,true,standard_derived,
Windows.Win32.Media.DirectShow,IAMTVAudioNotification,83ec1c33-23d1-11d1-99e6-00a0c9560266,true,standard_derived,
Windows.Win32.Media.DirectShow,IAMTVTuner,211a8766-03ac-11d1-8d13-00aa00bd8339,true,standard_derived,
Windows.Win32.Media.DirectShow,IAMTimecodeDisplay,9b496ce2-811b-11cf-8c77-00aa006b6814,true,standard_derived,
Windows.Win32.Media.DirectShow,IAMTimecodeGenerator,9b496ce0-811b-11cf-8c77-00aa006b6814,false,,incomplete_pointee_layout_for_storage
Windows.Win32.Media.DirectShow,IAMTimecodeReader,9b496ce1-811b-11cf-8c77-00aa006b6814,false,,incomplete_pointee_layout_for_storage
Windows.Win32.Media.DirectShow,IAMTuner,211a8761-03ac-11d1-8d13-00aa00bd8339,true,standard_derived,
Windows.Win32.Media.DirectShow,IAMTunerNotification,211a8760-03ac-11d1-8d13-00aa00bd8339,true,standard_derived,
Windows.Win32.Media.DirectShow,IAMVfwCaptureDialogs,d8d715a0-6e5e-11d0-b3f0-00aa003761c5,true,standard_derived,
Windows.Win32.Media.DirectShow,IAMVfwCompressDialogs,d8d715a3-6e5e-11d0-b3f0-00aa003761c5,false,,external_pointee_storage
Windows.Win32.Media.DirectShow,IAMVideoAccelerator,256a6a22-fbad-11d1-82bf-00a0c9696c8f,false,,incomplete_pointee_layout_for_storage
Windows.Win32.Media.DirectShow,IAMVideoAcceleratorNotify,256a6a21-fbad-11d1-82bf-00a0c9696c8f,false,,incomplete_pointee_layout_for_storage
Windows.Win32.Media.DirectShow,IAMVideoCompression,c6e13343-30ac-11d0-a18c-00a0c9118956,false,,safe_projection_incomplete
Windows.Win32.Media.DirectShow,IAMVideoControl,6a2e0670-28e4-11d0-a18c-00a0c9118956,false,,missing_allocator
Windows.Win32.Media.DirectShow,IAMVideoDecimationProperties,60d32930-13da-11d3-9ec6-c4fcaef5c7be,true,standard_derived,
Windows.Win32.Media.DirectShow,IAMVideoProcAmp,c6e13360-30ac-11d0-a18c-00a0c9118956,true,standard_derived,
Windows.Win32.Media.DirectShow,IAMWMBufferPass,6dd816d7-e740-4123-9e24-2444412644d8,true,standard_derived,
Windows.Win32.Media.DirectShow,IAMWMBufferPassCallback,b25b8372-d2d2-44b2-8653-1b8dae332489,true,standard_derived,
Windows.Win32.Media.DirectShow,IAMWstDecoder,c056de21-75c2-11d3-a184-00105aef9f33,false,,incomplete_pointee_layout_for_storage
Windows.Win32.Media.DirectShow,IAMovieSetup,a3d8cec0-7e5a-11cf-bbc5-00805f6cef20,true,standard_derived,
Windows.Win32.Media.DirectShow,IAsyncReader,56a868aa-0ad4-11ce-b03a-0020af0ba770,true,standard_derived,
Windows.Win32.Media.DirectShow,IAudioData,54c719c0-af60-11d0-8212-00c04fc32c45,false,,incomplete_pointee_layout_for_storage
Windows.Win32.Media.DirectShow,IAudioMediaStream,f7537560-a3be-11d0-8212-00c04fc32c45,false,,incomplete_pointee_layout_for_storage
Windows.Win32.Media.DirectShow,IAudioStreamSample,345fee00-aba5-11d0-8212-00c04fc32c45,false,,safe_projection_incomplete
Windows.Win32.Media.DirectShow,IBDA_AUX,7def4c09-6e66-4567-a819-f0e17f4a81ab,true,standard_derived,
Windows.Win32.Media.DirectShow,IBDA_AutoDemodulate,ddf15b12-bd25-11d2-9ca0-00c04f7971e0,true,standard_derived,
Windows.Win32.Media.DirectShow,IBDA_AutoDemodulateEx,34518d13-1182-48e6-b28f-b24987787326,false,,safe_projection_incomplete
Windows.Win32.Media.DirectShow,IBDA_ConditionalAccess,cd51f1e0-7be9-4123-8482-a2a796c0a6b0,false,,safe_projection_incomplete
Windows.Win32.Media.DirectShow,IBDA_ConditionalAccessEx,497c3418-23cb-44ba-bb62-769f506fcea7,true,standard_derived,
Windows.Win32.Media.DirectShow,IBDA_DRIDRMService,1f9bc2a5-44a3-4c52-aab1-0bbce5a1381d,true,standard_derived,
Windows.Win32.Media.DirectShow,IBDA_DRIWMDRMSession,05c690f8-56db-4bb2-b053-79c12098bb26,false,,missing_allocator
Windows.Win32.Media.DirectShow,IBDA_DRM,f98d88b0-1992-4cd6-a6d9-b9afab99330d,true,standard_derived,
Windows.Win32.Media.DirectShow,IBDA_DRMService,bff6b5bb-b0ae-484c-9dca-73528fb0b46e,true,standard_derived,
Windows.Win32.Media.DirectShow,IBDA_DeviceControl,fd0a5af3-b41d-11d2-9c95-00c04f7971e0,true,standard_derived,
Windows.Win32.Media.DirectShow,IBDA_DiagnosticProperties,20e80cb5-c543-4c1b-8eb3-49e719eee7d4,false,,safe_projection_incomplete
Windows.Win32.Media.DirectShow,IBDA_DigitalDemodulator,ef30f379-985b-4d10-b640-a79d5e04e1e0,true,standard_derived,
Windows.Win32.Media.DirectShow,IBDA_DigitalDemodulator2,525ed3ee-5cf3-4e1e-9a06-5368a84f9a6e,true,standard_derived,
Windows.Win32.Media.DirectShow,IBDA_DigitalDemodulator3,13f19604-7d32-4359-93a2-a05205d90ac9,true,standard_derived,
Windows.Win32.Media.DirectShow,IBDA_DiseqCommand,f84e2ab0-3c6b-45e3-a0fc-8669d4b81f11,false,,safe_projection_incomplete
Windows.Win32.Media.DirectShow,IBDA_EasMessage,d806973d-3ebe-46de-8fbb-6358fe784208,false,,missing_interface_replacement_contract
Windows.Win32.Media.DirectShow,IBDA_Encoder,3a8bad59-59fe-4559-a0ba-396cfaa98ae3,true,standard_derived,
Windows.Win32.Media.DirectShow,IBDA_EthernetFilter,71985f43-1ca1-11d3-9cc8-00c04f7971e0,false,,safe_projection_incomplete
Windows.Win32.Media.DirectShow,IBDA_EventingService,207c413f-00dc-4c61-bad6-6fee1ff07064,true,standard_derived,
Windows.Win32.Media.DirectShow,IBDA_FDC,138adc7e-58ae-437f-b0b4-c9fe19d5b4ac,true,standard_derived,
Windows.Win32.Media.DirectShow,IBDA_FrequencyFilter,71985f47-1ca1-11d3-9cc8-00c04f7971e0,true,standard_derived,
Windows.Win32.Media.DirectShow,IBDA_GuideDataDeliveryService,c0afcb73-23e7-4bc6-bafa-fdc167b4719f,true,standard_derived,
Windows.Win32.Media.DirectShow,IBDA_IPSinkControl,3f4dc8e2-4050-11d3-8f4b-00c04f7971e2,false,,missing_allocator
Windows.Win32.Media.DirectShow,IBDA_IPSinkInfo,a750108f-492e-4d51-95f7-649b23ff7ad7,false,,missing_allocator
Windows.Win32.Media.DirectShow,IBDA_IPV4Filter,71985f44-1ca1-11d3-9cc8-00c04f7971e0,true,standard_derived,
Windows.Win32.Media.DirectShow,IBDA_IPV6Filter,e1785a74-2a23-4fb3-9245-a8f88017ef33,true,standard_derived,
Windows.Win32.Media.DirectShow,IBDA_ISDBConditionalAccess,5e68c627-16c2-4e6c-b1e2-d00170cdaa0f,true,standard_derived,
Windows.Win32.Media.DirectShow,IBDA_LNBInfo,992cf102-49f9-4719-a664-c4f23e2408f4,true,standard_derived,
Windows.Win32.Media.DirectShow,IBDA_MUX,942aafec-4c05-4c74-b8eb-8706c2a4943f,false,,incomplete_pointee_layout_for_storage
Windows.Win32.Media.DirectShow,IBDA_NameValueService,7f0b3150-7b81-4ad4-98e3-7e9097094301,true,standard_derived,
Windows.Win32.Media.DirectShow,IBDA_NetworkProvider,fd501041-8ebe-11ce-8183-00aa00577da2,false,,safe_projection_incomplete
Windows.Win32.Media.DirectShow,IBDA_NullTransform,ddf15b0d-bd25-11d2-9ca0-00c04f7971e0,true,standard_derived,
Windows.Win32.Media.DirectShow,IBDA_PinControl,0ded49d5-a8b7-4d5d-97a1-12b0c195874d,true,standard_derived,
Windows.Win32.Media.DirectShow,IBDA_SignalProperties,d2f1644b-b409-11d2-bc69-00a0c9ee9e16,false,,safe_projection_incomplete
Windows.Win32.Media.DirectShow,IBDA_SignalStatistics,1347d106-cf3a-428a-a5cb-ac0d9a2a4338,true,standard_derived,
Windows.Win32.Media.DirectShow,IBDA_Topology,79b56888-7fea-4690-b45d-38fd3c7849be,false,,external_pointee_storage
Windows.Win32.Media.DirectShow,IBDA_TransportStreamInfo,8e882535-5f86-47ab-86cf-c281a72a0549,true,standard_derived,
Windows.Win32.Media.DirectShow,IBDA_TransportStreamSelector,1dcfafe9-b45e-41b3-bb2a-561eb129ae98,true,standard_derived,
Windows.Win32.Media.DirectShow,IBDA_UserActivityService,53b14189-e478-4b7a-a1ff-506db4b99dfe,true,standard_derived,
Windows.Win32.Media.DirectShow,IBDA_VoidTransform,71985f46-1ca1-11d3-9cc8-00c04f7971e0,true,standard_derived,
Windows.Win32.Media.DirectShow,IBDA_WMDRMSession,4be6fa3d-07cd-4139-8b80-8c18ba3aec88,true,standard_derived,
Windows.Win32.Media.DirectShow,IBDA_WMDRMTuner,86d979cf-a8a7-4f94-b5fb-14c0aca68fe6,true,standard_derived,
Windows.Win32.Media.DirectShow,IBPCSatelliteTuner,211a8765-03ac-11d1-8d13-00aa00bd8339,true,standard_derived,
Windows.Win32.Media.DirectShow,IBaseFilter,56a86895-0ad4-11ce-b03a-0020af0ba770,false,,incomplete_pointee_layout_for_storage
Windows.Win32.Media.DirectShow,IBaseVideoMixer,61ded640-e912-11ce-a099-00aa00479a58,true,standard_derived,
Windows.Win32.Media.DirectShow,IBasicAudio,56a868b3-0ad4-11ce-b03a-0020af0ba770,true,standard_derived,
Windows.Win32.Media.DirectShow,IBasicVideo,56a868b5-0ad4-11ce-b03a-0020af0ba770,true,standard_derived,
Windows.Win32.Media.DirectShow,IBasicVideo2,329bb360-f6ea-11d1-9038-00a0c9697298,true,standard_derived,
Windows.Win32.Media.DirectShow,IBroadcastEvent,3b21263f-26e8-489d-aac4-924f7efd9511,true,standard_derived,
Windows.Win32.Media.DirectShow,IBroadcastEventEx,3d9e3887-1929-423f-8021-43682de95448,true,standard_derived,
Windows.Win32.Media.DirectShow,IBufferingTime,1e00486a-78dd-11d2-8dd3-006097c9a2b2,true,standard_derived,
Windows.Win32.Media.DirectShow,ICCSubStreamFiltering,4b2bd7ea-8347-467b-8dbf-62f784929cc3,true,standard_derived,
Windows.Win32.Media.DirectShow,ICameraControl,2ba1785d-4d1b-44ef-85e8-c7f1d3f20184,true,standard_derived,
Windows.Win32.Media.DirectShow,ICaptureGraphBuilder,bf87b6e0-8c27-11d0-b3f0-00aa003761c5,true,standard_derived,
Windows.Win32.Media.DirectShow,ICaptureGraphBuilder2,93e5a4e0-2d50-11d2-abfa-00a0c9c6e38d,true,standard_derived,
Windows.Win32.Media.DirectShow,IConfigAsfWriter,45086030-f7e4-486a-b504-826bb5792a3b,true,standard_derived,
Windows.Win32.Media.DirectShow,IConfigAsfWriter2,7989ccaa-53f0-44f0-884a-f3b03f6ae066,true,standard_derived,
Windows.Win32.Media.DirectShow,IConfigAviMux,5acd6aa0-f482-11ce-8b67-00aa00a3f1a6,true,standard_derived,
Windows.Win32.Media.DirectShow,IConfigInterleaving,bee3d220-157b-11d0-bd23-00a0c911ce86,true,standard_derived,
Windows.Win32.Media.DirectShow,ICreateDevEnum,29840822-5b84-11d0-bd3b-00a0c911ce86,true,standard_derived,
Windows.Win32.Media.DirectShow,IDDrawExclModeVideo,153acc21-d83b-11d1-82bf-00a0c9696c8f,true,standard_derived,
Windows.Win32.Media.DirectShow,IDDrawExclModeVideoCallback,913c24a0-20ab-11d2-9038-00a0c9697298,true,standard_derived,
Windows.Win32.Media.DirectShow,IDMOWrapperFilter,52d6f586-9f0f-4824-8fc8-e32ca04930c2,true,standard_derived,
Windows.Win32.Media.DirectShow,IDShowPlugin,4746b7c8-700e-11d1-becc-00c04fb6e937,true,standard_derived,
Windows.Win32.Media.DirectShow,IDVEnc,d18e17a0-aacb-11d0-afb0-00aa00b67a42,true,standard_derived,
Windows.Win32.Media.DirectShow,IDVRGB219,58473a19-2bc8-4663-8012-25f81babddd1,true,standard_derived,
Windows.Win32.Media.DirectShow,IDVSplitter,92a3a302-da7c-4a1f-ba7e-1802bb5d2d02,true,standard_derived,
Windows.Win32.Media.DirectShow,IDecimateVideoImage,2e5ea3e0-e924-11d2-b6da-00a0c995e8df,true,standard_derived,
Windows.Win32.Media.DirectShow,IDeferredCommand,56a868b8-0ad4-11ce-b03a-0020af0ba770,true,standard_derived,
Windows.Win32.Media.DirectShow,IDirectDrawMediaSample,ab6b4afe-f6e4-11d0-900d-00c04fd9189d,true,standard_derived,
Windows.Win32.Media.DirectShow,IDirectDrawMediaSampleAllocator,ab6b4afc-f6e4-11d0-900d-00c04fd9189d,true,standard_derived,
Windows.Win32.Media.DirectShow,IDirectDrawMediaStream,f4104fce-9a70-11d0-8fde-00c04fd9189d,false,,incomplete_pointee_layout_for_storage
Windows.Win32.Media.DirectShow,IDirectDrawStreamSample,f4104fcf-9a70-11d0-8fde-00c04fd9189d,false,,safe_projection_incomplete
Windows.Win32.Media.DirectShow,IDirectDrawVideo,36d39eb0-dd75-11ce-bf0e-00aa0055595a,false,,incomplete_pointee_layout_for_storage
Windows.Win32.Media.DirectShow,IDistributorNotify,56a868af-0ad4-11ce-b03a-0020af0ba770,true,standard_derived,
Windows.Win32.Media.DirectShow,IDrawVideoImage,48efb120-ab49-11d2-aed2-00a0c995e8d5,true,standard_derived,
Windows.Win32.Media.DirectShow,IDvdCmd,5a4a97e4-94ee-4a55-9751-74b5643aa27d,true,standard_derived,
Windows.Win32.Media.DirectShow,IDvdControl,a70efe61-e2a3-11d0-a9be-00aa0061be93,true,standard_derived,
Windows.Win32.Media.DirectShow,IDvdControl2,33bc7430-eec0-11d2-8201-00a0c9d74842,false,,missing_count_relation
Windows.Win32.Media.DirectShow,IDvdGraphBuilder,fcc152b6-f372-11d0-8e00-00c04fd7c08b,true,standard_derived,
Windows.Win32.Media.DirectShow,IDvdInfo,a70efe60-e2a3-11d0-a9be-00aa0061be93,false,,missing_allocator
Windows.Win32.Media.DirectShow,IDvdInfo2,34151510-eec0-11d2-8201-00a0c9d74842,false,,incomplete_pointee_layout_for_storage
Windows.Win32.Media.DirectShow,IDvdState,86303d6d-1c4a-4087-ab42-f711167048ef,true,standard_derived,
Windows.Win32.Media.DirectShow,IESEvent,1f0e5357-af43-44e6-8547-654c645145d2,true,exact_registry_dependent,
Windows.Win32.Media.DirectShow,IESEvents,abd414bf-cfe5-4e5e-af5b-4b4e49c5bfeb,true,standard_derived,
Windows.Win32.Media.DirectShow,IEncoderAPI,70423839-6acc-4b23-b079-21dbf08156a5,false,,safe_projection_incomplete
Windows.Win32.Media.DirectShow,IEnumFilters,56a86893-0ad4-11ce-b03a-0020af0ba770,true,exact_registry_dependent,
Windows.Win32.Media.DirectShow,IEnumMediaTypes,89c31040-846b-11ce-97d3-00aa0055595a,false,,external_pointee_storage
Windows.Win32.Media.DirectShow,IEnumPIDMap,afb6c2a2-2c41-11d3-8a60-0000f81e0e4a,false,,safe_projection_incomplete
Windows.Win32.Media.DirectShow,IEnumPins,56a86892-0ad4-11ce-b03a-0020af0ba770,true,exact_registry_dependent,
Windows.Win32.Media.DirectShow,IEnumRegFilters,56a868a4-0ad4-11ce-b03a-0020af0ba770,false,,missing_allocator
Windows.Win32.Media.DirectShow,IEnumStreamIdMap,945c1566-6202-46fc-96c7-d87f289c6534,false,,safe_projection_incomplete
Windows.Win32.Media.DirectShow,IFileSinkFilter,a2104830-7c70-11cf-8bce-00aa00a3f1a6,false,,incomplete_pointee_layout_for_storage
Windows.Win32.Media.DirectShow,IFileSinkFilter2,00855b90-ce1b-11d0-bd4f-00a0c911ce86,false,,incomplete_pointee_layout_for_storage
Windows.Win32.Media.DirectShow,IFileSourceFilter,56a868a6-0ad4-11ce-b03a-0020af0ba770,false,,incomplete_pointee_layout_for_storage
Windows.Win32.Media.DirectShow,IFilterChain,dcfbdcf6-0dc2-45f5-9ab2-7c330ea09c29,true,standard_derived,
Windows.Win32.Media.DirectShow,IFilterGraph,56a8689f-0ad4-11ce-b03a-0020af0ba770,false,,external_pointee_storage
Windows.Win32.Media.DirectShow,IFilterGraph2,36b73882-c2c8-11cf-8b46-00805f6cef60,false,,external_pointee_storage
Windows.Win32.Media.DirectShow,IFilterGraph3,aaf38154-b80b-422f-91e6-b66467509a07,false,,external_pointee_storage
Windows.Win32.Media.DirectShow,IFilterInfo,56a868ba-0ad4-11ce-b03a-0020af0ba770,true,standard_derived,
Windows.Win32.Media.DirectShow,IFilterMapper,56a868a3-0ad4-11ce-b03a-0020af0ba770,true,standard_derived,
Windows.Win32.Media.DirectShow,IFilterMapper2,b79bb0b0-33c1-11d1-abe1-00a0c905f375,false,,external_pointee_storage
Windows.Win32.Media.DirectShow,IFilterMapper3,b79bb0b1-33c1-11d1-abe1-00a0c905f375,false,,external_pointee_storage
Windows.Win32.Media.DirectShow,IFrequencyMap,06fb45c1-693c-4ea7-b79f-7a6a54d8def2,false,,missing_allocator
Windows.Win32.Media.DirectShow,IFullScreenVideo,dd1d7110-7836-11cf-bf47-00aa0055595a,false,,missing_handle_ownership
Windows.Win32.Media.DirectShow,IFullScreenVideoEx,53479470-f1dd-11cf-bc42-00aa00ac74f6,false,,missing_handle_ownership
Windows.Win32.Media.DirectShow,IGetCapabilitiesKey,a8809222-07bb-48ea-951c-33158100625b,false,,missing_handle_ownership
Windows.Win32.Media.DirectShow,IGraphBuilder,56a868a9-0ad4-11ce-b03a-0020af0ba770,false,,external_pointee_storage
Windows.Win32.Media.DirectShow,IGraphConfig,03a1eb8e-32bf-4245-8502-114d08a9cb88,false,,external_pointee_storage
Windows.Win32.Media.DirectShow,IGraphConfigCallback,ade0fd60-d19d-11d2-abf6-00a0c905f375,false,,external_pointee_storage
Windows.Win32.Media.DirectShow,IGraphVersion,56a868ab-0ad4-11ce-b03a-0020af0ba770,true,standard_derived,
Windows.Win32.Media.DirectShow,IIPDVDec,b8e8bd60-0bfe-11d0-af91-00aa00b67a42,true,standard_derived,
Windows.Win32.Media.DirectShow,IMPEG2PIDMap,afb6c2a1-2c41-11d3-8a60-0000f81e0e4a,true,standard_derived,
Windows.Win32.Media.DirectShow,IMPEG2StreamIdMap,d0e04c47-25b8-4369-925a-362a01d95444,true,standard_derived,
Windows.Win32.Media.DirectShow,IMediaControl,56a868b1-0ad4-11ce-b03a-0020af0ba770,true,standard_derived,
Windows.Win32.Media.DirectShow,IMediaEvent,56a868b6-0ad4-11ce-b03a-0020af0ba770,true,standard_derived,
Windows.Win32.Media.DirectShow,IMediaEventEx,56a868c0-0ad4-11ce-b03a-0020af0ba770,true,standard_derived,
Windows.Win32.Media.DirectShow,IMediaEventSink,56a868a2-0ad4-11ce-b03a-0020af0ba770,true,standard_derived,
Windows.Win32.Media.DirectShow,IMediaFilter,56a86899-0ad4-11ce-b03a-0020af0ba770,true,standard_derived,
Windows.Win32.Media.DirectShow,IMediaParamInfo,6d6cbb60-a223-44aa-842f-a2f06750be6d,false,,missing_allocator
Windows.Win32.Media.DirectShow,IMediaParams,6d6cbb61-a223-44aa-842f-a2f06750be6e,true,standard_derived,
Windows.Win32.Media.DirectShow,IMediaPosition,56a868b2-0ad4-11ce-b03a-0020af0ba770,true,standard_derived,
Windows.Win32.Media.DirectShow,IMediaPropertyBag,6025a880-c0d5-11d0-bd4e-00a0c911ce86,false,,safe_projection_incomplete
Windows.Win32.Media.DirectShow,IMediaSample,56a8689a-0ad4-11ce-b03a-0020af0ba770,false,,external_pointee_storage
Windows.Win32.Media.DirectShow,IMediaSample2,36b73884-c2c8-11cf-8b46-00805f6cef60,false,,external_pointee_storage
Windows.Win32.Media.DirectShow,IMediaSample2Config,68961e68-832b-41ea-bc91-63593f3e70e3,true,standard_derived,
Windows.Win32.Media.DirectShow,IMediaSeeking,36b73880-c2c8-11cf-8b46-00805f6cef60,false,,safe_projection_incomplete
Windows.Win32.Media.DirectShow,IMediaStream,b502d1bd-9a57-11d0-8fde-00c04fd9189d,true,standard_derived,
Windows.Win32.Media.DirectShow,IMediaStreamFilter,bebe595e-9a6f-11d0-8fde-00c04fd9189d,false,,incomplete_pointee_layout_for_storage
Windows.Win32.Media.DirectShow,IMediaTypeInfo,56a868bc-0ad4-11ce-b03a-0020af0ba770,true,standard_derived,
Windows.Win32.Media.DirectShow,IMemAllocator,56a8689c-0ad4-11ce-b03a-0020af0ba770,true,standard_derived,
Windows.Win32.Media.DirectShow,IMemAllocatorCallbackTemp,379a0cf0-c1de-11d2-abf5-00a0c905f375,true,standard_derived,
Windows.Win32.Media.DirectShow,IMemAllocatorNotifyCallbackTemp,92980b30-c1de-11d2-abf5-00a0c905f375,true,standard_derived,
Windows.Win32.Media.DirectShow,IMemInputPin,56a8689d-0ad4-11ce-b03a-0020af0ba770,true,standard_derived,
Windows.Win32.Media.DirectShow,IMemoryData,327fc560-af60-11d0-8212-00c04fc32c45,false,,missing_allocator
Windows.Win32.Media.DirectShow,IMixerOCX,81a3bd32-dee1-11d1-8508-00a0c91f9ca0,false,,missing_allocator
Windows.Win32.Media.DirectShow,IMixerOCXNotify,81a3bd31-dee1-11d1-8508-00a0c91f9ca0,true,standard_derived,
Windows.Win32.Media.DirectShow,IMixerPinConfig,593cdde1-0759-11d1-9e69-00c04fd7c15b,true,standard_derived,
Windows.Win32.Media.DirectShow,IMixerPinConfig2,ebf47182-8764-11d1-9e69-00c04fd7c15b,true,standard_derived,
Windows.Win32.Media.DirectShow,IMpeg2Demultiplexer,436eee9c-264f-4242-90e1-4e330c107512,false,,external_pointee_storage
Windows.Win32.Media.DirectShow,IMpegAudioDecoder,b45dd570-3c77-11d1-abe1-00a0c905f375,false,,incomplete_pointee_layout_for_storage
Windows.Win32.Media.DirectShow,IMultiMediaStream,b502d1bc-9a57-11d0-8fde-00c04fd9189d,false,,missing_handle_ownership
Windows.Win32.Media.DirectShow,IOverlay,56a868a1-0ad4-11ce-b03a-0020af0ba770,false,,external_pointee_storage
Windows.Win32.Media.DirectShow,IOverlayNotify,56a868a0-0ad4-11ce-b03a-0020af0ba770,false,,external_pointee_storage
Windows.Win32.Media.DirectShow,IOverlayNotify2,680efa10-d535-11d1-87c8-00a0c9223196,false,,external_pointee_storage
Windows.Win32.Media.DirectShow,IPersistMediaPropertyBag,5738e040-b67f-11d0-bd4d-00a0c911ce86,true,standard_derived,
Windows.Win32.Media.DirectShow,IPin,56a86891-0ad4-11ce-b03a-0020af0ba770,false,,incomplete_pointee_layout_for_storage
Windows.Win32.Media.DirectShow,IPinConnection,4a9a62d3-27d4-403d-91e9-89f540e55534,false,,external_pointee_storage
Windows.Win32.Media.DirectShow,IPinFlowControl,c56e9858-dbf3-4f6b-8119-384af2060deb,true,standard_derived,
Windows.Win32.Media.DirectShow,IPinInfo,56a868bd-0ad4-11ce-b03a-0020af0ba770,true,standard_derived,
Windows.Win32.Media.DirectShow,IQualProp,1bd0ecb0-f8e2-11ce-aac6-0020af0b99a3,true,standard_derived,
Windows.Win32.Media.DirectShow,IQualityControl,56a868a5-0ad4-11ce-b03a-0020af0ba770,true,standard_derived,
Windows.Win32.Media.DirectShow,IQueueCommand,56a868b7-0ad4-11ce-b03a-0020af0ba770,false,,safe_projection_incomplete
Windows.Win32.Media.DirectShow,IRegFilterInfo,56a868bb-0ad4-11ce-b03a-0020af0ba770,true,standard_derived,
Windows.Win32.Media.DirectShow,IRegisterServiceProvider,7b3a2f01-0751-48dd-b556-004785171c54,true,standard_derived,
Windows.Win32.Media.DirectShow,IResourceConsumer,56a868ad-0ad4-11ce-b03a-0020af0ba770,true,standard_derived,
Windows.Win32.Media.DirectShow,IResourceManager,56a868ac-0ad4-11ce-b03a-0020af0ba770,true,standard_derived,
Windows.Win32.Media.DirectShow,ISeekingPassThru,36b73883-c2c8-11cf-8b46-00805f6cef60,true,standard_derived,
Windows.Win32.Media.DirectShow,ISelector,1abdaeca-68b6-4f83-9371-b413907c7b9f,true,standard_derived,
Windows.Win32.Media.DirectShow,ISpecifyParticularPages,4c437b91-6e9e-11d1-a704-006097c4e476,false,,nested_pointer_lifetime
Windows.Win32.Media.DirectShow,IStreamBuilder,56a868bf-0ad4-11ce-b03a-0020af0ba770,true,standard_derived,
Windows.Win32.Media.DirectShow,IStreamSample,b502d1be-9a57-11d0-8fde-00c04fd9189d,false,,safe_projection_incomplete
Windows.Win32.Media.DirectShow,IVMRAspectRatioControl,ede80b5c-bad6-4623-b537-65586c9f8dfd,true,standard_derived,
Windows.Win32.Media.DirectShow,IVMRAspectRatioControl9,00d96c29-bbde-4efc-9901-bb5036392146,true,standard_derived,
Windows.Win32.Media.DirectShow,IVMRDeinterlaceControl,bb057577-0db8-4e6a-87a7-1a8c9a505a0f,true,standard_derived,
Windows.Win32.Media.DirectShow,IVMRDeinterlaceControl9,a215fb8d-13c2-4f7f-993c-003d6271a459,true,standard_derived,
Windows.Win32.Media.DirectShow,IVMRFilterConfig,9e5530c5-7034-48b4-bb46-0b8a6efc8e36,true,standard_derived,
Windows.Win32.Media.DirectShow,IVMRFilterConfig9,5a804648-4f66-4867-9c43-4f5c822cf1b8,true,standard_derived,
Windows.Win32.Media.DirectShow,IVMRImageCompositor,7a4fb5af-479f-4074-bb40-ce6722e43c82,false,,external_pointee_storage
Windows.Win32.Media.DirectShow,IVMRImageCompositor9,4a5c89eb-df51-4654-ac2a-e48e02bbabf6,false,,external_pointee_storage
Windows.Win32.Media.DirectShow,IVMRImagePresenter,ce704fe7-e71e-41fb-baa2-c4403e1182f5,false,,external_pointee_storage
Windows.Win32.Media.DirectShow,IVMRImagePresenter9,69188c61-12a3-40f0-8ffc-342e7b433fd7,false,,external_pointee_storage
Windows.Win32.Media.DirectShow,IVMRImagePresenterConfig,9f3a1c85-8555-49ba-935f-be5b5b29d178,true,standard_derived,
Windows.Win32.Media.DirectShow,IVMRImagePresenterConfig9,45c15cab-6e22-420a-8043-ae1f0ac02c7d,true,standard_derived,
Windows.Win32.Media.DirectShow,IVMRImagePresenterExclModeConfig,e6f7ce40-4673-44f1-8f77-5499d68cb4ea,true,standard_derived,
Windows.Win32.Media.DirectShow,IVMRMixerBitmap,1e673275-0257-40aa-af20-7c608d4a0428,false,,incomplete_pointee_layout_for_storage
Windows.Win32.Media.DirectShow,IVMRMixerBitmap9,ced175e5-1935-4820-81bd-ff6ad00c9108,false,,incomplete_pointee_layout_for_storage
Windows.Win32.Media.DirectShow,IVMRMixerControl,1c1a17b0-bed0-415d-974b-dc6696131599,true,standard_derived,
Windows.Win32.Media.DirectShow,IVMRMixerControl9,1a777eaa-47c8-4930-b2c9-8fee1c1b0f3b,true,standard_derived,
Windows.Win32.Media.DirectShow,IVMRMonitorConfig,9cf0b1b6-fbaa-4b7f-88cf-cf1f130a0dce,false,,nested_pointer_lifetime
Windows.Win32.Media.DirectShow,IVMRMonitorConfig9,46c2e457-8ba0-4eef-b80b-0680f0978749,false,,safe_projection_incomplete
Windows.Win32.Media.DirectShow,IVMRSurface,a9849bbe-9ec8-4263-b764-62730f0d15d0,false,,missing_allocator
Windows.Win32.Media.DirectShow,IVMRSurface9,dfc581a1-6e1f-4c3a-8d0a-5e9792ea2afc,false,,missing_allocator
Windows.Win32.Media.DirectShow,IVMRSurfaceAllocator,31ce832e-4484-458b-8cca-f4d7e3db0b52,false,,external_pointee_storage
Windows.Win32.Media.DirectShow,IVMRSurfaceAllocator9,8d5148ea-3f5d-46cf-9df1-d1b896eedb1f,true,standard_derived,
Windows.Win32.Media.DirectShow,IVMRSurfaceAllocatorEx9,6de9a68a-a928-4522-bf57-655ae3866456,true,standard_derived,
Windows.Win32.Media.DirectShow,IVMRSurfaceAllocatorNotify,aada05a8-5a4e-4729-af0b-cea27aed51e2,false,,safe_projection_incomplete
Windows.Win32.Media.DirectShow,IVMRSurfaceAllocatorNotify9,dca3f5df-bb3a-4d03-bd81-84614bfbfa0c,false,,safe_projection_incomplete
Windows.Win32.Media.DirectShow,IVMRVideoStreamControl,058d1f11-2a54-4bef-bd54-df706626b727,true,standard_derived,
Windows.Win32.Media.DirectShow,IVMRVideoStreamControl9,d0cfe38b-93e7-4772-8957-0400c49a4485,true,standard_derived,
Windows.Win32.Media.DirectShow,IVMRWindowlessControl,0eb1088c-4dcd-46f0-878f-39dae86a51b7,false,,missing_allocator
Windows.Win32.Media.DirectShow,IVMRWindowlessControl9,8f537d09-f85e-4414-b23b-502e54c79927,false,,missing_allocator
Windows.Win32.Media.DirectShow,IVPBaseConfig,,false,,incomplete_pointee_layout_for_storage
Windows.Win32.Media.DirectShow,IVPBaseNotify,,false,,missing_declaring_iid
Windows.Win32.Media.DirectShow,IVPConfig,bc29a660-30e3-11d0-9e69-00c04fd7c15b,false,,incomplete_pointee_layout_for_storage
Windows.Win32.Media.DirectShow,IVPManager,aac18c18-e186-46d2-825d-a1f8dc8e395a,true,standard_derived,
Windows.Win32.Media.DirectShow,IVPNotify,c76794a1-d6c5-11d0-9e69-00c04fd7c15b,true,standard_derived,
Windows.Win32.Media.DirectShow,IVPNotify2,ebf47183-8764-11d1-9e69-00c04fd7c15b,true,standard_derived,
Windows.Win32.Media.DirectShow,IVPVBIConfig,ec529b00-1a1f-11d1-bad9-00609744111a,false,,incomplete_pointee_layout_for_storage
Windows.Win32.Media.DirectShow,IVPVBINotify,ec529b01-1a1f-11d1-bad9-00609744111a,true,standard_derived,
Windows.Win32.Media.DirectShow,IVideoEncoder,02997c3b-8e1b-460e-9270-545e0de9563e,false,,safe_projection_incomplete
Windows.Win32.Media.DirectShow,IVideoFrameStep,e46a9787-2b71-444d-a4b5-1fab7b708d6a,true,standard_derived,
Windows.Win32.Media.DirectShow,IVideoProcAmp,4050560e-42a7-413a-85c2-09269a2d0f44,true,standard_derived,
Windows.Win32.Media.DirectShow,IVideoWindow,56a868b4-0ad4-11ce-b03a-0020af0ba770,true,standard_derived,
Windows.Win32.Media.DirectShow,IWMCodecAMVideoAccelerator,d98ee251-34e0-4a2d-9312-9b4c788d9fa1,false,,external_pointee_storage
Windows.Win32.Media.DirectShow,IWMCodecVideoAccelerator,990641b0-739f-4e94-a808-9888da8f75af,false,,external_pointee_storage
Windows.Win32.Media.DirectShow.Tv,IATSCChannelTuneRequest,0369b4e1-45b6-11d3-b650-00c04f79498e,true,standard_derived,
Windows.Win32.Media.DirectShow.Tv,IATSCComponentType,fc189e4d-7bd4-4125-b3b3-3a76a332cc96,false,,incomplete_pointee_layout_for_storage
Windows.Win32.Media.DirectShow.Tv,IATSCLocator,bf8d986f-8c2b-4131-94d7-4d3d9fcc21ef,true,standard_derived,
Windows.Win32.Media.DirectShow.Tv,IATSCLocator2,612aa885-66cf-4090-ba0a-566f5312e4ca,true,standard_derived,
Windows.Win32.Media.DirectShow.Tv,IATSCTuningSpace,0369b4e2-45b6-11d3-b650-00c04f79498e,true,standard_derived,
Windows.Win32.Media.DirectShow.Tv,IATSC_EIT,d7c212d7-76a2-4b4b-aa56-846879a80096,false,,incomplete_pointee_layout_for_storage
Windows.Win32.Media.DirectShow.Tv,IATSC_ETT,5a142cc9-b8cf-4a86-a040-e9cadf3ef3e7,false,,missing_allocator
Windows.Win32.Media.DirectShow.Tv,IATSC_MGT,8877dabd-c137-4073-97e3-779407a5d87a,true,standard_derived,
Windows.Win32.Media.DirectShow.Tv,IATSC_STT,6bf42423-217d-4d6f-81e1-3a7b360ec896,false,,incomplete_pointee_layout_for_storage
Windows.Win32.Media.DirectShow.Tv,IATSC_VCT,26879a18-32f9-46c6-91f0-fb6479270e8c,false,,missing_allocator
Windows.Win32.Media.DirectShow.Tv,IAnalogAudioComponentType,2cfeb2a8-1787-4a24-a941-c6eaec39c842,false,,incomplete_pointee_layout_for_storage
Windows.Win32.Media.DirectShow.Tv,IAnalogLocator,34d1f26b-e339-430d-abce-738cb48984dc,true,standard_derived,
Windows.Win32.Media.DirectShow.Tv,IAnalogRadioTuningSpace,2a6e293b-2595-11d3-b64c-00c04f79498e,true,standard_derived,
Windows.Win32.Media.DirectShow.Tv,IAnalogRadioTuningSpace2,39dd45da-2da8-46ba-8a8a-87e2b73d983a,true,standard_derived,
Windows.Win32.Media.DirectShow.Tv,IAnalogTVTuningSpace,2a6e293c-2595-11d3-b64c-00c04f79498e,true,standard_derived,
Windows.Win32.Media.DirectShow.Tv,IAtscContentAdvisoryDescriptor,ff76e60c-0283-43ea-ba32-b422238547ee,false,,missing_allocator
Windows.Win32.Media.DirectShow.Tv,IAtscPsipParser,b2c98995-5eb2-4fb1-b406-f3e8e2026a9a,true,standard_derived,
Windows.Win32.Media.DirectShow.Tv,IAttributeGet,52dbd1ec-e48f-4528-9232-f442a68f0ae1,true,standard_derived,
Windows.Win32.Media.DirectShow.Tv,IAttributeSet,583ec3cc-4960-4857-982b-41a33ea0a006,true,standard_derived,
Windows.Win32.Media.DirectShow.Tv,IAuxInTuningSpace,e48244b8-7e17-4f76-a763-5090ff1e2f30,true,standard_derived,
Windows.Win32.Media.DirectShow.Tv,IAuxInTuningSpace2,b10931ed-8bfe-4ab0-9dce-e469c29a9729,true,standard_derived,
Windows.Win32.Media.DirectShow.Tv,IBDAComparable,b34505e0-2f0e-497b-80bc-d43f3b24ed7f,true,standard_derived,
Windows.Win32.Media.DirectShow.Tv,IBDACreateTuneRequestEx,c0a4a1d4-2b3c-491a-ba22-499fbadd4d12,true,standard_derived,
Windows.Win32.Media.DirectShow.Tv,IBDA_TIF_REGISTRATION,dfef4a68-ee61-415f-9ccb-cd95f2f98a3a,false,,missing_interface_replacement_contract
Windows.Win32.Media.DirectShow.Tv,ICAT,7c6995fb-2a31-4bd7-953e-b1ad7fb7d31c,true,standard_derived,
Windows.Win32.Media.DirectShow.Tv,ICaptionServiceDescriptor,40834007-6834-46f0-bd45-d5f6a6be258c,false,,missing_count_relation
Windows.Win32.Media.DirectShow.Tv,IChannelIDTuneRequest,156eff60-86f4-4e28-89fc-109799fd57ee,true,standard_derived,
Windows.Win32.Media.DirectShow.Tv,IChannelTuneRequest,0369b4e0-45b6-11d3-b650-00c04f79498e,true,standard_derived,
Windows.Win32.Media.DirectShow.Tv,IComponent,1a5576fc-0e19-11d3-9d8e-00c04f72d980,true,standard_derived,
Windows.Win32.Media.DirectShow.Tv,IComponentType,6a340dc0-0311-11d3-9d8e-00c04f72d980,false,,incomplete_pointee_layout_for_storage
Windows.Win32.Media.DirectShow.Tv,IComponentTypes,0dc13d4a-0313-11d3-9d8e-00c04f72d980,true,standard_derived,
Windows.Win32.Media.DirectShow.Tv,IComponents,39a48091-fffe-4182-a161-3ff802640e26,true,standard_derived,
Windows.Win32.Media.DirectShow.Tv,IComponentsOld,fcd01846-0e19-11d3-9d8e-00c04f72d980,true,standard_derived,
Windows.Win32.Media.DirectShow.Tv,ICreatePropBagOnRegKey,8a674b48-1f63-11d3-b64c-00c04f79498e,true,standard_derived,
Windows.Win32.Media.DirectShow.Tv,IDTFilter,c4c4c4b2-0049-4e2b-98fb-9537f6ce516d,true,standard_derived,
Windows.Win32.Media.DirectShow.Tv,IDTFilter2,c4c4c4b4-0049-4e2b-98fb-9537f6ce516d,true,standard_derived,
Windows.Win32.Media.DirectShow.Tv,IDTFilter3,513998cc-e929-4cdf-9fbd-bad1e0314866,true,standard_derived,
Windows.Win32.Media.DirectShow.Tv,IDTFilterConfig,c4c4c4d2-0049-4e2b-98fb-9537f6ce516d,true,standard_derived,
Windows.Win32.Media.DirectShow.Tv,IDTFilterEvents,c4c4c4c2-0049-4e2b-98fb-9537f6ce516d,true,standard_derived,
Windows.Win32.Media.DirectShow.Tv,IDTFilterLicenseRenewal,8a78b317-e405-4a43-994a-620d8f5ce25e,false,,missing_allocator
Windows.Win32.Media.DirectShow.Tv,IDVBCLocator,6e42f36e-1dd2-43c4-9f78-69d25ae39034,true,standard_derived,
Windows.Win32.Media.DirectShow.Tv,IDVBSLocator,3d7c353c-0d04-45f1-a742-f97cc1188dc8,true,standard_derived,
Windows.Win32.Media.DirectShow.Tv,IDVBSLocator2,6044634a-1733-4f99-b982-5fb12afce4f0,true,standard_derived,
Windows.Win32.Media.DirectShow.Tv,IDVBSTuningSpace,cdf7be60-d954-42fd-a972-78971958e470,true,standard_derived,
Windows.Win32.Media.DirectShow.Tv,IDVBTLocator,8664da16-dda2-42ac-926a-c18f9127c302,true,standard_derived,
Windows.Win32.Media.DirectShow.Tv,IDVBTLocator2,448a2edf-ae95-4b43-a3cc-747843c453d4,true,standard_derived,
Windows.Win32.Media.DirectShow.Tv,IDVBTuneRequest,0d6f567e-a636-42bb-83ba-ce4c1704afa2,true,standard_derived,
Windows.Win32.Media.DirectShow.Tv,IDVBTuningSpace,ada0b268-3b19-4e5b-acc4-49f852be13ba,true,standard_derived,
Windows.Win32.Media.DirectShow.Tv,IDVBTuningSpace2,843188b4-ce62-43db-966b-8145a094e040,true,standard_derived,
Windows.Win32.Media.DirectShow.Tv,IDVB_BAT,ece9bb0c-43b6-4558-a0ec-1812c34cd6ca,false,,safe_projection_incomplete
Windows.Win32.Media.DirectShow.Tv,IDVB_DIT,91bffdf9-9432-410f-86ef-1c228ed0ad70,true,standard_derived,
Windows.Win32.Media.DirectShow.Tv,IDVB_EIT,442db029-02cb-4495-8b92-1c13375bce99,false,,incomplete_pointee_layout_for_storage
Windows.Win32.Media.DirectShow.Tv,IDVB_EIT2,61a389e0-9b9e-4ba0-aeea-5ddd159820ea,false,,incomplete_pointee_layout_for_storage
Windows.Win32.Media.DirectShow.Tv,IDVB_NIT,c64935f4-29e4-4e22-911a-63f7f55cb097,false,,safe_projection_incomplete
Windows.Win32.Media.DirectShow.Tv,IDVB_RST,f47dcd04-1e23-4fb7-9f96-b40eead10b2b,true,standard_derived,
Windows.Win32.Media.DirectShow.Tv,IDVB_SDT,02cad8d3-fe43-48e2-90bd-450ed9a8a5fd,false,,safe_projection_incomplete
Windows.Win32.Media.DirectShow.Tv,IDVB_SIT,68cdce53-8bea-45c2-9d9d-acf575a089b5,false,,safe_projection_incomplete
Windows.Win32.Media.DirectShow.Tv,IDVB_ST,4d5b9f23-2a02-45de-bcda-5d5dbfbfbe62,false,,missing_allocator
Windows.Win32.Media.DirectShow.Tv,IDVB_TDT,0780dc7d-d55c-4aef-97e6-6b75906e2796,false,,incomplete_pointee_layout_for_storage
Windows.Win32.Media.DirectShow.Tv,IDVB_TOT,83295d6a-faba-4ee1-9b15-8067696910ae,false,,incomplete_pointee_layout_for_storage
Windows.Win32.Media.DirectShow.Tv,IDigitalCableLocator,48f66a11-171a-419a-9525-beeecd51584c,true,standard_derived,
Windows.Win32.Media.DirectShow.Tv,IDigitalCableTuneRequest,bad7753b-6b37-4810-ae57-3ce0c4a9e6cb,true,standard_derived,
Windows.Win32.Media.DirectShow.Tv,IDigitalCableTuningSpace,013f9f9c-b449-4ec7-a6d2-9d4f2fc70ae5,true,standard_derived,
Windows.Win32.Media.DirectShow.Tv,IDigitalLocator,19b595d8-839a-47f0-96df-4f194f3c768c,true,standard_derived,
Windows.Win32.Media.DirectShow.Tv,IDvbCableDeliverySystemDescriptor,dfb98e36-9e1a-4862-9946-993a4e59017b,true,standard_derived,
Windows.Win32.Media.DirectShow.Tv,IDvbComponentDescriptor,91e405cf-80e7-457f-9096-1b9d1ce32141,false,,missing_count_relation
Windows.Win32.Media.DirectShow.Tv,IDvbContentDescriptor,2e883881-a467-412a-9d63-6f2b6da05bf0,true,standard_derived,
Windows.Win32.Media.DirectShow.Tv,IDvbContentIdentifierDescriptor,05e0c1ea-f661-4053-9fbf-d93b28359838,false,,missing_allocator
Windows.Win32.Media.DirectShow.Tv,IDvbDataBroadcastDescriptor,d1ebc1d6-8b60-4c20-9caf-e59382e7c400,true,standard_derived,
Windows.Win32.Media.DirectShow.Tv,IDvbDataBroadcastIDDescriptor,5f26f518-65c8-4048-91f2-9290f59f7b90,true,standard_derived,
Windows.Win32.Media.DirectShow.Tv,IDvbDefaultAuthorityDescriptor,05ec24d1-3a31-44e7-b408-67c60a352276,false,,missing_allocator
Windows.Win32.Media.DirectShow.Tv,IDvbExtendedEventDescriptor,c9b22eca-85f4-499f-b1db-efa93a91ee57,false,,missing_allocator
Windows.Win32.Media.DirectShow.Tv,IDvbFrequencyListDescriptor,1cadb613-e1dd-4512-afa8-bb7a007ef8b1,true,standard_derived,
Windows.Win32.Media.DirectShow.Tv,IDvbHDSimulcastLogicalChannelDescriptor,1ea8b738-a307-4680-9e26-d0a908c824f4,true,standard_derived,
Windows.Win32.Media.DirectShow.Tv,IDvbLinkageDescriptor,1cdf8b31-994a-46fc-acfd-6a6be8934dd5,true,standard_derived,
Windows.Win32.Media.DirectShow.Tv,IDvbLogicalChannel2Descriptor,f69c3747-8a30-4980-998c-01fe7f0ba35a,false,,missing_count_relation
Windows.Win32.Media.DirectShow.Tv,IDvbLogicalChannelDescriptor,cf1edaff-3ffd-4cf7-8201-35756acbf85f,true,standard_derived,
Windows.Win32.Media.DirectShow.Tv,IDvbLogicalChannelDescriptor2,43aca974-4be8-4b98-bc17-9eafd788b1d7,true,standard_derived,
Windows.Win32.Media.DirectShow.Tv,IDvbMultilingualServiceNameDescriptor,2d80433b-b32c-47ef-987f-e78ebb773e34,true,standard_derived,
Windows.Win32.Media.DirectShow.Tv,IDvbNetworkNameDescriptor,5b2a80cf-35b9-446c-b3e4-048b761dbc51,false,,missing_allocator
Windows.Win32.Media.DirectShow.Tv,IDvbParentalRatingDescriptor,3ad9dde1-fb1b-4186-937f-22e6b5a72a10,false,,missing_count_relation
Windows.Win32.Media.DirectShow.Tv,IDvbPrivateDataSpecifierDescriptor,5660a019-e75a-4b82-9b4c-ed2256d165a2,true,standard_derived,
Windows.Win32.Media.DirectShow.Tv,IDvbSatelliteDeliverySystemDescriptor,02f2225a-805b-4ec5-a9a6-f9b5913cd470,true,standard_derived,
Windows.Win32.Media.DirectShow.Tv,IDvbServiceAttributeDescriptor,0f37bd92-d6a1-4854-b950-3a969d27f30e,true,standard_derived,
Windows.Win32.Media.DirectShow.Tv,IDvbServiceDescriptor,f9c7fbcf-e2d6-464d-b32d-2ef526e49290,false,,missing_allocator
Windows.Win32.Media.DirectShow.Tv,IDvbServiceDescriptor2,d6c76506-85ab-487c-9b2b-36416511e4a2,false,,missing_allocator
Windows.Win32.Media.DirectShow.Tv,IDvbServiceListDescriptor,05db0d8f-6008-491a-acd3-7090952707d0,true,standard_derived,
Windows.Win32.Media.DirectShow.Tv,IDvbShortEventDescriptor,b170be92-5b75-458e-9c6e-b0008231491a,false,,missing_count_relation
Windows.Win32.Media.DirectShow.Tv,IDvbSiParser,b758a7bd-14dc-449d-b828-35909acb3b1e,true,standard_derived,
Windows.Win32.Media.DirectShow.Tv,IDvbSiParser2,0ac5525f-f816-42f4-93ba-4c0f32f46e54,true,standard_derived,
Windows.Win32.Media.DirectShow.Tv,IDvbSubtitlingDescriptor,9b25fe1d-fa23-4e50-9784-6df8b26f8a49,true,standard_derived,
Windows.Win32.Media.DirectShow.Tv,IDvbTeletextDescriptor,9cd29d47-69c6-4f92-98a9-210af1b7303a,true,standard_derived,
Windows.Win32.Media.DirectShow.Tv,IDvbTerrestrial2DeliverySystemDescriptor,20ee9be9-cd57-49ab-8f6e-1d07aeb8e482,true,standard_derived,
Windows.Win32.Media.DirectShow.Tv,IDvbTerrestrialDeliverySystemDescriptor,ed7e1b91-d12e-420c-b41d-a49d84fe1823,true,standard_derived,
Windows.Win32.Media.DirectShow.Tv,IESCloseMmiEvent,6b80e96f-55e2-45aa-b754-0c23c8e7d5c1,true,exact_registry_dependent,
Windows.Win32.Media.DirectShow.Tv,IESEventFactory,506a09b8-7f86-4e04-ac05-3303bfe8fc49,true,standard_derived,
Windows.Win32.Media.DirectShow.Tv,IESEventService,ed89a619-4c06-4b2f-99eb-c7669b13047c,true,standard_derived,
Windows.Win32.Media.DirectShow.Tv,IESEventServiceConfiguration,33b9daae-9309-491d-a051-bcad2a70cd66,true,standard_derived,
Windows.Win32.Media.DirectShow.Tv,IESFileExpiryDateEvent,ba9edcb6-4d36-4cfe-8c56-87a6b0ca48e1,true,exact_registry_dependent,
Windows.Win32.Media.DirectShow.Tv,IESIsdbCasResponseEvent,2017cb03-dc0f-4c24-83ca-36307b2cd19f,true,exact_registry_dependent,
Windows.Win32.Media.DirectShow.Tv,IESLicenseRenewalResultEvent,d5a48ef5-a81b-4df0-acaa-5e35e7ea45d4,true,exact_registry_dependent,
Windows.Win32.Media.DirectShow.Tv,IESOpenMmiEvent,ba4b6526-1a35-4635-8b56-3ec612746a8c,true,exact_registry_dependent,
Windows.Win32.Media.DirectShow.Tv,IESRequestTunerEvent,54c7a5e8-c3bb-4f51-af14-e0e2c0e34c6d,true,exact_registry_dependent,
Windows.Win32.Media.DirectShow.Tv,IESValueUpdatedEvent,8a24c46e-bb63-4664-8602-5d9c718c146d,true,exact_registry_dependent,
Windows.Win32.Media.DirectShow.Tv,IETFilter,c4c4c4b1-0049-4e2b-98fb-9537f6ce516d,true,standard_derived,
Windows.Win32.Media.DirectShow.Tv,IETFilterConfig,c4c4c4d1-0049-4e2b-98fb-9537f6ce516d,true,standard_derived,
Windows.Win32.Media.DirectShow.Tv,IETFilterEvents,c4c4c4c1-0049-4e2b-98fb-9537f6ce516d,true,standard_derived,
Windows.Win32.Media.DirectShow.Tv,IEnumComponentTypes,8a674b4a-1f63-11d3-b64c-00c04f79498e,true,exact_registry_dependent,
Windows.Win32.Media.DirectShow.Tv,IEnumComponents,2a6e2939-2595-11d3-b64c-00c04f79498e,true,exact_registry_dependent,
Windows.Win32.Media.DirectShow.Tv,IEnumGuideDataProperties,ae44423b-4571-475c-ad2c-f40a771d80ef,true,exact_registry_dependent,
Windows.Win32.Media.DirectShow.Tv,IEnumMSVidGraphSegment,3dd2903e-e0aa-11d2-b63a-00c04f79498e,true,standard_derived,
Windows.Win32.Media.DirectShow.Tv,IEnumStreamBufferRecordingAttrib,c18a9162-1e82-4142-8c73-5690fa62fe33,false,,nested_pointer_lifetime
Windows.Win32.Media.DirectShow.Tv,IEnumTuneRequests,1993299c-ced6-4788-87a3-420067dce0c7,true,exact_registry_dependent,
Windows.Win32.Media.DirectShow.Tv,IEnumTuningSpaces,8b8eb248-fc2b-11d2-9d8c-00c04f72d980,true,exact_registry_dependent,
Windows.Win32.Media.DirectShow.Tv,IEvalRat,c5c5c5b1-3abc-11d6-b25b-00c04fa0c026,true,standard_derived,
Windows.Win32.Media.DirectShow.Tv,IGenericDescriptor,6a5918f8-a77a-4f61-aed0-5702bdcda3e6,false,,missing_allocator
Windows.Win32.Media.DirectShow.Tv,IGenericDescriptor2,bf02fb7e-9792-4e10-a68d-033a2cc246a5,false,,missing_allocator
Windows.Win32.Media.DirectShow.Tv,IGpnvsCommonBase,907e0b5c-e42d-4f04-91f0-26f401f36907,true,standard_derived,
Windows.Win32.Media.DirectShow.Tv,IGuideData,61571138-5b01-43cd-aeaf-60b784a0bf93,true,standard_derived,
Windows.Win32.Media.DirectShow.Tv,IGuideDataEvent,efda0c80-f395-42c3-9b3c-56b37dec7bb7,true,standard_derived,
Windows.Win32.Media.DirectShow.Tv,IGuideDataLoader,4764ff7c-fa95-4525-af4d-d32236db9e38,true,standard_derived,
Windows.Win32.Media.DirectShow.Tv,IGuideDataProperty,88ec5e58-bb73-41d6-99ce-66c524b8b591,true,standard_derived,
Windows.Win32.Media.DirectShow.Tv,IISDBSLocator,c9897087-e29c-473f-9e4b-7072123dea14,true,standard_derived,
Windows.Win32.Media.DirectShow.Tv,IISDB_BIT,537cd71e-0e46-4173-9001-ba043f3e49e2,false,,safe_projection_incomplete
Windows.Win32.Media.DirectShow.Tv,IISDB_CDT,25fa92c2-8b80-4787-a841-3a0e8f17984b,false,,missing_allocator
Windows.Win32.Media.DirectShow.Tv,IISDB_EMM,0edb556d-43ad-4938-9668-321b2ffecfd3,false,,missing_allocator
Windows.Win32.Media.DirectShow.Tv,IISDB_LDT,141a546b-02ff-4fb9-a3a3-2f074b74a9a9,false,,safe_projection_incomplete
Windows.Win32.Media.DirectShow.Tv,IISDB_NBIT,1b1863ef-08f1-40b7-a559-3b1eff8cafa6,false,,missing_allocator
Windows.Win32.Media.DirectShow.Tv,IISDB_SDT,3f3dc9a2-bb32-4fb9-ae9e-d856848927a3,false,,safe_projection_incomplete
Windows.Win32.Media.DirectShow.Tv,IISDB_SDTT,ee60ef2d-813a-4dc7-bf92-ea13dac85313,false,,incomplete_pointee_layout_for_storage
Windows.Win32.Media.DirectShow.Tv,IIsdbAudioComponentDescriptor,679d2002-2425-4be4-a4c7-d6632a574f4d,false,,missing_count_relation
Windows.Win32.Media.DirectShow.Tv,IIsdbCAContractInformationDescriptor,08e18b25-a28f-4e92-821e-4fced5cc2291,true,standard_derived,
Windows.Win32.Media.DirectShow.Tv,IIsdbCADescriptor,0570aa47-52bc-42ae-8ca5-969f41e81aea,true,standard_derived,
Windows.Win32.Media.DirectShow.Tv,IIsdbCAServiceDescriptor,39cbeb97-ff0b-42a7-9ab9-7b9cfe70a77a,true,standard_derived,
Windows.Win32.Media.DirectShow.Tv,IIsdbComponentGroupDescriptor,a494f17f-c592-47d8-8943-64c9a34be7b9,true,standard_derived,
Windows.Win32.Media.DirectShow.Tv,IIsdbDataContentDescriptor,a428100a-e646-4bd6-aa14-6087bdc08cd5,false,,missing_count_relation
Windows.Win32.Media.DirectShow.Tv,IIsdbDigitalCopyControlDescriptor,1a28417e-266a-4bb8-a4bd-d782bcfb8161,true,standard_derived,
Windows.Win32.Media.DirectShow.Tv,IIsdbDownloadContentDescriptor,5298661e-cb88-4f5f-a1de-5f440c185b92,false,,missing_allocator
Windows.Win32.Media.DirectShow.Tv,IIsdbEmergencyInformationDescriptor,ba6fa681-b973-4da1-9207-ac3e7f0341eb,false,,missing_allocator
Windows.Win32.Media.DirectShow.Tv,IIsdbEventGroupDescriptor,94b06780-2e2a-44dc-a966-cc56fdabc6c2,true,standard_derived,
Windows.Win32.Media.DirectShow.Tv,IIsdbHierarchicalTransmissionDescriptor,b7b3ae90-ee0b-446d-8769-f7e2aa266aa6,true,standard_derived,
Windows.Win32.Media.DirectShow.Tv,IIsdbLogoTransmissionDescriptor,e0103f49-4ae1-4f07-9098-756db1fa88cd,true,standard_derived,
Windows.Win32.Media.DirectShow.Tv,IIsdbSIParameterDescriptor,f837dc36-867c-426a-9111-f62093951a45,false,,incomplete_pointee_layout_for_storage
Windows.Win32.Media.DirectShow.Tv,IIsdbSeriesDescriptor,07ef6370-1660-4f26-87fc-614adab24b11,false,,incomplete_pointee_layout_for_storage
Windows.Win32.Media.DirectShow.Tv,IIsdbSiParser2,900e4bb7-18cd-453f-98be-3be6aa211772,false,,safe_projection_incomplete
Windows.Win32.Media.DirectShow.Tv,IIsdbTSInformationDescriptor,d7ad183e-38f5-4210-b55f-ec8d601bbd47,true,standard_derived,
Windows.Win32.Media.DirectShow.Tv,IIsdbTerrestrialDeliverySystemDescriptor,39fae0a6-d151-44dd-a28a-765de5991670,true,standard_derived,
Windows.Win32.Media.DirectShow.Tv,ILanguageComponentType,b874c8ba-0fa2-11d3-9d8e-00c04f72d980,false,,incomplete_pointee_layout_for_storage
Windows.Win32.Media.DirectShow.Tv,ILocator,286d7f89-760c-4f89-80c4-66841d2507aa,true,standard_derived,
Windows.Win32.Media.DirectShow.Tv,IMPEG2Component,1493e353-1eb6-473c-802d-8e6b8ec9d2a9,true,standard_derived,
Windows.Win32.Media.DirectShow.Tv,IMPEG2ComponentType,2c073d84-b51c-48c9-aa9f-68971e1f6e38,false,,incomplete_pointee_layout_for_storage
Windows.Win32.Media.DirectShow.Tv,IMPEG2TuneRequest,eb7d987f-8a01-42ad-b8ae-574deee44d1a,true,standard_derived,
Windows.Win32.Media.DirectShow.Tv,IMPEG2TuneRequestFactory,14e11abd-ee37-4893-9ea1-6964de933e39,true,standard_derived,
Windows.Win32.Media.DirectShow.Tv,IMPEG2TuneRequestSupport,1b9d5fc3-5bbc-4b6c-bb18-b9d10e3eeebf,true,standard_derived,
Windows.Win32.Media.DirectShow.Tv,IMPEG2_TIF_CONTROL,f9bac2f9-4149-4916-b2ef-faa202326862,true,standard_derived,
Windows.Win32.Media.DirectShow.Tv,IMSEventBinder,c3a9f406-2222-436d-86d5-ba3229279efb,true,standard_derived,
Windows.Win32.Media.DirectShow.Tv,IMSVidAnalogTuner,1c15d47e-911d-11d2-b632-00c04f79498e,true,standard_derived,
Windows.Win32.Media.DirectShow.Tv,IMSVidAnalogTuner2,37647bf7-3dde-4cc8-a4dc-0d534d3d0037,true,standard_derived,
Windows.Win32.Media.DirectShow.Tv,IMSVidAnalogTunerEvent,1c15d486-911d-11d2-b632-00c04f79498e,true,standard_derived,
Windows.Win32.Media.DirectShow.Tv,IMSVidAudioRenderer,37b0353f-a4c8-11d2-b634-00c04f79498e,true,standard_derived,
Windows.Win32.Media.DirectShow.Tv,IMSVidAudioRendererDevices,c5702cd4-9b79-11d3-b654-00c04f79498e,true,standard_derived,
Windows.Win32.Media.DirectShow.Tv,IMSVidAudioRendererEvent,37b03541-a4c8-11d2-b634-00c04f79498e,true,standard_derived,
Windows.Win32.Media.DirectShow.Tv,IMSVidAudioRendererEvent2,e3f55729-353b-4c43-a028-50f79aa9a907,true,standard_derived,
Windows.Win32.Media.DirectShow.Tv,IMSVidClosedCaptioning,99652ea1-c1f7-414f-bb7b-1c967de75983,true,standard_derived,
Windows.Win32.Media.DirectShow.Tv,IMSVidClosedCaptioning2,e00cb864-a029-4310-9987-a873f5887d97,true,standard_derived,
Windows.Win32.Media.DirectShow.Tv,IMSVidClosedCaptioning3,c8638e8a-7625-4c51-9366-2f40a9831fc0,true,standard_derived,
Windows.Win32.Media.DirectShow.Tv,IMSVidCompositionSegment,1c15d483-911d-11d2-b632-00c04f79498e,true,standard_derived,
Windows.Win32.Media.DirectShow.Tv,IMSVidCtl,b0edf162-910a-11d2-b632-00c04f79498e,true,exact_registry_dependent,
Windows.Win32.Media.DirectShow.Tv,IMSVidDataServices,334125c1-77e5-11d3-b653-00c04f79498e,true,standard_derived,
Windows.Win32.Media.DirectShow.Tv,IMSVidDataServicesEvent,334125c2-77e5-11d3-b653-00c04f79498e,true,standard_derived,
Windows.Win32.Media.DirectShow.Tv,IMSVidDevice,1c15d47c-911d-11d2-b632-00c04f79498e,true,standard_derived,
Windows.Win32.Media.DirectShow.Tv,IMSVidDevice2,87bd2783-ebc0-478c-b4a0-e8e7f43ab78e,true,standard_derived,
Windows.Win32.Media.DirectShow.Tv,IMSVidDeviceEvent,1c15d480-911d-11d2-b632-00c04f79498e,true,standard_derived,
Windows.Win32.Media.DirectShow.Tv,IMSVidEVR,15e496ae-82a8-4cf9-a6b6-c561dc60398f,false,,external_pointee_storage
Windows.Win32.Media.DirectShow.Tv,IMSVidEVREvent,349abb10-883c-4f22-8714-cecaeee45d62,true,standard_derived,
Windows.Win32.Media.DirectShow.Tv,IMSVidEncoder,c0020fd4-bee7-43d9-a495-9f213117103d,true,standard_derived,
Windows.Win32.Media.DirectShow.Tv,IMSVidFeature,37b03547-a4c8-11d2-b634-00c04f79498e,true,standard_derived,
Windows.Win32.Media.DirectShow.Tv,IMSVidFeatureEvent,3dd2903c-e0aa-11d2-b63a-00c04f79498e,true,standard_derived,
Windows.Win32.Media.DirectShow.Tv,IMSVidFeatures,c5702cd5-9b79-11d3-b654-00c04f79498e,true,standard_derived,
Windows.Win32.Media.DirectShow.Tv,IMSVidFilePlayback,37b03539-a4c8-11d2-b634-00c04f79498e,true,standard_derived,
Windows.Win32.Media.DirectShow.Tv,IMSVidFilePlayback2,2f7e44af-6e52-4660-bc08-d8d542587d72,true,standard_derived,
Windows.Win32.Media.DirectShow.Tv,IMSVidFilePlaybackEvent,37b0353a-a4c8-11d2-b634-00c04f79498e,true,standard_derived,
Windows.Win32.Media.DirectShow.Tv,IMSVidGenericSink,6c29b41d-455b-4c33-963a-0d28e5e555ea,true,standard_derived,
Windows.Win32.Media.DirectShow.Tv,IMSVidGenericSink2,6b5a28f3-47f1-4092-b168-60cabec08f1c,true,standard_derived,
Windows.Win32.Media.DirectShow.Tv,IMSVidGraphSegment,238dec54-adeb-4005-a349-f772b9afebc4,true,standard_derived,
Windows.Win32.Media.DirectShow.Tv,IMSVidGraphSegmentContainer,3dd2903d-e0aa-11d2-b63a-00c04f79498e,true,standard_derived,
Windows.Win32.Media.DirectShow.Tv,IMSVidGraphSegmentUserInput,301c060e-20d9-4587-9b03-f82ed9a9943c,true,standard_derived,
Windows.Win32.Media.DirectShow.Tv,IMSVidInputDevice,37b0353d-a4c8-11d2-b634-00c04f79498e,true,standard_derived,
Windows.Win32.Media.DirectShow.Tv,IMSVidInputDeviceEvent,37b0353e-a4c8-11d2-b634-00c04f79498e,true,standard_derived,
Windows.Win32.Media.DirectShow.Tv,IMSVidInputDevices,c5702cd1-9b79-11d3-b654-00c04f79498e,true,standard_derived,
Windows.Win32.Media.DirectShow.Tv,IMSVidOutputDevice,37b03546-a4c8-11d2-b634-00c04f79498e,true,standard_derived,
Windows.Win32.Media.DirectShow.Tv,IMSVidOutputDeviceEvent,2e6a14e2-571c-11d3-b652-00c04f79498e,true,standard_derived,
Windows.Win32.Media.DirectShow.Tv,IMSVidOutputDevices,c5702cd2-9b79-11d3-b654-00c04f79498e,true,standard_derived,
Windows.Win32.Media.DirectShow.Tv,IMSVidPlayback,37b03538-a4c8-11d2-b634-00c04f79498e,true,standard_derived,
Windows.Win32.Media.DirectShow.Tv,IMSVidPlaybackEvent,37b0353b-a4c8-11d2-b634-00c04f79498e,true,standard_derived,
Windows.Win32.Media.DirectShow.Tv,IMSVidRect,7f5000a6-a440-47ca-8acc-c0e75531a2c2,true,exact_registry_dependent,
Windows.Win32.Media.DirectShow.Tv,IMSVidStreamBufferRecordingControl,160621aa-bbbc-4326-a824-c395aebc6e74,true,standard_derived,
Windows.Win32.Media.DirectShow.Tv,IMSVidStreamBufferSink,159dbb45-cd1b-4dab-83ea-5cb1f4f21d07,true,standard_derived,
Windows.Win32.Media.DirectShow.Tv,IMSVidStreamBufferSink2,2ca9fc63-c131-4e5a-955a-544a47c67146,true,standard_derived,
Windows.Win32.Media.DirectShow.Tv,IMSVidStreamBufferSink3,4f8721d7-7d59-4d8b-99f5-a77775586bd5,true,standard_derived,
Windows.Win32.Media.DirectShow.Tv,IMSVidStreamBufferSinkEvent,f798a36b-b05b-4bbe-9703-eaea7d61cd51,true,standard_derived,
Windows.Win32.Media.DirectShow.Tv,IMSVidStreamBufferSinkEvent2,3d7a5166-72d7-484b-a06f-286187b80ca1,true,standard_derived,
Windows.Win32.Media.DirectShow.Tv,IMSVidStreamBufferSinkEvent3,735ad8d5-c259-48e9-81e7-d27953665b23,true,standard_derived,
Windows.Win32.Media.DirectShow.Tv,IMSVidStreamBufferSinkEvent4,1b01dcb0-daf0-412c-a5d1-590c7f62e2b8,true,standard_derived,
Windows.Win32.Media.DirectShow.Tv,IMSVidStreamBufferSource,eb0c8cf9-6950-4772-87b1-47d11cf3a02f,true,standard_derived,
Windows.Win32.Media.DirectShow.Tv,IMSVidStreamBufferSource2,e4ba9059-b1ce-40d8-b9a0-d4ea4a9989d3,true,standard_derived,
Windows.Win32.Media.DirectShow.Tv,IMSVidStreamBufferSourceEvent,50ce8a7d-9c28-4da8-9042-cdfa7116f979,true,standard_derived,
Windows.Win32.Media.DirectShow.Tv,IMSVidStreamBufferSourceEvent2,7aef50ce-8e22-4ba8-bc06-a92a458b4ef2,true,standard_derived,
Windows.Win32.Media.DirectShow.Tv,IMSVidStreamBufferSourceEvent3,ceabd6ab-9b90-4570-adf1-3ce76e00a763,true,standard_derived,
Windows.Win32.Media.DirectShow.Tv,IMSVidStreamBufferV2SourceEvent,49c771f9-41b2-4cf7-9f9a-a313a8f6027e,true,standard_derived,
Windows.Win32.Media.DirectShow.Tv,IMSVidTuner,1c15d47d-911d-11d2-b632-00c04f79498e,true,standard_derived,
Windows.Win32.Media.DirectShow.Tv,IMSVidTunerEvent,1c15d485-911d-11d2-b632-00c04f79498e,true,standard_derived,
Windows.Win32.Media.DirectShow.Tv,IMSVidVMR9,d58b0015-ebef-44bb-bbdd-3f3699d76ea1,false,,external_pointee_storage
Windows.Win32.Media.DirectShow.Tv,IMSVidVRGraphSegment,dd47de3f-9874-4f7b-8b22-7cb2688461e7,false,,missing_handle_ownership
Windows.Win32.Media.DirectShow.Tv,IMSVidVideoInputDevice,1c15d47f-911d-11d2-b632-00c04f79498e,true,standard_derived,
Windows.Win32.Media.DirectShow.Tv,IMSVidVideoRenderer,37b03540-a4c8-11d2-b634-00c04f79498e,false,,external_pointee_storage
Windows.Win32.Media.DirectShow.Tv,IMSVidVideoRenderer2,6bdd5c1e-2810-4159-94bc-05511ae8549b,false,,external_pointee_storage
Windows.Win32.Media.DirectShow.Tv,IMSVidVideoRendererDevices,c5702cd3-9b79-11d3-b654-00c04f79498e,true,standard_derived,
Windows.Win32.Media.DirectShow.Tv,IMSVidVideoRendererEvent,37b03545-a4c8-11d2-b634-00c04f79498e,true,standard_derived,
Windows.Win32.Media.DirectShow.Tv,IMSVidVideoRendererEvent2,7145ed66-4730-4fdb-8a53-fde7508d3e5e,true,standard_derived,
Windows.Win32.Media.DirectShow.Tv,IMSVidWebDVD,cf45f88b-ac56-4ee2-a73a-ed04e2885d3c,true,standard_derived,
Windows.Win32.Media.DirectShow.Tv,IMSVidWebDVD2,7027212f-ee9a-4a7c-8b67-f023714cdaff,false,,missing_allocator
Windows.Win32.Media.DirectShow.Tv,IMSVidWebDVDAdm,b8be681a-eb2c-47f0-b415-94d5452f0e05,true,standard_derived,
Windows.Win32.Media.DirectShow.Tv,IMSVidWebDVDEvent,b4f7a674-9b83-49cb-a357-c63b871be958,true,standard_derived,
Windows.Win32.Media.DirectShow.Tv,IMSVidXDS,11ebc158-e712-4d1f-8bb3-01ed5274c4ce,true,standard_derived,
Windows.Win32.Media.DirectShow.Tv,IMSVidXDSEvent,6db2317d-3b23-41ec-ba4b-701f407eaf3a,true,standard_derived,
Windows.Win32.Media.DirectShow.Tv,IMceBurnerControl,5a86b91a-e71e-46c1-88a9-9bb338710552,true,standard_derived,
Windows.Win32.Media.DirectShow.Tv,IMpeg2Data,9b396d40-f380-4e3c-a514-1a82bf6ebfe6,false,,external_pointee_storage
Windows.Win32.Media.DirectShow.Tv,IMpeg2Stream,400cc286-32a0-4ce4-9041-39571125a635,false,,external_pointee_storage
Windows.Win32.Media.DirectShow.Tv,IMpeg2TableFilter,bdcdd913-9ecd-4fb2-81ae-adf747ea75a5,true,standard_derived,
Windows.Win32.Media.DirectShow.Tv,IPAT,6623b511-4b5f-43c3-9a01-e8ff84188060,true,standard_derived,
Windows.Win32.Media.DirectShow.Tv,IPBDAAttributesDescriptor,313b3620-3263-45a6-9533-968befbeac03,false,,missing_allocator
Windows.Win32.Media.DirectShow.Tv,IPBDAEntitlementDescriptor,22632497-0de3-4587-aadc-d8d99017e760,false,,missing_allocator
Windows.Win32.Media.DirectShow.Tv,IPBDASiParser,9de49a74-aba2-4a18-93e1-21f17f95c3c3,true,standard_derived,
Windows.Win32.Media.DirectShow.Tv,IPBDA_EIT,a35f2dea-098f-4ebd-984c-2bd4c3c8ce0a,false,,incomplete_pointee_layout_for_storage
Windows.Win32.Media.DirectShow.Tv,IPBDA_Services,944eab37-eed4-4850-afd2-77e7efeb4427,true,standard_derived,
Windows.Win32.Media.DirectShow.Tv,IPMT,01f3b398-9527-4736-94db-5195878e97a8,false,,external_pointee_storage
Windows.Win32.Media.DirectShow.Tv,IPSITables,919f24c5-7b14-42ac-a4b0-2ae08daf00ac,true,standard_derived,
Windows.Win32.Media.DirectShow.Tv,IPTFilterLicenseRenewal,26d836a5-0c15-44c7-ac59-b0da8728f240,true,standard_derived,
Windows.Win32.Media.DirectShow.Tv,IPersistTuneXml,0754cd31-8d15-47a9-8215-d20064157244,true,standard_derived,
Windows.Win32.Media.DirectShow.Tv,IPersistTuneXmlUtility,990237ae-ac11-4614-be8f-dd217a4cb4cb,true,standard_derived,
Windows.Win32.Media.DirectShow.Tv,IPersistTuneXmlUtility2,992e165f-ea24-4b2f-9a1d-009d92120451,true,standard_derived,
Windows.Win32.Media.DirectShow.Tv,IRegisterTuner,359b3901-572c-4854-bb49-cdef66606a25,true,standard_derived,
Windows.Win32.Media.DirectShow.Tv,ISBE2Crossbar,547b6d26-3226-487e-8253-8aa168749434,true,standard_derived,
Windows.Win32.Media.DirectShow.Tv,ISBE2EnumStream,f7611092-9fbc-46ec-a7c7-548ea78b71a4,false,,safe_projection_incomplete
Windows.Win32.Media.DirectShow.Tv,ISBE2FileScan,3e2bf5a5-4f96-4899-a1a3-75e8be9a5ac0,true,standard_derived,
Windows.Win32.Media.DirectShow.Tv,ISBE2GlobalEvent,caede759-b6b1-11db-a578-0018f3fa24c6,true,standard_derived,
Windows.Win32.Media.DirectShow.Tv,ISBE2GlobalEvent2,6d8309bf-00fe-4506-8b03-f8c65b5c9b39,true,standard_derived,
Windows.Win32.Media.DirectShow.Tv,ISBE2MediaTypeProfile,f238267d-4671-40d7-997e-25dc32cfed2a,false,,external_pointee_storage
Windows.Win32.Media.DirectShow.Tv,ISBE2SpanningEvent,caede760-b6b1-11db-a578-0018f3fa24c6,true,standard_derived,
Windows.Win32.Media.DirectShow.Tv,ISBE2StreamMap,667c7745-85b1-4c55-ae55-4e25056159fc,true,standard_derived,
Windows.Win32.Media.DirectShow.Tv,ISCTE_EAS,1ff544d6-161d-4fae-9faa-4f9f492ae999,true,standard_derived,
Windows.Win32.Media.DirectShow.Tv,ISIInbandEPG,f90ad9d0-b854-4b68-9cc1-b2cc96119d85,true,standard_derived,
Windows.Win32.Media.DirectShow.Tv,ISIInbandEPGEvent,7e47913a-5a89-423d-9a2b-e15168858934,true,standard_derived,
Windows.Win32.Media.DirectShow.Tv,IScanningTuner,1dfd0a5c-0284-11d3-9d8e-00c04f72d980,true,standard_derived,
Windows.Win32.Media.DirectShow.Tv,IScanningTunerEx,04bbd195-0e2d-4593-9bd5-4f908bc33cf5,true,standard_derived,
Windows.Win32.Media.DirectShow.Tv,ISectionList,afec1eb5-2a64-46c6-bf4b-ae3ccb6afdb0,false,,external_pointee_storage
Windows.Win32.Media.DirectShow.Tv,IServiceLocationDescriptor,58c3c827-9d91-4215-bff3-820a49f0904c,false,,missing_count_relation
Windows.Win32.Media.DirectShow.Tv,IStreamBufferConfigure,ce14dfae-4098-4af7-bbf7-d6511f835414,false,,missing_allocator
Windows.Win32.Media.DirectShow.Tv,IStreamBufferConfigure2,53e037bf-3992-4282-ae34-2487b4dae06b,false,,missing_allocator
Windows.Win32.Media.DirectShow.Tv,IStreamBufferConfigure3,7e2d2a1e-7192-4bd7-80c1-061fd1d10402,false,,missing_allocator
Windows.Win32.Media.DirectShow.Tv,IStreamBufferDataCounters,9d2a2563-31ab-402e-9a6b-adb903489440,true,standard_derived,
Windows.Win32.Media.DirectShow.Tv,IStreamBufferInitialize,9ce50f2d-6ba7-40fb-a034-50b1a674ec78,false,,missing_allocator
Windows.Win32.Media.DirectShow.Tv,IStreamBufferMediaSeeking,f61f5c26-863d-4afa-b0ba-2f81dc978596,false,,safe_projection_incomplete
Windows.Win32.Media.DirectShow.Tv,IStreamBufferMediaSeeking2,3a439ab0-155f-470a-86a6-9ea54afd6eaf,false,,safe_projection_incomplete
Windows.Win32.Media.DirectShow.Tv,IStreamBufferRecComp,9e259a9b-8815-42ae-b09f-221970b154fd,true,standard_derived,
Windows.Win32.Media.DirectShow.Tv,IStreamBufferRecordControl,ba9b6c99-f3c7-4ff2-92db-cfdd4851bf31,true,standard_derived,
Windows.Win32.Media.DirectShow.Tv,IStreamBufferRecordingAttribute,16ca4e03-fe69-4705-bd41-5b7dfc0c95f3,false,,safe_projection_incomplete
Windows.Win32.Media.DirectShow.Tv,IStreamBufferSink,afd1f242-7efd-45ee-ba4e-407a25c9a77a,true,standard_derived,
Windows.Win32.Media.DirectShow.Tv,IStreamBufferSink2,db94a660-f4fb-4bfa-bcc6-fe159a4eea93,true,standard_derived,
Windows.Win32.Media.DirectShow.Tv,IStreamBufferSink3,974723f2-887a-4452-9366-2cff3057bc8f,true,standard_derived,
Windows.Win32.Media.DirectShow.Tv,IStreamBufferSource,1c5bd776-6ced-4f44-8164-5eab0e98db12,true,standard_derived,
Windows.Win32.Media.DirectShow.Tv,ITSDT,d19bdb43-405b-4a7c-a791-c89110c33165,true,standard_derived,
Windows.Win32.Media.DirectShow.Tv,ITuneRequest,07ddc146-fc3d-11d2-9d8c-00c04f72d980,true,standard_derived,
Windows.Win32.Media.DirectShow.Tv,ITuneRequestInfo,a3b152df-7a90-4218-ac54-9830bee8c0b6,true,standard_derived,
Windows.Win32.Media.DirectShow.Tv,ITuneRequestInfoEx,ee957c52-b0d0-4e78-8dd1-b87a08bfd893,true,standard_derived,
Windows.Win32.Media.DirectShow.Tv,ITuner,28c52640-018a-11d3-9d8e-00c04f72d980,true,standard_derived,
Windows.Win32.Media.DirectShow.Tv,ITunerCap,e60dfa45-8d56-4e65-a8ab-d6be9412c249,false,,safe_projection_incomplete
Windows.Win32.Media.DirectShow.Tv,ITunerCapEx,ed3e0c66-18c8-4ea6-9300-f6841fdd35dc,true,standard_derived,
Windows.Win32.Media.DirectShow.Tv,ITuningSpace,061c6e30-e622-11d2-9493-00c04f72d980,true,standard_derived,
Windows.Win32.Media.DirectShow.Tv,ITuningSpaceContainer,5b692e84-e2f1-11d2-9493-00c04f72d980,true,standard_derived,
Windows.Win32.Media.DirectShow.Tv,ITuningSpaces,901284e4-33fe-4b69-8d63-634a596f3756,true,standard_derived,
Windows.Win32.Media.DirectShow.Tv,IXDSCodec,c4c4c4b3-0049-4e2b-98fb-9537f6ce516d,true,standard_derived,
Windows.Win32.Media.DirectShow.Tv,IXDSCodecConfig,c4c4c4d3-0049-4e2b-98fb-9537f6ce516d,true,standard_derived,
Windows.Win32.Media.DirectShow.Tv,IXDSCodecEvents,c4c4c4c3-0049-4e2b-98fb-9537f6ce516d,true,standard_derived,
Windows.Win32.Media.DirectShow.Tv,IXDSToRat,c5c5c5b0-3abc-11d6-b25b-00c04fa0c026,true,standard_derived,
Windows.Win32.Media.DirectShow.Tv,_IMSVidCtlEvents,b0edf164-910a-11d2-b632-00c04f79498e,true,standard_derived,
Windows.Win32.Media.DirectShow.Xml,IXMLGraphBuilder,1bb05960-5fbf-11d2-a521-44df07c10000,true,standard_derived,
Windows.Win32.Media.DxMediaObjects,IDMOQualityControl,65abea96-cf36-453f-af8a-705e98f16260,true,standard_derived,
Windows.Win32.Media.DxMediaObjects,IDMOVideoOutputOptimizations,be8f4f4e-5b16-4d29-b350-7f6b5d9298ac,true,standard_derived,
Windows.Win32.Media.DxMediaObjects,IEnumDMO,2c3cd98a-2bfa-4a53-9c27-5249ba64ba0f,false,,missing_allocator
Windows.Win32.Media.DxMediaObjects,IMediaBuffer,59eff8b9-938c-4a26-82f2-95cb84cdc837,false,,missing_allocator
Windows.Win32.Media.DxMediaObjects,IMediaObject,d8ad0f58-5494-4102-97c5-ec798e59bcf4,false,,incomplete_pointee_layout_for_storage
Windows.Win32.Media.DxMediaObjects,IMediaObjectInPlace,651b9ad0-0fc7-4aa9-9538-d89931010741,true,standard_derived,
Windows.Win32.Media,IReferenceClock,56a86897-0ad4-11ce-b03a-0020af0ba770,true,standard_derived,
Windows.Win32.Media,IReferenceClock2,36b73885-c2c8-11cf-8b46-00805f6cef60,true,standard_derived,
Windows.Win32.Media,IReferenceClockTimerControl,ebec459c-2eca-4d42-a8af-30df557614b8,true,standard_derived,
Windows.Win32.Media.KernelStreaming,IKsAggregateControl,7f40eac0-3947-11d2-874e-00a0c9223196,true,standard_derived,
Windows.Win32.Media.KernelStreaming,IKsAllocator,8da64899-c0d9-11d0-8413-0000f822fe8a,false,,incomplete_pointee_layout_for_storage
Windows.Win32.Media.KernelStreaming,IKsAllocatorEx,091bb63a-603f-11d1-b067-00a0c9062802,false,,incomplete_pointee_layout_for_storage
Windows.Win32.Media.KernelStreaming,IKsClockPropertySet,5c5cbd84-e755-11d0-ac18-00a0c9223196,true,standard_derived,
Windows.Win32.Media.KernelStreaming,IKsControl,28f54685-06fd-11d2-b27a-00a0c9223196,false,,external_pointee_storage
Windows.Win32.Media.KernelStreaming,IKsDataTypeCompletion,827d1a0e-0f73-11d2-b27a-00a0c9223196,false,,incomplete_pointee_layout_for_storage
Windows.Win32.Media.KernelStreaming,IKsDataTypeHandler,5ffbaa02-49a3-11d0-9f36-00aa00a216a1,false,,external_pointee_storage
Windows.Win32.Media.KernelStreaming,IKsFormatSupport,3cb4a69d-bb6f-4d2b-95b7-452d2c155db5,false,,incomplete_pointee_layout_for_storage
Windows.Win32.Media.KernelStreaming,IKsInterfaceHandler,d3abc7e0-9a61-11d0-a40d-00a0c9223196,false,,incomplete_pointee_layout_for_storage
Windows.Win32.Media.KernelStreaming,IKsJackContainerId,c99af463-d629-4ec4-8c00-e54d68154248,true,standard_derived,
Windows.Win32.Media.KernelStreaming,IKsJackDescription,4509f757-2d46-4637-8e62-ce7db944f57b,true,standard_derived,
Windows.Win32.Media.KernelStreaming,IKsJackDescription2,478f3a9b-e0c9-4827-9228-6f5505ffe76a,true,standard_derived,
Windows.Win32.Media.KernelStreaming,IKsJackDescription3,e3f6778b-6660-4cc8-a291-ecc4192d9967,true,standard_derived,
Windows.Win32.Media.KernelStreaming,IKsJackSinkInformation,d9bd72ed-290f-4581-9ff3-61027a8fe532,true,standard_derived,
Windows.Win32.Media.KernelStreaming,IKsNodeControl,11737c14-24a7-4bb5-81a0-0d003813b0c4,true,standard_derived,
Windows.Win32.Media.KernelStreaming,IKsNotifyEvent,412bd695-f84b-46c1-ac73-54196dbc8fa7,true,standard_derived,
Windows.Win32.Media.KernelStreaming,IKsObject,423c13a2-2070-11d0-9ef7-00aa00a216a1,false,,missing_handle_ownership
Windows.Win32.Media.KernelStreaming,IKsPin,b61178d1-a2d9-11cf-9e53-00aa00a216a1,false,,incomplete_pointee_layout_for_storage
Windows.Win32.Media.KernelStreaming,IKsPinEx,7bb38260-d19c-11d2-b38a-00a0c95ec22e,false,,incomplete_pointee_layout_for_storage
Windows.Win32.Media.KernelStreaming,IKsPinFactory,cd5ebe6b-8b6e-11d1-8ae0-00a0c9223196,true,standard_derived,
Windows.Win32.Media.KernelStreaming,IKsPinPipe,e539cd90-a8b4-11d1-8189-00a0c9062802,false,,external_pointee_storage
Windows.Win32.Media.KernelStreaming,IKsPropertySet,31efac30-515c-11d0-a9aa-00aa0061be93,false,,external_pointee_storage
Windows.Win32.Media.KernelStreaming,IKsQualityForwarder,97ebaacb-95bd-11d0-a3ea-00a0c9223196,false,,missing_handle_ownership
Windows.Win32.Media.KernelStreaming,IKsTopology,28f54683-06fd-11d2-b27a-00a0c9223196,false,,missing_allocator
Windows.Win32.Media.KernelStreaming,IKsTopologyInfo,720d4ac0-7533-11d0-a5d6-28db04c10000,false,,missing_allocator
Windows.Win32.Media.LibrarySharingServices,IWindowsMediaLibrarySharingDevice,3dccc293-4fd9-4191-a25b-8e57c5d27bd4,true,standard_derived,
Windows.Win32.Media.LibrarySharingServices,IWindowsMediaLibrarySharingDeviceProperties,c4623214-6b06-40c5-a623-b2ff4c076bfd,true,standard_derived,
Windows.Win32.Media.LibrarySharingServices,IWindowsMediaLibrarySharingDeviceProperty,81e26927-7a7d-40a7-81d4-bddc02960e3e,true,standard_derived,
Windows.Win32.Media.LibrarySharingServices,IWindowsMediaLibrarySharingDevices,1803f9d6-fe6d-4546-bf5b-992fe8ec12d1,true,standard_derived,
Windows.Win32.Media.LibrarySharingServices,IWindowsMediaLibrarySharingServices,01f5f85e-0a81-40da-a7c8-21ef3af8440c,true,standard_derived,
Windows.Win32.Media.MediaFoundation,IAdvancedMediaCapture,d0751585-d216-4344-b5bf-463b68f977bb,true,standard_derived,
Windows.Win32.Media.MediaFoundation,IAdvancedMediaCaptureInitializationSettings,3de21209-8ba6-4f2a-a577-2819b56ff14d,true,standard_derived,
Windows.Win32.Media.MediaFoundation,IAdvancedMediaCaptureSettings,24e0485f-a33e-4aa1-b564-6019b1d14f65,true,standard_derived,
Windows.Win32.Media.MediaFoundation,IAudioSourceProvider,ebbaf249-afc2-4582-91c6-b60df2e84954,true,standard_derived,
Windows.Win32.Media.MediaFoundation,IClusterDetector,3f07f7b7-c680-41d9-9423-915107ec9ff9,true,standard_derived,
Windows.Win32.Media.MediaFoundation,ICodecAPI,901db4c7-31ce-41a2-85dc-8fa0bf41b8da,false,,missing_allocator
Windows.Win32.Media.MediaFoundation,ID3D12VideoDecodeCommandList,3b60536e-ad29-4e64-a269-f853837e5e53,false,,external_pointee_storage
Windows.Win32.Media.MediaFoundation,ID3D12VideoDecodeCommandList1,d52f011b-b56e-453c-a05a-a7f311c8f472,false,,external_pointee_storage
Windows.Win32.Media.MediaFoundation,ID3D12VideoDecodeCommandList2,6e120880-c114-4153-8036-d247051e1729,false,,external_pointee_storage
Windows.Win32.Media.MediaFoundation,ID3D12VideoDecodeCommandList3,2aee8c37-9562-42da-8abf-61efeb2e4513,false,,external_pointee_storage
Windows.Win32.Media.MediaFoundation,ID3D12VideoDecoder,c59b6bdc-7720-4074-a136-17a156037470,false,,external_pointee_storage
Windows.Win32.Media.MediaFoundation,ID3D12VideoDecoder1,79a2e5fb-ccd2-469a-9fde-195d10951f7e,false,,external_pointee_storage
Windows.Win32.Media.MediaFoundation,ID3D12VideoDecoderHeap,0946b7c9-ebf6-4047-bb73-8683e27dbb1f,false,,external_pointee_storage
Windows.Win32.Media.MediaFoundation,ID3D12VideoDecoderHeap1,da1d98c5-539f-41b2-bf6b-1198a03b6d26,false,,external_pointee_storage
Windows.Win32.Media.MediaFoundation,ID3D12VideoDevice,1f052807-0b46-4acc-8a89-364f793718a4,false,,external_pointee_storage
Windows.Win32.Media.MediaFoundation,ID3D12VideoDevice1,981611ad-a144-4c83-9890-f30e26d658ab,false,,external_pointee_storage
Windows.Win32.Media.MediaFoundation,ID3D12VideoDevice2,f019ac49-f838-4a95-9b17-579437c8f513,false,,external_pointee_storage
Windows.Win32.Media.MediaFoundation,ID3D12VideoDevice3,4243adb4-3a32-4666-973c-0ccc5625dc44,false,,external_pointee_storage
Windows.Win32.Media.MediaFoundation,ID3D12VideoDevice4,e59ad09e-f1ae-42bb-8983-9f6e5586c4eb,false,,external_pointee_storage
Windows.Win32.Media.MediaFoundation,ID3D12VideoEncodeCommandList,8455293a-0cbd-4831-9b39-fbdbab724723,false,,external_pointee_storage
Windows.Win32.Media.MediaFoundation,ID3D12VideoEncodeCommandList1,94971eca-2bdb-4769-88cf-3675ea757ebc,false,,external_pointee_storage
Windows.Win32.Media.MediaFoundation,ID3D12VideoEncodeCommandList2,895491e2-e701-46a9-9a1f-8d3480ed867a,false,,external_pointee_storage
Windows.Win32.Media.MediaFoundation,ID3D12VideoEncodeCommandList3,7f027b22-1515-4e85-aa0d-026486580576,false,,external_pointee_storage
Windows.Win32.Media.MediaFoundation,ID3D12VideoEncodeCommandList4,69aeb5b7-55f2-4012-8b73-3a88d65a204c,false,,external_pointee_storage
Windows.Win32.Media.MediaFoundation,ID3D12VideoEncoder,2e0d212d-8df9-44a6-a770-bb289b182737,false,,missing_layout
Windows.Win32.Media.MediaFoundation,ID3D12VideoEncoderHeap,22b35d96-876a-44c0-b25e-fb8c9c7f1c4a,false,,missing_layout
Windows.Win32.Media.MediaFoundation,ID3D12VideoEncoderHeap1,ea8f1968-4aa0-43a4-9d30-ba86ec84d4f9,false,,missing_layout
Windows.Win32.Media.MediaFoundation,ID3D12VideoExtensionCommand,554e41e8-ae8e-4a8c-b7d2-5b4f274a30e4,false,,external_pointee_storage
Windows.Win32.Media.MediaFoundation,ID3D12VideoMotionEstimator,33fdae0e-098b-428f-87bb-34b695de08f8,false,,external_pointee_storage
Windows.Win32.Media.MediaFoundation,ID3D12VideoMotionVectorHeap,5be17987-743a-4061-834b-23d22daea505,false,,external_pointee_storage
Windows.Win32.Media.MediaFoundation,ID3D12VideoProcessCommandList,aeb2543a-167f-4682-acc8-d159ed4a6209,false,,external_pointee_storage
Windows.Win32.Media.MediaFoundation,ID3D12VideoProcessCommandList1,542c5c4d-7596-434f-8c93-4efa6766f267,false,,external_pointee_storage
Windows.Win32.Media.MediaFoundation,ID3D12VideoProcessCommandList2,db525ae4-6ad6-473c-baa7-59b2e37082e4,false,,external_pointee_storage
Windows.Win32.Media.MediaFoundation,ID3D12VideoProcessCommandList3,1a0a4ca4-9f08-40ce-9558-b411fd2666ff,false,,external_pointee_storage
Windows.Win32.Media.MediaFoundation,ID3D12VideoProcessor,304fdb32-bede-410a-8545-943ac6a46138,false,,external_pointee_storage
Windows.Win32.Media.MediaFoundation,ID3D12VideoProcessor1,f3cfe615-553f-425c-86d8-ee8c1b1fb01c,false,,external_pointee_storage
Windows.Win32.Media.MediaFoundation,IDXVAHD_Device,95f12dfd-d77e-49be-815f-57d579634d6d,false,,missing_handle_ownership
Windows.Win32.Media.MediaFoundation,IDXVAHD_VideoProcessor,95f4edf4-6e03-4cd7-be1b-3075d665aa52,false,,external_pointee_storage
Windows.Win32.Media.MediaFoundation,IDirect3D9ExOverlayExtension,187aeb13-aaf5-4c59-876d-e059088c0df8,true,standard_derived,
Windows.Win32.Media.MediaFoundation,IDirect3DAuthenticatedChannel9,ff24beee-da21-4beb-98b5-d2f899f98af9,false,,external_pointee_storage
Windows.Win32.Media.MediaFoundation,IDirect3DCryptoSession9,fa0ab799-7a9c-48ca-8c5b-237e71a54434,false,,external_pointee_storage
Windows.Win32.Media.MediaFoundation,IDirect3DDevice9Video,26dc4561-a1ee-4ae7-96da-118a36c0ec95,false,,missing_handle_ownership
Windows.Win32.Media.MediaFoundation,IDirect3DDeviceManager9,a0cade0f-06d5-4cf4-a1c7-f3cdd725aa75,false,,missing_allocator
Windows.Win32.Media.MediaFoundation,IDirectXVideoAccelerationService,fc51a550-d5e7-11d9-af55-00054e43ff02,false,,missing_handle_ownership
Windows.Win32.Media.MediaFoundation,IDirectXVideoDecoder,f2b0810a-fd00-43c9-918c-df94e2d8ef7d,false,,incomplete_pointee_layout_for_storage
Windows.Win32.Media.MediaFoundation,IDirectXVideoDecoderService,fc51a551-d5e7-11d9-af55-00054e43ff02,false,,external_pointee_storage
Windows.Win32.Media.MediaFoundation,IDirectXVideoMemoryConfiguration,b7f916dd-db3b-49c1-84d7-e45ef99ec726,true,standard_derived,
Windows.Win32.Media.MediaFoundation,IDirectXVideoProcessor,8c3a39f0-916e-4690-804f-4c8001355d25,false,,incomplete_pointee_layout_for_storage
Windows.Win32.Media.MediaFoundation,IDirectXVideoProcessorService,fc51a552-d5e7-11d9-af55-00054e43ff02,false,,incomplete_pointee_layout_for_storage
Windows.Win32.Media.MediaFoundation,IEVRFilterConfig,83e91e85-82c1-4ea7-801d-85dc50b75086,true,standard_derived,
Windows.Win32.Media.MediaFoundation,IEVRFilterConfigEx,aea36028-796d-454f-beee-b48071e24304,true,standard_derived,
Windows.Win32.Media.MediaFoundation,IEVRTrustedVideoPlugin,83a4ce40-7710-494b-a893-a472049af630,true,standard_derived,
Windows.Win32.Media.MediaFoundation,IEVRVideoStreamControl,d0cfe38b-93e7-4772-8957-0400c49a4485,true,standard_derived,
Windows.Win32.Media.MediaFoundation,IFileClient,bfccd196-1244-4840-ab44-480975c4ffe4,true,standard_derived,
Windows.Win32.Media.MediaFoundation,IFileIo,11993196-1244-4840-ab44-480975c4ffe4,true,standard_derived,
Windows.Win32.Media.MediaFoundation,IMF2DBuffer,7dc9d5f9-9ed9-44ec-9bbf-0600bb589fbb,false,,missing_allocator
Windows.Win32.Media.MediaFoundation,IMF2DBuffer2,33ae5ea6-4316-436f-8ddd-d73d22f829ec,false,,missing_allocator
Windows.Win32.Media.MediaFoundation,IMFASFContentInfo,b1dca5cd-d5da-4451-8e9e-db5c59914ead,true,standard_derived,
Windows.Win32.Media.MediaFoundation,IMFASFIndexer,53590f48-dc3b-4297-813f-787761ad7b3e,true,standard_derived,
Windows.Win32.Media.MediaFoundation,IMFASFMultiplexer,57bdd80a-9b38-4838-b737-c58f670d7d4f,true,standard_derived,
Windows.Win32.Media.MediaFoundation,IMFASFMutualExclusion,12558291-e399-11d5-bc2a-00b0d0f3f4ab,true,standard_derived,
Windows.Win32.Media.MediaFoundation,IMFASFProfile,d267bf6a-028b-4e0d-903d-43f0ef82d0d4,false,,missing_allocator
Windows.Win32.Media.MediaFoundation,IMFASFSplitter,12558295-e399-11d5-bc2a-00b0d0f3f4ab,true,standard_derived,
Windows.Win32.Media.MediaFoundation,IMFASFStreamConfig,9e8ae8d2-dbbd-4200-9aca-06e6df484913,false,,missing_allocator
Windows.Win32.Media.MediaFoundation,IMFASFStreamPrioritization,699bdc27-bbaf-49ff-8e38-9c39c9b5e088,true,standard_derived,
Windows.Win32.Media.MediaFoundation,IMFASFStreamSelector,d01bad4a-4fa0-4a60-9349-c27e62da9d41,true,standard_derived,
Windows.Win32.Media.MediaFoundation,IMFActivate,7fee9e9a-4a89-47a6-899c-b6a53a70fb67,false,,missing_allocator
Windows.Win32.Media.MediaFoundation,IMFAsyncCallback,a27003cf-2354-4f2a-8d6a-ab7cff15437e,true,standard_derived,
Windows.Win32.Media.MediaFoundation,IMFAsyncCallbackLogging,c7a4dca1-f5f0-47b6-b92b-bf0106d25791,false,,missing_allocator
Windows.Win32.Media.MediaFoundation,IMFAsyncResult,ac6b7889-0740-4d51-8619-905994a55cc6,false,,safe_projection_incomplete
Windows.Win32.Media.MediaFoundation,IMFAttributes,2cd2d921-c447-44a7-a13c-4adabfc247e3,false,,missing_allocator
Windows.Win32.Media.MediaFoundation,IMFAudioMediaType,26a0adc3-ce26-4672-9304-69552edd3faf,false,,external_pointee_storage
Windows.Win32.Media.MediaFoundation,IMFAudioPolicy,a0638c2b-6465-4395-9ae7-a321a9fd2856,false,,missing_allocator
Windows.Win32.Media.MediaFoundation,IMFAudioStreamVolume,76b1bbdb-4ec8-4f36-b106-70a9316df593,true,standard_derived,
Windows.Win32.Media.MediaFoundation,IMFBufferListNotify,24cd47f7-81d8-4785-adb2-af697a963cd2,true,standard_derived,
Windows.Win32.Media.MediaFoundation,IMFByteStream,ad4c1b00-4bf7-422f-9175-756693d9130d,true,standard_derived,
Windows.Win32.Media.MediaFoundation,IMFByteStreamBuffering,6d66d782-1d4f-4db7-8c63-cb8c77f1ef5e,true,standard_derived,
Windows.Win32.Media.MediaFoundation,IMFByteStreamCacheControl,f5042ea4-7a96-4a75-aa7b-2be1ef7f88d5,true,standard_derived,
Windows.Win32.Media.MediaFoundation,IMFByteStreamCacheControl2,71ce469c-f34b-49ea-a56b-2d2a10e51149,false,,missing_allocator
Windows.Win32.Media.MediaFoundation,IMFByteStreamHandler,bb420aa4-765b-4a1f-91fe-d6a8a143924c,true,standard_derived,
Windows.Win32.Media.MediaFoundation,IMFByteStreamProxyClassFactory,a6b43f84-5c0a-42e8-a44d-b1857a76992f,true,standard_derived,
Windows.Win32.Media.MediaFoundation,IMFByteStreamTimeSeek,64976bfa-fb61-4041-9069-8c9a5f659beb,true,standard_derived,
Windows.Win32.Media.MediaFoundation,IMFCameraConfigurationManager,a624f617-4704-4206-8a6d-ebda4a093985,true,standard_derived,
Windows.Win32.Media.MediaFoundation,IMFCameraControlDefaults,75510662-b034-48f4-88a7-8de61daa4af9,false,,missing_allocator
Windows.Win32.Media.MediaFoundation,IMFCameraControlDefaultsCollection,92d43d0f-54a8-4bae-96da-356d259a5c26,false,,missing_allocator
Windows.Win32.Media.MediaFoundation,IMFCameraControlMonitor,4d46f2c9-28ba-4970-8c7b-1f0c9d80af69,true,standard_derived,
Windows.Win32.Media.MediaFoundation,IMFCameraControlNotify,e8f2540d-558a-4449-8b64-4863467a9fe8,true,standard_derived,
Windows.Win32.Media.MediaFoundation,IMFCameraOcclusionStateMonitor,cc692f46-c697-47e2-a72d-7b064617749b,true,standard_derived,
Windows.Win32.Media.MediaFoundation,IMFCameraOcclusionStateReport,1640b2cf-74da-4462-a43b-b76d3bdc1434,true,standard_derived,
Windows.Win32.Media.MediaFoundation,IMFCameraOcclusionStateReportCallback,6e5841c7-3889-4019-9035-783fb19b5948,true,standard_derived,
Windows.Win32.Media.MediaFoundation,IMFCameraSyncObject,6338b23a-3042-49d2-a3ea-ec0fed815407,true,standard_derived,
Windows.Win32.Media.MediaFoundation,IMFCaptureEngine,a6bba433-176b-48b2-b375-53aa03473207,true,standard_derived,
Windows.Win32.Media.MediaFoundation,IMFCaptureEngineClassFactory,8f02d140-56fc-4302-a705-3a97c78be779,true,standard_derived,
Windows.Win32.Media.MediaFoundation,IMFCaptureEngineOnEventCallback,aeda51c0-9025-4983-9012-de597b88b089,true,standard_derived,
Windows.Win32.Media.MediaFoundation,IMFCaptureEngineOnSampleCallback,52150b82-ab39-4467-980f-e48bf0822ecd,true,standard_derived,
Windows.Win32.Media.MediaFoundation,IMFCaptureEngineOnSampleCallback2,e37ceed7-340f-4514-9f4d-9c2ae026100b,true,standard_derived,
Windows.Win32.Media.MediaFoundation,IMFCapturePhotoConfirmation,19f68549-ca8a-4706-a4ef-481dbc95e12c,true,standard_derived,
Windows.Win32.Media.MediaFoundation,IMFCapturePhotoSink,d2d43cc8-48bb-4aa7-95db-10c06977e777,true,standard_derived,
Windows.Win32.Media.MediaFoundation,IMFCapturePreviewSink,77346cfd-5b49-4d73-ace0-5b52a859f2e0,true,standard_derived,
Windows.Win32.Media.MediaFoundation,IMFCaptureRecordSink,3323b55a-f92a-4fe2-8edc-e9bfc0634d77,true,standard_derived,
Windows.Win32.Media.MediaFoundation,IMFCaptureSink,72d6135b-35e9-412c-b926-fd5265f2a885,true,standard_derived,
Windows.Win32.Media.MediaFoundation,IMFCaptureSink2,f9e4219e-6197-4b5e-b888-bee310ab2c59,true,standard_derived,
Windows.Win32.Media.MediaFoundation,IMFCaptureSource,439a42a8-0d2c-4505-be83-f79b2a05d5c4,true,standard_derived,
Windows.Win32.Media.MediaFoundation,IMFCdmSuspendNotify,7a5645d2-43bd-47fd-87b7-dcd24cc7d692,true,standard_derived,
Windows.Win32.Media.MediaFoundation,IMFClock,2eb1e945-18b8-4139-9b1a-d5d584818530,true,standard_derived,
Windows.Win32.Media.MediaFoundation,IMFClockConsumer,6ef2a662-47c0-4666-b13d-cbb717f2fa2c,true,standard_derived,
Windows.Win32.Media.MediaFoundation,IMFClockStateSink,f6696e82-74f7-4f3d-a178-8a5e09c3659f,true,standard_derived,
Windows.Win32.Media.MediaFoundation,IMFCollection,5bc8a76b-869a-46a3-9b03-fa218a66aebe,true,standard_derived,
Windows.Win32.Media.MediaFoundation,IMFContentDecryptionModule,87be986c-10be-4943-bf48-4b54ce1983a2,false,,missing_allocator
Windows.Win32.Media.MediaFoundation,IMFContentDecryptionModuleAccess,a853d1f4-e2a0-4303-9edc-f1a68ee43136,false,,missing_allocator
Windows.Win32.Media.MediaFoundation,IMFContentDecryptionModuleFactory,7d5abf16-4cbb-4e08-b977-9ba59049943e,true,standard_derived,
Windows.Win32.Media.MediaFoundation,IMFContentDecryptionModuleSession,4e233efd-1dd2-49e8-b577-d63eee4c0d33,false,,missing_allocator
Windows.Win32.Media.MediaFoundation,IMFContentDecryptionModuleSessionCallbacks,3f96ee40-ad81-4096-8470-59a4b770f89a,true,standard_derived,
Windows.Win32.Media.MediaFoundation,IMFContentDecryptorContext,7ec4b1bd-43fb-4763-85d2-64fcb5c5f4cb,false,,safe_projection_incomplete
Windows.Win32.Media.MediaFoundation,IMFContentEnabler,d3c4ef59-49ce-4381-9071-d5bcd044c770,false,,missing_allocator
Windows.Win32.Media.MediaFoundation,IMFContentProtectionDevice,e6257174-a060-4c9a-a088-3b1b471cad28,true,standard_derived,
Windows.Win32.Media.MediaFoundation,IMFContentProtectionManager,acf92459-6a61-42bd-b57c-b43e51203cb0,true,standard_derived,
Windows.Win32.Media.MediaFoundation,IMFD3D12SynchronizationObject,802302b0-82de-45e1-b421-f19ee5bdaf23,true,standard_derived,
Windows.Win32.Media.MediaFoundation,IMFD3D12SynchronizationObjectCommands,09d0f835-92ff-4e53-8efa-40faa551f233,true,standard_derived,
Windows.Win32.Media.MediaFoundation,IMFDLNASinkInit,0c012799-1b61-4c10-bda9-04445be5f561,true,standard_derived,
Windows.Win32.Media.MediaFoundation,IMFDRMNetHelper,3d1ff0ea-679a-4190-8d46-7fa69e8c7e15,false,,missing_allocator
Windows.Win32.Media.MediaFoundation,IMFDXGIBuffer,e7174cfa-1c9e-48b1-8866-626226bfc258,true,standard_derived,
Windows.Win32.Media.MediaFoundation,IMFDXGICrossAdapterBuffer,b25d03fb-d148-45ef-bfed-f778b7566c07,true,standard_derived,
Windows.Win32.Media.MediaFoundation,IMFDXGIDeviceManager,eb533d5d-2db6-40f8-97a9-494692014f07,false,,missing_allocator
Windows.Win32.Media.MediaFoundation,IMFDXGIDeviceManagerSource,20bc074b-7a8d-4609-8c3b-64a0a3b5d7ce,true,standard_derived,
Windows.Win32.Media.MediaFoundation,IMFDesiredSample,56c294d0-753e-4260-8d61-a3d8820b1d54,true,standard_derived,
Windows.Win32.Media.MediaFoundation,IMFDeviceTransform,d818fbd8-fc46-42f2-87ac-1ea2d1f9bf32,false,,incomplete_pointee_layout_for_storage
Windows.Win32.Media.MediaFoundation,IMFDeviceTransform2,f5980fed-b521-488f-909f-1a5fcecedb14,false,,incomplete_pointee_layout_for_storage
Windows.Win32.Media.MediaFoundation,IMFDeviceTransformCallback,6d5cb646-29ec-41fb-8179-8c4c6d750811,true,standard_derived,
Windows.Win32.Media.MediaFoundation,IMFExtendedCameraControl,38e33520-fca1-4845-a27a-68b7c6ab3789,false,,missing_allocator
Windows.Win32.Media.MediaFoundation,IMFExtendedCameraController,b91ebfee-ca03-4af4-8a82-a31752f4a0fc,true,standard_derived,
Windows.Win32.Media.MediaFoundation,IMFExtendedCameraIntrinsicModel,5c595e64-4630-4231-855a-12842f733245,true,standard_derived,
Windows.Win32.Media.MediaFoundation,IMFExtendedCameraIntrinsics,687f6dac-6987-4750-a16a-734d1e7a10fe,true,standard_derived,
Windows.Win32.Media.MediaFoundation,IMFExtendedCameraIntrinsicsDistortionModel6KT,74c2653b-5f55-4eb1-9f0f-18b8f68b7d3d,true,standard_derived,
Windows.Win32.Media.MediaFoundation,IMFExtendedCameraIntrinsicsDistortionModelArcTan,812d5f95-b572-45dc-bafc-ae24199ddda8,true,standard_derived,
Windows.Win32.Media.MediaFoundation,IMFExtendedDRMTypeSupport,332ec562-3758-468d-a784-e38f23552128,true,standard_derived,
Windows.Win32.Media.MediaFoundation,IMFFaceDetectionTransform,ddd59578-d0e7-46e2-be8c-1ce76ad147c0,false,,external_pointee_storage
Windows.Win32.Media.MediaFoundation,IMFFaceDetectionTransformCallback,0bfd1ade-0421-4909-acb7-7a7125416881,true,standard_derived,
Windows.Win32.Media.MediaFoundation,IMFFieldOfUseMFTUnlock,508e71d3-ec66-4fc3-8775-b4b9ed6ba847,true,standard_derived,
Windows.Win32.Media.MediaFoundation,IMFFinalizableMediaSink,eaecb74a-9a50-42ce-9541-6a7f57aa4ad7,true,standard_derived,
Windows.Win32.Media.MediaFoundation,IMFGetService,fa993888-4383-415a-a930-dd472a8cf6f7,true,standard_derived,
Windows.Win32.Media.MediaFoundation,IMFHDCPStatus,de400f54-5bf1-40cf-8964-0bea136b1e3d,true,standard_derived,
Windows.Win32.Media.MediaFoundation,IMFHttpDownloadRequest,f779fddf-26e7-4270-8a8b-b983d1859de0,false,,missing_allocator
Windows.Win32.Media.MediaFoundation,IMFHttpDownloadSession,71fa9a2c-53ce-4662-a132-1a7e8cbf62db,true,standard_derived,
Windows.Win32.Media.MediaFoundation,IMFHttpDownloadSessionProvider,1b4cf4b9-3a16-4115-839d-03cc5c99df01,true,standard_derived,
Windows.Win32.Media.MediaFoundation,IMFImageSharingEngine,cfa0ae8e-7e1c-44d2-ae68-fc4c148a6354,false,,safe_projection_incomplete
Windows.Win32.Media.MediaFoundation,IMFImageSharingEngineClassFactory,1fc55727-a7fb-4fc8-83ae-8af024990af1,true,standard_derived,
Windows.Win32.Media.MediaFoundation,IMFInputTrustAuthority,d19f8e98-b126-4446-890c-5dcb7ad71453,false,,external_pointee_storage
Windows.Win32.Media.MediaFoundation,IMFLocalMFTRegistration,149c4d73-b4be-4f8d-8b87-079e926b6add,true,standard_derived,
Windows.Win32.Media.MediaFoundation,IMFMediaBuffer,045fa593-8799-42b8-bc8d-8968c6453507,false,,missing_allocator
Windows.Win32.Media.MediaFoundation,IMFMediaEngine,98a1b0bb-03eb-4935-ae7c-93c1fa0e1c93,true,standard_derived,
Windows.Win32.Media.MediaFoundation,IMFMediaEngineAudioEndpointId,7a3bac98-0e76-49fb-8c20-8a86fd98eaf2,false,,missing_allocator
Windows.Win32.Media.MediaFoundation,IMFMediaEngineClassFactory,4d645ace-26aa-4688-9be1-df3516990b93,true,standard_derived,
Windows.Win32.Media.MediaFoundation,IMFMediaEngineClassFactory2,09083cef-867f-4bf6-8776-dee3a7b42fca,true,standard_derived,
Windows.Win32.Media.MediaFoundation,IMFMediaEngineClassFactory3,3787614f-65f7-4003-b673-ead8293a0e60,true,standard_derived,
Windows.Win32.Media.MediaFoundation,IMFMediaEngineClassFactory4,fbe256c1-43cf-4a9b-8cb8-ce8632a34186,true,standard_derived,
Windows.Win32.Media.MediaFoundation,IMFMediaEngineClassFactoryEx,c56156c6-ea5b-48a5-9df8-fbe035d0929e,true,standard_derived,
Windows.Win32.Media.MediaFoundation,IMFMediaEngineEME,50dc93e4-ba4f-4275-ae66-83e836e57469,true,standard_derived,
Windows.Win32.Media.MediaFoundation,IMFMediaEngineEMENotify,9e184d15-cdb7-4f86-b49e-566689f4a601,true,standard_derived,
Windows.Win32.Media.MediaFoundation,IMFMediaEngineEx,83015ead-b1e6-40d0-a98a-37145ffe1ad1,false,,missing_handle_ownership
Windows.Win32.Media.MediaFoundation,IMFMediaEngineExtension,2f69d622-20b5-41e9-afdf-89ced1dda04e,true,standard_derived,
Windows.Win32.Media.MediaFoundation,IMFMediaEngineNeedKeyNotify,46a30204-a696-4b18-8804-246b8f031bb1,true,standard_derived,
Windows.Win32.Media.MediaFoundation,IMFMediaEngineNotify,fee7c112-e776-42b5-9bbf-0048524e2bd5,true,standard_derived,
Windows.Win32.Media.MediaFoundation,IMFMediaEngineOPMInfo,765763e6-6c01-4b01-bb0f-b829f60ed28c,true,standard_derived,
Windows.Win32.Media.MediaFoundation,IMFMediaEngineProtectedContent,9f8021e8-9c8c-487e-bb5c-79aa4779938c,true,standard_derived,
Windows.Win32.Media.MediaFoundation,IMFMediaEngineSrcElements,7a5e5354-b114-4c72-b991-3131d75032ea,true,standard_derived,
Windows.Win32.Media.MediaFoundation,IMFMediaEngineSrcElementsEx,654a6bb3-e1a3-424a-9908-53a43a0dfda0,true,standard_derived,
Windows.Win32.Media.MediaFoundation,IMFMediaEngineSupportsSourceTransfer,a724b056-1b2e-4642-a6f3-db9420c52908,true,standard_derived,
Windows.Win32.Media.MediaFoundation,IMFMediaEngineTransferSource,24230452-fe54-40cc-94f3-fcc394c340d6,true,standard_derived,
Windows.Win32.Media.MediaFoundation,IMFMediaEngineWebSupport,ba2743a1-07e0-48ef-84b6-9a2ed023ca6c,true,standard_derived,
Windows.Win32.Media.MediaFoundation,IMFMediaError,fc0e10d2-ab2a-4501-a951-06bb1075184c,true,standard_derived,
Windows.Win32.Media.MediaFoundation,IMFMediaEvent,df598932-f10c-4e39-bba2-c308f101daa3,false,,missing_allocator
Windows.Win32.Media.MediaFoundation,IMFMediaEventGenerator,2cd0bd52-bcd5-4b89-b62c-eadc0c031e7d,true,standard_derived,
Windows.Win32.Media.MediaFoundation,IMFMediaEventQueue,36f846fc-2256-48b6-b58e-e2b638316581,true,standard_derived,
Windows.Win32.Media.MediaFoundation,IMFMediaKeySession,24fa67d5-d1d0-4dc5-995c-c0efdc191fb5,true,standard_derived,
Windows.Win32.Media.MediaFoundation,IMFMediaKeySession2,e9707e05-6d55-4636-b185-3de21210bd75,false,,missing_allocator
Windows.Win32.Media.MediaFoundation,IMFMediaKeySessionNotify,6a0083f9-8947-4c1d-9ce0-cdee22b23135,true,standard_derived,
Windows.Win32.Media.MediaFoundation,IMFMediaKeySessionNotify2,c3a9e92a-da88-46b0-a110-6cf953026cb9,true,standard_derived,
Windows.Win32.Media.MediaFoundation,IMFMediaKeySystemAccess,aec63fda-7a97-4944-b35c-6c6df8085cc3,true,standard_derived,
Windows.Win32.Media.MediaFoundation,IMFMediaKeys,5cb31c05-61ff-418f-afda-caaf41421a38,true,standard_derived,
Windows.Win32.Media.MediaFoundation,IMFMediaKeys2,45892507-ad66-4de2-83a2-acbb13cd8d43,true,standard_derived,
Windows.Win32.Media.MediaFoundation,IMFMediaSession,90377834-21d0-4dee-8214-ba2e3e6c1127,true,standard_derived,
Windows.Win32.Media.MediaFoundation,IMFMediaSharingEngine,8d3ce1bf-2367-40e0-9eee-40d377cc1b46,false,,safe_projection_incomplete
Windows.Win32.Media.MediaFoundation,IMFMediaSharingEngineClassFactory,524d2bc4-b2b1-4fe5-8fac-fa4e4512b4e0,true,standard_derived,
Windows.Win32.Media.MediaFoundation,IMFMediaSink,6ef2a660-47c0-4666-b13d-cbb717f2fa2c,true,standard_derived,
Windows.Win32.Media.MediaFoundation,IMFMediaSinkPreroll,5dfd4b2a-7674-4110-a4e6-8a68fd5f3688,true,standard_derived,
Windows.Win32.Media.MediaFoundation,IMFMediaSource,279a808d-aec7-40c8-9c6b-a6b492c78a66,true,standard_derived,
Windows.Win32.Media.MediaFoundation,IMFMediaSource2,fbb03414-d13b-4786-8319-5ac51fc0a136,true,standard_derived,
Windows.Win32.Media.MediaFoundation,IMFMediaSourceEx,3c9b2eb9-86d5-4514-a394-f56664f9f0d8,true,standard_derived,
Windows.Win32.Media.MediaFoundation,IMFMediaSourceExtension,e467b94e-a713-4562-a802-816a42e9008a,false,,safe_projection_incomplete
Windows.Win32.Media.MediaFoundation,IMFMediaSourceExtensionLiveSeekableRange,5d1abfd6-450a-4d92-9efc-d6b6cbc1f4da,true,standard_derived,
Windows.Win32.Media.MediaFoundation,IMFMediaSourceExtensionNotify,a7901327-05dd-4469-a7b7-0e01979e361d,true,standard_derived,
Windows.Win32.Media.MediaFoundation,IMFMediaSourcePresentationProvider,0e1d600a-c9f3-442d-8c51-a42d2d49452f,true,standard_derived,
Windows.Win32.Media.MediaFoundation,IMFMediaSourceTopologyProvider,0e1d6009-c9f3-442d-8c51-a42d2d49452f,true,standard_derived,
Windows.Win32.Media.MediaFoundation,IMFMediaStream,d182108f-4ec6-443f-aa42-a71106ec825f,true,standard_derived,
Windows.Win32.Media.MediaFoundation,IMFMediaStream2,c5bc37d6-75c7-46a1-a132-81b5f723c20f,true,standard_derived,
Windows.Win32.Media.MediaFoundation,IMFMediaStreamSourceSampleRequest,380b9af9-a85b-4e78-a2af-ea5ce645c6b4,true,standard_derived,
Windows.Win32.Media.MediaFoundation,IMFMediaTimeRange,db71a2fc-078a-414e-9df9-8c2531b0aa6c,true,standard_derived,
Windows.Win32.Media.MediaFoundation,IMFMediaType,44ae0fa8-ea31-4109-8d2e-4cae4997c555,false,,external_pointee_storage
Windows.Win32.Media.MediaFoundation,IMFMediaTypeHandler,e93dcf6c-4b07-4e1e-8123-aa16ed6eadf5,true,standard_derived,
Windows.Win32.Media.MediaFoundation,IMFMetadata,f88cfb8c-ef16-4991-b450-cb8c69e51704,false,,missing_allocator
Windows.Win32.Media.MediaFoundation,IMFMetadataProvider,56181d2d-e221-4adb-b1c8-3cee6a53f76f,true,standard_derived,
Windows.Win32.Media.MediaFoundation,IMFMuxStreamAttributesManager,ce8bd576-e440-43b3-be34-1e53f565f7e8,true,standard_derived,
Windows.Win32.Media.MediaFoundation,IMFMuxStreamMediaTypeManager,505a2c72-42f7-4690-aeab-8f513d0ffdb8,true,standard_derived,
Windows.Win32.Media.MediaFoundation,IMFMuxStreamSampleManager,74abbc19-b1cc-4e41-bb8b-9d9b86a8f6ca,true,standard_derived,
Windows.Win32.Media.MediaFoundation,IMFNetCredential,5b87ef6a-7ed8-434f-ba0e-184fac1628d1,false,,safe_projection_incomplete
Windows.Win32.Media.MediaFoundation,IMFNetCredentialCache,5b87ef6c-7ed8-434f-ba0e-184fac1628d1,true,standard_derived,
Windows.Win32.Media.MediaFoundation,IMFNetCredentialManager,5b87ef6b-7ed8-434f-ba0e-184fac1628d1,true,standard_derived,
Windows.Win32.Media.MediaFoundation,IMFNetCrossOriginSupport,bc2b7d44-a72d-49d5-8376-1480dee58b22,false,,missing_allocator
Windows.Win32.Media.MediaFoundation,IMFNetProxyLocator,e9cd0383-a268-4bb4-82de-658d53574d41,false,,safe_projection_incomplete
Windows.Win32.Media.MediaFoundation,IMFNetProxyLocatorFactory,e9cd0384-a268-4bb4-82de-658d53574d41,true,standard_derived,
Windows.Win32.Media.MediaFoundation,IMFNetResourceFilter,091878a3-bf11-4a5c-bc9f-33995b06ef2d,true,standard_derived,
Windows.Win32.Media.MediaFoundation,IMFNetSchemeHandlerConfig,7be19e73-c9bf-468a-ac5a-a5e8653bec87,true,standard_derived,
Windows.Win32.Media.MediaFoundation,IMFObjectReferenceStream,09ef5be3-c8a7-469e-8b70-73bf25bb193f,true,standard_derived,
Windows.Win32.Media.MediaFoundation,IMFOutputPolicy,7f00f10a-daed-41af-ab26-5fdfa4dfba3c,false,,missing_allocator
Windows.Win32.Media.MediaFoundation,IMFOutputSchema,7be0fc5b-abd9-44fb-a5c8-f50136e71599,false,,missing_allocator
Windows.Win32.Media.MediaFoundation,IMFOutputTrustAuthority,d19f8e94-b126-4446-890c-5dcb7ad71453,false,,missing_allocator
Windows.Win32.Media.MediaFoundation,IMFPMPClient,6c4e655d-ead8-4421-b6b9-54dcdbbdf820,true,standard_derived,
Windows.Win32.Media.MediaFoundation,IMFPMPClientApp,c004f646-be2c-48f3-93a2-a0983eba1108,true,standard_derived,
Windows.Win32.Media.MediaFoundation,IMFPMPHost,f70ca1a9-fdc7-4782-b994-adffb1c98606,true,standard_derived,
Windows.Win32.Media.MediaFoundation,IMFPMPHostApp,84d2054a-3aa1-4728-a3b0-440a418cf49c,true,standard_derived,
Windows.Win32.Media.MediaFoundation,IMFPMPServer,994e23af-1cc2-493c-b9fa-46f1cb040fa4,true,standard_derived,
Windows.Win32.Media.MediaFoundation,IMFPMediaItem,90eb3e6b-ecbf-45cc-b1da-c6fe3ea70d57,false,,missing_allocator
Windows.Win32.Media.MediaFoundation,IMFPMediaPlayer,a714590a-58af-430a-85bf-44f5ec838d85,true,exact_registry_dependent,
Windows.Win32.Media.MediaFoundation,IMFPMediaPlayerCallback,766c8ffb-5fdb-4fea-a28d-b912996f51bd,false,,external_pointee_storage
Windows.Win32.Media.MediaFoundation,IMFPluginControl,5c6c44bf-1db6-435b-9249-e8cd10fdec96,false,,missing_allocator
Windows.Win32.Media.MediaFoundation,IMFPluginControl2,c6982083-3ddc-45cb-af5e-0f7a8ce4de77,false,,missing_allocator
Windows.Win32.Media.MediaFoundation,IMFPresentationClock,868ce85c-8ea9-4f55-ab82-b009a910a805,true,standard_derived,
Windows.Win32.Media.MediaFoundation,IMFPresentationDescriptor,03cb2711-24d7-4db6-a17f-f3a7a479a536,false,,missing_allocator
Windows.Win32.Media.MediaFoundation,IMFPresentationTimeSource,7ff12cce-f76f-41c2-863b-1666c8e5e139,true,standard_derived,
Windows.Win32.Media.MediaFoundation,IMFProtectedEnvironmentAccess,ef5dc845-f0d9-4ec9-b00c-cb5183d38434,false,,missing_allocator
Windows.Win32.Media.MediaFoundation,IMFQualityAdvise,ec15e2e9-e36b-4f7c-8758-77d452ef4ce7,true,standard_derived,
Windows.Win32.Media.MediaFoundation,IMFQualityAdvise2,f3706f0d-8ea2-4886-8000-7155e9ec2eae,true,standard_derived,
Windows.Win32.Media.MediaFoundation,IMFQualityAdviseLimits,dfcd8e4d-30b5-4567-acaa-8eb5b7853dc9,true,standard_derived,
Windows.Win32.Media.MediaFoundation,IMFQualityManager,8d009d86-5b9f-4115-b1fc-9f80d52ab8ab,true,standard_derived,
Windows.Win32.Media.MediaFoundation,IMFRateControl,88ddcd21-03c3-4275-91ed-55ee3929328f,true,standard_derived,
Windows.Win32.Media.MediaFoundation,IMFRateSupport,0a9ccdbc-d797-4563-9667-94ec5d79292d,true,standard_derived,
Windows.Win32.Media.MediaFoundation,IMFReadWriteClassFactory,e7fe2e12-661c-40da-92f9-4f002ab67627,true,standard_derived,
Windows.Win32.Media.MediaFoundation,IMFRealTimeClient,2347d60b-3fb5-480c-8803-8df3adcd3ef0,true,standard_derived,
Windows.Win32.Media.MediaFoundation,IMFRealTimeClientEx,03910848-ab16-4611-b100-17b88ae2f248,true,standard_derived,
Windows.Win32.Media.MediaFoundation,IMFRelativePanelReport,f25362ea-2c0e-447f-81e2-755914cdc0c3,true,standard_derived,
Windows.Win32.Media.MediaFoundation,IMFRelativePanelWatcher,421af7f6-573e-4ad0-8fda-2e57cedb18c6,true,standard_derived,
Windows.Win32.Media.MediaFoundation,IMFRemoteAsyncCallback,a27003d0-2354-4f2a-8d6a-ab7cff15437e,true,standard_derived,
Windows.Win32.Media.MediaFoundation,IMFRemoteDesktopPlugin,1cde6309-cae0-4940-907e-c1ec9c3d1d4a,true,standard_derived,
Windows.Win32.Media.MediaFoundation,IMFRemoteProxy,994e23ad-1cc2-493c-b9fa-46f1cb040fa4,true,standard_derived,
Windows.Win32.Media.MediaFoundation,IMFSAMIStyle,a7e025dd-5303-4a62-89d6-e747e1efac73,false,,missing_allocator
Windows.Win32.Media.MediaFoundation,IMFSSLCertificateManager,61f7d887-1230-4a8b-aeba-8ad434d1a64d,false,,missing_allocator
Windows.Win32.Media.MediaFoundation,IMFSample,c40a00f2-b93a-4d80-ae8c-5a1c634f58e4,false,,missing_allocator
Windows.Win32.Media.MediaFoundation,IMFSampleAllocatorControl,da62b958-3a38-4a97-bd27-149c640c0771,true,standard_derived,
Windows.Win32.Media.MediaFoundation,IMFSampleGrabberSinkCallback,8c7b80bf-ee42-4b59-b1df-55668e1bdca8,true,standard_derived,
Windows.Win32.Media.MediaFoundation,IMFSampleGrabberSinkCallback2,ca86aa50-c46e-429e-ab27-16d6ac6844cb,true,standard_derived,
Windows.Win32.Media.MediaFoundation,IMFSampleOutputStream,8feed468-6f7e-440d-869a-49bdd283ad0d,true,standard_derived,
Windows.Win32.Media.MediaFoundation,IMFSampleProtection,8e36395f-c7b9-43c4-a54d-512b4af63c95,false,,missing_allocator
Windows.Win32.Media.MediaFoundation,IMFSaveJob,e9931663-80bf-4c6e-98af-5dcf58747d1f,true,standard_derived,
Windows.Win32.Media.MediaFoundation,IMFSchemeHandler,6d4c7b74-52a0-4bb7-b0db-55f29f47a668,true,standard_derived,
Windows.Win32.Media.MediaFoundation,IMFSecureBuffer,c1209904-e584-4752-a2d6-7f21693f8b21,true,standard_derived,
Windows.Win32.Media.MediaFoundation,IMFSecureChannel,d0ae555d-3b12-4d97-b060-0990bc5aeb67,false,,missing_allocator
Windows.Win32.Media.MediaFoundation,IMFSeekInfo,26afea53-d9ed-42b5-ab80-e64f9ee34779,true,standard_derived,
Windows.Win32.Media.MediaFoundation,IMFSensorActivitiesReport,683f7a5e-4a19-43cd-b1a9-dbf4ab3f7777,true,standard_derived,
Windows.Win32.Media.MediaFoundation,IMFSensorActivitiesReportCallback,de5072ee-dbe3-46dc-8a87-b6f631194751,true,standard_derived,
Windows.Win32.Media.MediaFoundation,IMFSensorActivityMonitor,d0cef145-b3f4-4340-a2e5-7a5080ca05cb,true,standard_derived,
Windows.Win32.Media.MediaFoundation,IMFSensorActivityReport,3e8c4be1-a8c2-4528-90de-2851bde5fead,true,standard_derived,
Windows.Win32.Media.MediaFoundation,IMFSensorDevice,fb9f48f2-2a18-4e28-9730-786f30f04dc4,true,standard_derived,
Windows.Win32.Media.MediaFoundation,IMFSensorGroup,4110243a-9757-461f-89f1-f22345bcab4e,true,standard_derived,
Windows.Win32.Media.MediaFoundation,IMFSensorProcessActivity,39dc7f4a-b141-4719-813c-a7f46162a2b8,true,standard_derived,
Windows.Win32.Media.MediaFoundation,IMFSensorProfile,22f765d1-8dab-4107-846d-56baf72215e7,true,standard_derived,
Windows.Win32.Media.MediaFoundation,IMFSensorProfileCollection,c95ea55b-0187-48be-9353-8d2507662351,true,standard_derived,
Windows.Win32.Media.MediaFoundation,IMFSensorStream,e9a42171-c56e-498a-8b39-eda5a070b7fc,false,,missing_allocator
Windows.Win32.Media.MediaFoundation,IMFSensorTransformFactory,eed9c2ee-66b4-4f18-a697-ac7d3960215c,true,standard_derived,
Windows.Win32.Media.MediaFoundation,IMFSequencerSource,197cd219-19cb-4de1-a64c-acf2edcbe59e,true,standard_derived,
Windows.Win32.Media.MediaFoundation,IMFSharingEngineClassFactory,2ba61f92-8305-413b-9733-faf15f259384,true,standard_derived,
Windows.Win32.Media.MediaFoundation,IMFShutdown,97ec2ea4-0e42-4937-97ac-9d6d328824e1,true,standard_derived,
Windows.Win32.Media.MediaFoundation,IMFSignedLibrary,4a724bca-ff6a-4c07-8e0d-7a358421cf06,false,,missing_allocator
Windows.Win32.Media.MediaFoundation,IMFSimpleAudioVolume,089edf13-cf71-4338-8d13-9e569dbdc319,true,standard_derived,
Windows.Win32.Media.MediaFoundation,IMFSinkWriter,3137f1cd-fe5e-4805-a5d8-fb477448cb3d,true,standard_derived,
Windows.Win32.Media.MediaFoundation,IMFSinkWriterCallback,666f76de-33d2-41b9-a458-29ed0a972c58,true,standard_derived,
Windows.Win32.Media.MediaFoundation,IMFSinkWriterCallback2,2456bd58-c067-4513-84fe-8d0c88ffdc61,true,standard_derived,
Windows.Win32.Media.MediaFoundation,IMFSinkWriterEncoderConfig,17c3779e-3cde-4ede-8c60-3899f5f53ad6,true,standard_derived,
Windows.Win32.Media.MediaFoundation,IMFSinkWriterEx,588d72ab-5bc1-496a-8714-b70617141b25,true,standard_derived,
Windows.Win32.Media.MediaFoundation,IMFSourceBuffer,e2cd3a4b-af25-4d3d-9110-da0e6f8ee877,true,standard_derived,
Windows.Win32.Media.MediaFoundation,IMFSourceBufferAppendMode,19666fb4-babe-4c55-bc03-0a074da37e2a,true,standard_derived,
Windows.Win32.Media.MediaFoundation,IMFSourceBufferList,249981f8-8325-41f3-b80c-3b9e3aad0cbe,false,,safe_projection_incomplete
Windows.Win32.Media.MediaFoundation,IMFSourceBufferNotify,87e47623-2ceb-45d6-9b88-d8520c4dcbbc,true,standard_derived,
Windows.Win32.Media.MediaFoundation,IMFSourceOpenMonitor,059054b3-027c-494c-a27d-9113291cf87f,true,standard_derived,
Windows.Win32.Media.MediaFoundation,IMFSourceReader,70ae66f2-c809-4e4f-8915-bdcb406b7993,true,standard_derived,
Windows.Win32.Media.MediaFoundation,IMFSourceReaderCallback,deec8d99-fa1d-4d82-84c2-2c8969944867,true,standard_derived,
Windows.Win32.Media.MediaFoundation,IMFSourceReaderCallback2,cf839fe6-8c2a-4dd2-b6ea-c22d6961af05,true,standard_derived,
Windows.Win32.Media.MediaFoundation,IMFSourceReaderEx,7b981cf0-560e-4116-9875-b099895f23d7,true,standard_derived,
Windows.Win32.Media.MediaFoundation,IMFSourceResolver,fbe5a32d-a497-4b61-bb85-97b1a848a6e3,true,standard_derived,
Windows.Win32.Media.MediaFoundation,IMFSpatialAudioObjectBuffer,d396ec8c-605e-4249-978d-72ad1c312872,false,,missing_allocator
Windows.Win32.Media.MediaFoundation,IMFSpatialAudioSample,abf28a9b-3393-4290-ba79-5ffc46d986b2,false,,missing_allocator
Windows.Win32.Media.MediaFoundation,IMFStreamDescriptor,56c03d9c-9dbb-45f5-ab4b-d80f47c05938,false,,missing_allocator
Windows.Win32.Media.MediaFoundation,IMFStreamSink,0a97b3cf-8e7c-4a3d-8f8c-0c843dc247fb,true,standard_derived,
Windows.Win32.Media.MediaFoundation,IMFStreamingSinkConfig,9db7aa41-3cc5-40d4-8509-555804ad34cc,true,standard_derived,
Windows.Win32.Media.MediaFoundation,IMFSystemId,fff4af3a-1fc1-4ef9-a29b-d26c49e2f31a,false,,missing_allocator
Windows.Win32.Media.MediaFoundation,IMFTimecodeTranslate,ab9d8661-f7e8-4ef4-9861-89f334f94e74,true,standard_derived,
Windows.Win32.Media.MediaFoundation,IMFTimedText,1f2a94c9-a3df-430d-9d0f-acd85ddc29af,true,standard_derived,
Windows.Win32.Media.MediaFoundation,IMFTimedTextBinary,4ae3a412-0545-43c4-bf6f-6b97a5c6c432,false,,missing_allocator
Windows.Win32.Media.MediaFoundation,IMFTimedTextBouten,3c5f3e8a-90c0-464e-8136-898d2975f847,true,standard_derived,
Windows.Win32.Media.MediaFoundation,IMFTimedTextCue,1e560447-9a2b-43e1-a94c-b0aaabfbfbc9,false,,missing_allocator
Windows.Win32.Media.MediaFoundation,IMFTimedTextCueList,ad128745-211b-40a0-9981-fe65f166d0fd,true,standard_derived,
Windows.Win32.Media.MediaFoundation,IMFTimedTextFormattedText,e13af3c1-4d47-4354-b1f5-e83ae0ecae60,false,,missing_allocator
Windows.Win32.Media.MediaFoundation,IMFTimedTextNotify,df6b87b6-ce12-45db-aba7-432fe054e57d,true,standard_derived,
Windows.Win32.Media.MediaFoundation,IMFTimedTextRegion,c8d22afc-bc47-4bdf-9b04-787e49ce3f58,false,,missing_allocator
Windows.Win32.Media.MediaFoundation,IMFTimedTextRuby,76c6a6f5-4955-4de5-b27b-14b734cc14b4,false,,missing_allocator
Windows.Win32.Media.MediaFoundation,IMFTimedTextStyle,09b2455d-b834-4f01-a347-9052e21c450e,false,,missing_allocator
Windows.Win32.Media.MediaFoundation,IMFTimedTextStyle2,db639199-c809-4c89-bfca-d0bbb9729d6e,true,standard_derived,
Windows.Win32.Media.MediaFoundation,IMFTimedTextTrack,8822c32d-654e-4233-bf21-d7f2e67d30d4,false,,missing_allocator
Windows.Win32.Media.MediaFoundation,IMFTimedTextTrackList,23ff334c-442c-445f-bccc-edc438aa11e2,true,standard_derived,
Windows.Win32.Media.MediaFoundation,IMFTimer,e56e4cbd-8f70-49d8-a0f8-edb3d6ab9bf2,true,standard_derived,
Windows.Win32.Media.MediaFoundation,IMFTopoLoader,de9a6157-f660-4643-b56a-df9f7998c7cd,true,standard_derived,
Windows.Win32.Media.MediaFoundation,IMFTopology,83cf873a-f6da-4bc8-823f-bacfd55dc433,false,,missing_allocator
Windows.Win32.Media.MediaFoundation,IMFTopologyNode,83cf873a-f6da-4bc8-823f-bacfd55dc430,false,,missing_allocator
Windows.Win32.Media.MediaFoundation,IMFTopologyNodeAttributeEditor,676aa6dd-238a-410d-bb99-65668d01605a,false,,external_pointee_storage
Windows.Win32.Media.MediaFoundation,IMFTopologyServiceLookup,fa993889-4383-415a-a930-dd472a8cf6f7,false,,missing_allocator
Windows.Win32.Media.MediaFoundation,IMFTopologyServiceLookupClient,fa99388a-4383-415a-a930-dd472a8cf6f7,true,standard_derived,
Windows.Win32.Media.MediaFoundation,IMFTrackedSample,245bf8e9-0755-40f7-88a5-ae0f18d55e17,true,standard_derived,
Windows.Win32.Media.MediaFoundation,IMFTranscodeProfile,4adfdba3-7ab0-4953-a62b-461e7ff3da1e,true,standard_derived,
Windows.Win32.Media.MediaFoundation,IMFTranscodeSinkInfoProvider,8cffcd2e-5a03-4a3a-aff7-edcd107c620e,false,,incomplete_pointee_layout_for_storage
Windows.Win32.Media.MediaFoundation,IMFTransform,bf94c121-5b05-4e6f-8000-ba598961414d,false,,incomplete_pointee_layout_for_storage
Windows.Win32.Media.MediaFoundation,IMFTrustedInput,542612c4-a1b8-4632-b521-de11ea64a0b0,true,standard_derived,
Windows.Win32.Media.MediaFoundation,IMFTrustedOutput,d19f8e95-b126-4446-890c-5dcb7ad71453,true,standard_derived,
Windows.Win32.Media.MediaFoundation,IMFVideoCaptureSampleAllocator,725b77c7-ca9f-4fe5-9d72-9946bf9b3c70,true,standard_derived,
Windows.Win32.Media.MediaFoundation,IMFVideoDeviceID,a38d9567-5a9c-4f3c-b293-8eb415b279ba,true,standard_derived,
Windows.Win32.Media.MediaFoundation,IMFVideoDisplayControl,a490b1e4-ab84-4d31-a1b2-181e03b1077a,false,,missing_allocator
Windows.Win32.Media.MediaFoundation,IMFVideoMediaType,b99f381f-a8f9-47a2-a5af-ca3a225a3890,false,,external_pointee_storage
Windows.Win32.Media.MediaFoundation,IMFVideoMixerBitmap,814c7b20-0fdb-4eec-af8f-f957c8f69edc,false,,external_pointee_storage
Windows.Win32.Media.MediaFoundation,IMFVideoMixerControl,a5c6c53f-c202-4aa5-9695-175ba8c508a5,true,standard_derived,
Windows.Win32.Media.MediaFoundation,IMFVideoMixerControl2,8459616d-966e-4930-b658-54fa7e5a16d3,true,standard_derived,
Windows.Win32.Media.MediaFoundation,IMFVideoPositionMapper,1f6a9f17-e70b-4e24-8ae4-0b2c3ba7a4ae,true,standard_derived,
Windows.Win32.Media.MediaFoundation,IMFVideoPresenter,29aff080-182a-4a5d-af3b-448f3a6346cb,true,standard_derived,
Windows.Win32.Media.MediaFoundation,IMFVideoProcessor,6ab0000c-fece-4d1f-a2ac-a9573530656e,false,,incomplete_pointee_layout_for_storage
Windows.Win32.Media.MediaFoundation,IMFVideoProcessorControl,a3f675d5-6119-4f7f-a100-1d8b280f0efb,true,standard_derived,
Windows.Win32.Media.MediaFoundation,IMFVideoProcessorControl2,bde633d3-e1dc-4a7f-a693-bbae399c4a20,true,standard_derived,
Windows.Win32.Media.MediaFoundation,IMFVideoProcessorControl3,2424b3f2-eb23-40f1-91aa-74bddeea0883,true,standard_derived,
Windows.Win32.Media.MediaFoundation,IMFVideoRenderer,dfdfd197-a9ca-43d8-b341-6af3503792cd,true,standard_derived,
Windows.Win32.Media.MediaFoundation,IMFVideoRendererEffectControl,604d33d7-cf23-41d5-8224-5bbbb1a87475,true,standard_derived,
Windows.Win32.Media.MediaFoundation,IMFVideoSampleAllocator,86cbc910-e533-4751-8e3b-f19b5b806a03,true,standard_derived,
Windows.Win32.Media.MediaFoundation,IMFVideoSampleAllocatorCallback,992388b4-3372-4f67-8b6f-c84c071f4751,true,standard_derived,
Windows.Win32.Media.MediaFoundation,IMFVideoSampleAllocatorEx,545b3a48-3283-4f62-866f-a62d8f598f9f,true,standard_derived,
Windows.Win32.Media.MediaFoundation,IMFVideoSampleAllocatorNotify,a792cdbe-c374-4e89-8335-278e7b9956a4,true,standard_derived,
Windows.Win32.Media.MediaFoundation,IMFVideoSampleAllocatorNotifyEx,3978aa1a-6d5b-4b7f-a340-90899189ae34,true,standard_derived,
Windows.Win32.Media.MediaFoundation,IMFVirtualCamera,1c08a864-ef6c-4c75-af59-5f2d68da9563,false,,external_pointee_storage
Windows.Win32.Media.MediaFoundation,IMFWorkQueueServices,35fe1bb8-a3a9-40fe-bbec-eb569c9ccca3,false,,safe_projection_incomplete
Windows.Win32.Media.MediaFoundation,IMFWorkQueueServicesEx,96bf961b-40fe-42f1-ba9d-320238b49700,false,,safe_projection_incomplete
Windows.Win32.Media.MediaFoundation,IOPMVideoOutput,0a15159d-41c7-4456-93e1-284cd61d4e8d,false,,incomplete_pointee_layout_for_storage
Windows.Win32.Media.MediaFoundation,IPlayToControl,607574eb-f4b6-45c1-b08c-cb715122901d,true,standard_derived,
Windows.Win32.Media.MediaFoundation,IPlayToControlWithCapabilities,aa9dd80f-c50a-4220-91c1-332287f82a34,true,standard_derived,
Windows.Win32.Media.MediaFoundation,IPlayToSourceClassFactory,842b32a3-9b9b-4d1c-b3f3-49193248a554,true,standard_derived,
Windows.Win32.Media.MediaFoundation,IToc,d6f05441-a919-423b-91a0-89d5b4a8ab77,false,,safe_projection_incomplete
Windows.Win32.Media.MediaFoundation,ITocCollection,23fee831-ae96-42df-b170-25a04847a3ca,true,standard_derived,
Windows.Win32.Media.MediaFoundation,ITocEntry,f22f5e06-585c-4def-8523-6555cfbc0cb3,false,,safe_projection_incomplete
Windows.Win32.Media.MediaFoundation,ITocEntryList,3a8cccbd-0efd-43a3-b838-f38a552ba237,true,standard_derived,
Windows.Win32.Media.MediaFoundation,ITocParser,ecfb9a55-9298-4f49-887f-0b36206599d2,true,standard_derived,
Windows.Win32.Media.MediaFoundation,IValidateBinding,04a578b2-e778-422a-a805-b3ee54d90bd9,false,,missing_allocator
Windows.Win32.Media.MediaFoundation,IWMCodecLeakyBucket,a81ba647-6227-43b7-b231-c7b15135dd7d,true,standard_derived,
Windows.Win32.Media.MediaFoundation,IWMCodecOutputTimestamp,b72adf95-7adc-4a72-bc05-577d8ea6bf68,true,standard_derived,
Windows.Win32.Media.MediaFoundation,IWMCodecPrivateData,73f0be8e-57f7-4f01-aa66-9f57340cfe0e,false,,incomplete_pointee_layout_for_storage
Windows.Win32.Media.MediaFoundation,IWMCodecProps,2573e11a-f01a-4fdd-a98d-63b8e0ba9589,false,,incomplete_pointee_layout_for_storage
Windows.Win32.Media.MediaFoundation,IWMCodecStrings,a7b2504b-e58a-47fb-958b-cac7165a057d,false,,incomplete_pointee_layout_for_storage
Windows.Win32.Media.MediaFoundation,IWMColorConvProps,e6a49e22-c099-421d-aad3-c061fb4ae85b,true,standard_derived,
Windows.Win32.Media.MediaFoundation,IWMColorLegalizerProps,776c93b3-b72d-4508-b6d0-208785f553e7,true,standard_derived,
Windows.Win32.Media.MediaFoundation,IWMFrameInterpProps,4c06bb9b-626c-4614-8329-cc6a21b93fa0,true,standard_derived,
Windows.Win32.Media.MediaFoundation,IWMInterlaceProps,7b12e5d1-bd22-48ea-bc06-98e893221c89,true,standard_derived,
Windows.Win32.Media.MediaFoundation,IWMResamplerProps,e7e9984f-f09f-4da4-903f-6e2e0efe56b5,true,standard_derived,
Windows.Win32.Media.MediaFoundation,IWMResizerProps,57665d4c-0414-4faa-905b-10e546f81c33,true,standard_derived,
Windows.Win32.Media.MediaFoundation,IWMSampleExtensionSupport,9bca9884-0604-4c2a-87da-793ff4d586c3,true,standard_derived,
Windows.Win32.Media.MediaFoundation,IWMValidate,cee3def2-3808-414d-be66-fafd472210bc,true,standard_derived,
Windows.Win32.Media.MediaFoundation,IWMVideoDecoderHurryup,352bb3bd-2d4d-4323-9e71-dcdcfbd53ca6,true,standard_derived,
Windows.Win32.Media.MediaFoundation,IWMVideoDecoderReconBuffer,45bda2ac-88e2-4923-98ba-3949080711a3,true,standard_derived,
Windows.Win32.Media.MediaFoundation,IWMVideoForceKeyFrame,9f8496be-5b9a-41b9-a9e8-f21cd80596c2,true,standard_derived,
Windows.Win32.Media.MediaFoundation,MFASYNCRESULT,,false,,missing_interface_iid
Windows.Win32.Media.MediaPlayer,IFeed,f7f915d8-2ede-42bc-98e7-a5d05063a757,true,standard_derived,
Windows.Win32.Media.MediaPlayer,IFeed2,33f2ea09-1398-4ab9-b6a4-f94b49d0a42e,true,standard_derived,
Windows.Win32.Media.MediaPlayer,IFeedEnclosure,361c26f7-90a4-4e67-ae09-3a36a546436a,true,standard_derived,
Windows.Win32.Media.MediaPlayer,IFeedEvents,abf35c99-0681-47ea-9a8c-1436a375a99e,true,standard_derived,
Windows.Win32.Media.MediaPlayer,IFeedFolder,81f04ad1-4194-4d7d-86d6-11813cec163c,true,standard_derived,
Windows.Win32.Media.MediaPlayer,IFeedFolderEvents,20a59fa6-a844-4630-9e98-175f70b4d55b,true,standard_derived,
Windows.Win32.Media.MediaPlayer,IFeedItem,0a1e6cad-0a47-4da2-a13d-5baaa5c8bd4f,true,standard_derived,
Windows.Win32.Media.MediaPlayer,IFeedItem2,79ac9ef4-f9c1-4d2b-a50b-a7ffba4dcf37,true,standard_derived,
Windows.Win32.Media.MediaPlayer,IFeedsEnum,e3cd0028-2eed-4c60-8fae-a3225309a836,true,standard_derived,
Windows.Win32.Media.MediaPlayer,IFeedsManager,a74029cc-1f1a-4906-88f0-810638d86591,true,standard_derived,
Windows.Win32.Media.MediaPlayer,IWMPAudioRenderConfig,e79c6349-5997-4ce4-917c-22a3391ec564,true,standard_derived,
Windows.Win32.Media.MediaPlayer,IWMPCdrom,cfab6e98-8730-11d3-b388-00c04f68574b,true,standard_derived,
Windows.Win32.Media.MediaPlayer,IWMPCdromBurn,bd94dbeb-417f-4928-aa06-087d56ed9b59,true,standard_derived,
Windows.Win32.Media.MediaPlayer,IWMPCdromCollection,ee4c8fe2-34b2-11d3-a3bf-006097c9b344,true,standard_derived,
Windows.Win32.Media.MediaPlayer,IWMPCdromRip,56e2294f-69ed-4629-a869-aea72c0dcc2c,true,standard_derived,
Windows.Win32.Media.MediaPlayer,IWMPClosedCaption,4f2df574-c588-11d3-9ed0-00c04fb6e937,true,standard_derived,
Windows.Win32.Media.MediaPlayer,IWMPClosedCaption2,350ba78b-6bc8-4113-a5f5-312056934eb6,true,standard_derived,
Windows.Win32.Media.MediaPlayer,IWMPContentContainer,ad7f4d9c-1a9f-4ed2-9815-ecc0b58cb616,true,standard_derived,
Windows.Win32.Media.MediaPlayer,IWMPContentContainerList,a9937f78-0802-4af8-8b8d-e3f045bc8ab5,true,standard_derived,
Windows.Win32.Media.MediaPlayer,IWMPContentPartner,55455073-41b5-4e75-87b8-f13bdb291d08,false,,missing_allocator
Windows.Win32.Media.MediaPlayer,IWMPContentPartnerCallback,9e8f7da2-0695-403c-b697-da10fafaa676,false,,missing_allocator
Windows.Win32.Media.MediaPlayer,IWMPControls,74c09e02-f828-11d2-a74b-00a0c905f36e,true,standard_derived,
Windows.Win32.Media.MediaPlayer,IWMPControls2,6f030d25-0890-480f-9775-1f7e40ab5b8e,true,standard_derived,
Windows.Win32.Media.MediaPlayer,IWMPControls3,a1d1110e-d545-476a-9a78-ac3e4cb1e6bd,true,standard_derived,
Windows.Win32.Media.MediaPlayer,IWMPConvert,d683162f-57d4-4108-8373-4a9676d1c2e9,true,standard_derived,
Windows.Win32.Media.MediaPlayer,IWMPCore,d84cca99-cce2-11d2-9ecc-0000f8085981,true,standard_derived,
Windows.Win32.Media.MediaPlayer,IWMPCore2,bc17e5b7-7561-4c18-bb90-17d485775659,true,standard_derived,
Windows.Win32.Media.MediaPlayer,IWMPCore3,7587c667-628f-499f-88e7-6a6f4e888464,true,standard_derived,
Windows.Win32.Media.MediaPlayer,IWMPDVD,8da61686-4668-4a5c-ae5d-803193293dbe,true,standard_derived,
Windows.Win32.Media.MediaPlayer,IWMPDownloadCollection,0a319c7f-85f9-436c-b88e-82fd88000e1c,true,standard_derived,
Windows.Win32.Media.MediaPlayer,IWMPDownloadItem,c9470e8e-3f6b-46a9-a0a9-452815c34297,true,standard_derived,
Windows.Win32.Media.MediaPlayer,IWMPDownloadItem2,9fbb3336-6da3-479d-b8ff-67d46e20a987,true,standard_derived,
Windows.Win32.Media.MediaPlayer,IWMPDownloadManager,e15e9ad1-8f20-4cc4-9ec7-1a328ca86a0d,true,standard_derived,
Windows.Win32.Media.MediaPlayer,IWMPEffects,d3984c13-c3cb-48e2-8be5-5168340b4f35,true,standard_derived,
Windows.Win32.Media.MediaPlayer,IWMPEffects2,695386ec-aa3c-4618-a5e1-dd9a8b987632,true,standard_derived,
Windows.Win32.Media.MediaPlayer,IWMPError,a12dcf7d-14ab-4c1b-a8cd-63909f06025b,true,standard_derived,
Windows.Win32.Media.MediaPlayer,IWMPErrorItem,3614c646-3b3b-4de7-a81e-930e3f2127b3,false,,safe_projection_incomplete
Windows.Win32.Media.MediaPlayer,IWMPErrorItem2,f75ccec0-c67c-475c-931e-8719870bee7d,false,,safe_projection_incomplete
Windows.Win32.Media.MediaPlayer,IWMPEvents,19a6627b-da9e-47c1-bb23-00b5e668236a,true,standard_derived,
Windows.Win32.Media.MediaPlayer,IWMPEvents2,1e7601fa-47ea-4107-9ea9-9004ed9684ff,true,standard_derived,
Windows.Win32.Media.MediaPlayer,IWMPEvents3,1f504270-a66b-4223-8e96-26a06c63d69f,true,standard_derived,
Windows.Win32.Media.MediaPlayer,IWMPEvents4,26dabcfa-306b-404d-9a6f-630a8405048d,true,standard_derived,
Windows.Win32.Media.MediaPlayer,IWMPFolderMonitorServices,788c8743-e57f-439d-a468-5bc77f2e59c6,true,standard_derived,
Windows.Win32.Media.MediaPlayer,IWMPGraphCreation,bfb377e5-c594-4369-a970-de896d5ece74,true,standard_derived,
Windows.Win32.Media.MediaPlayer,IWMPLibrary,3df47861-7df1-4c1f-a81b-4c26f0f7a7c6,true,standard_derived,
Windows.Win32.Media.MediaPlayer,IWMPLibrary2,dd578a4e-79b1-426c-bf8f-3add9072500b,true,standard_derived,
Windows.Win32.Media.MediaPlayer,IWMPLibraryServices,39c2f8d5-1cf2-4d5e-ae09-d73492cf9eaa,true,standard_derived,
Windows.Win32.Media.MediaPlayer,IWMPLibrarySharingServices,82cba86b-9f04-474b-a365-d6dd1466e541,true,standard_derived,
Windows.Win32.Media.MediaPlayer,IWMPMedia,94d55e95-3fac-11d3-b155-00c04f79faa6,true,standard_derived,
Windows.Win32.Media.MediaPlayer,IWMPMedia2,ab7c88bb-143e-4ea4-acc3-e4350b2106c3,true,standard_derived,
Windows.Win32.Media.MediaPlayer,IWMPMedia3,f118efc7-f03a-4fb4-99c9-1c02a5c1065b,false,,safe_projection_incomplete
Windows.Win32.Media.MediaPlayer,IWMPMediaCollection,8363bc22-b4b4-4b19-989d-1cd765749dd1,true,standard_derived,
Windows.Win32.Media.MediaPlayer,IWMPMediaCollection2,8ba957f5-fd8c-4791-b82d-f840401ee474,true,standard_derived,
Windows.Win32.Media.MediaPlayer,IWMPMediaPluginRegistrar,68e27045-05bd-40b2-9720-23088c78e390,false,,external_pointee_storage
Windows.Win32.Media.MediaPlayer,IWMPMetadataPicture,5c29bbe0-f87d-4c45-aa28-a70f0230ffa9,true,standard_derived,
Windows.Win32.Media.MediaPlayer,IWMPMetadataText,769a72db-13d2-45e2-9c48-53ca9d5b7450,true,standard_derived,
Windows.Win32.Media.MediaPlayer,IWMPNetwork,ec21b779-edef-462d-bba4-ad9dde2b29a7,true,standard_derived,
Windows.Win32.Media.MediaPlayer,IWMPNodeRealEstate,42751198-5a50-4460-bcb4-709f8bdc8e59,true,standard_derived,
Windows.Win32.Media.MediaPlayer,IWMPNodeRealEstateHost,1491087d-2c6b-44c8-b019-b3c929d2ada9,true,standard_derived,
Windows.Win32.Media.MediaPlayer,IWMPNodeWindowed,96740bfa-c56a-45d1-a3a4-762914d4ade9,true,standard_derived,
Windows.Win32.Media.MediaPlayer,IWMPNodeWindowedHost,a300415a-54aa-4081-adbf-3b13610d8958,true,standard_derived,
Windows.Win32.Media.MediaPlayer,IWMPNodeWindowless,9b9199ad-780c-4eda-b816-261eba5d1575,true,standard_derived,
Windows.Win32.Media.MediaPlayer,IWMPNodeWindowlessHost,be7017c6-ce34-4901-8106-770381aa6e3e,true,standard_derived,
Windows.Win32.Media.MediaPlayer,IWMPPlayer,6bf52a4f-394a-11d3-b153-00c04f79faa6,true,standard_derived,
Windows.Win32.Media.MediaPlayer,IWMPPlayer2,0e6b01d1-d407-4c85-bf5f-1c01f6150280,true,standard_derived,
Windows.Win32.Media.MediaPlayer,IWMPPlayer3,54062b68-052a-4c25-a39f-8b63346511d4,true,standard_derived,
Windows.Win32.Media.MediaPlayer,IWMPPlayer4,6c497d62-8919-413c-82db-e935fb3ec584,true,standard_derived,
Windows.Win32.Media.MediaPlayer,IWMPPlayerApplication,40897764-ceab-47be-ad4a-8e28537f9bbf,true,standard_derived,
Windows.Win32.Media.MediaPlayer,IWMPPlayerServices,1d01fbdb-ade2-4c8d-9842-c190b95c3306,true,standard_derived,
Windows.Win32.Media.MediaPlayer,IWMPPlayerServices2,1bb1592f-f040-418a-9f71-17c7512b4d70,true,standard_derived,
Windows.Win32.Media.MediaPlayer,IWMPPlaylist,d5f0f4f1-130c-11d3-b14e-00c04f79faa6,true,standard_derived,
Windows.Win32.Media.MediaPlayer,IWMPPlaylistArray,679409c0-99f7-11d3-9fb7-00105aa620bb,true,standard_derived,
Windows.Win32.Media.MediaPlayer,IWMPPlaylistCollection,10a13217-23a7-439b-b1c0-d847c79b7774,true,standard_derived,
Windows.Win32.Media.MediaPlayer,IWMPPlugin,f1392a70-024c-42bb-a998-73dfdfe7d5a7,false,,safe_projection_incomplete
Windows.Win32.Media.MediaPlayer,IWMPPluginEnable,5fca444c-7ad1-479d-a4ef-40566a5309d6,true,standard_derived,
Windows.Win32.Media.MediaPlayer,IWMPPluginUI,4c5e8f9f-ad3e-4bf9-9753-fcd30d6d38dd,false,,missing_handle_ownership
Windows.Win32.Media.MediaPlayer,IWMPQuery,a00918f3-a6b0-4bfb-9189-fd834c7bc5a5,true,standard_derived,
Windows.Win32.Media.MediaPlayer,IWMPRemoteMediaServices,cbb92747-741f-44fe-ab5b-f1a48f3b2a59,true,standard_derived,
Windows.Win32.Media.MediaPlayer,IWMPRenderConfig,959506c1-0314-4ec5-9e61-8528db5e5478,true,standard_derived,
Windows.Win32.Media.MediaPlayer,IWMPServices,afb6b76b-1e20-4198-83b3-191db6e0b149,true,standard_derived,
Windows.Win32.Media.MediaPlayer,IWMPSettings,9104d1ab-80c9-4fed-abf0-2e6417a6df14,true,standard_derived,
Windows.Win32.Media.MediaPlayer,IWMPSettings2,fda937a4-eece-4da5-a0b6-39bf89ade2c2,true,standard_derived,
Windows.Win32.Media.MediaPlayer,IWMPSkinManager,076f2fa6-ed30-448b-8cc5-3f3ef3529c7a,true,standard_derived,
Windows.Win32.Media.MediaPlayer,IWMPStringCollection,4a976298-8c0d-11d3-b389-00c04f68574b,true,standard_derived,
Windows.Win32.Media.MediaPlayer,IWMPStringCollection2,46ad648d-53f1-4a74-92e2-2a1b68d63fd4,false,,safe_projection_incomplete
Windows.Win32.Media.MediaPlayer,IWMPSubscriptionService,376055f8-2a59-4a73-9501-dca5273a7a10,true,standard_derived,
Windows.Win32.Media.MediaPlayer,IWMPSubscriptionService2,a94c120e-d600-4ec6-b05e-ec9d56d84de0,true,standard_derived,
Windows.Win32.Media.MediaPlayer,IWMPSubscriptionServiceCallback,dd01d127-2dc2-4c3a-876e-63312079f9b0,true,standard_derived,
Windows.Win32.Media.MediaPlayer,IWMPSyncDevice,82a2986c-0293-4fd0-b279-b21b86c058be,true,standard_derived,
Windows.Win32.Media.MediaPlayer,IWMPSyncDevice2,88afb4b2-140a-44d2-91e6-4543da467cd1,true,standard_derived,
Windows.Win32.Media.MediaPlayer,IWMPSyncDevice3,b22c85f9-263c-4372-a0da-b518db9b4098,true,standard_derived,
Windows.Win32.Media.MediaPlayer,IWMPSyncServices,8b5050ff-e0a4-4808-b3a8-893a9e1ed894,true,standard_derived,
Windows.Win32.Media.MediaPlayer,IWMPTranscodePolicy,b64cbac3-401c-4327-a3e8-b9feb3a8c25c,true,standard_derived,
Windows.Win32.Media.MediaPlayer,IWMPUserEventSink,cfccfa72-c343-48c3-a2de-b7a4402e39f2,true,standard_derived,
Windows.Win32.Media.MediaPlayer,IWMPVideoRenderConfig,6d6cf803-1ec0-4c8d-b3ca-f18e27282074,true,standard_derived,
Windows.Win32.Media.MediaPlayer,IWMPWindowMessageSink,3a0daa30-908d-4789-ba87-aed879b5c49b,true,standard_derived,
Windows.Win32.Media.MediaPlayer,IXFeed,a44179a4-e0f6-403b-af8d-d080f425a451,false,,missing_allocator
Windows.Win32.Media.MediaPlayer,IXFeed2,ce528e77-3716-4eb7-956d-f5e37502e12a,false,,missing_allocator
Windows.Win32.Media.MediaPlayer,IXFeedEnclosure,bfbfb953-644f-4792-b69c-dfaca4cbf89a,false,,missing_allocator
Windows.Win32.Media.MediaPlayer,IXFeedEvents,1630852e-1263-465b-98e5-fe60ffec4ac2,true,standard_derived,
Windows.Win32.Media.MediaPlayer,IXFeedFolder,4c963678-3a51-4b88-8531-98b90b6508f2,false,,missing_allocator
Windows.Win32.Media.MediaPlayer,IXFeedFolderEvents,7964b769-234a-4bb1-a5f4-90454c8ad07e,true,standard_derived,
Windows.Win32.Media.MediaPlayer,IXFeedItem,e757b2f5-e73e-434e-a1bf-2bd7c3e60fcb,false,,missing_allocator
Windows.Win32.Media.MediaPlayer,IXFeedItem2,6cda2dc7-9013-4522-9970-2a9dd9ead5a3,false,,missing_allocator
Windows.Win32.Media.MediaPlayer,IXFeedsEnum,dc43a9d5-5015-4301-8c96-a47434b4d658,true,standard_derived,
Windows.Win32.Media.MediaPlayer,IXFeedsManager,5357e238-fb12-4aca-a930-cab7832b84bf,true,standard_derived,
Windows.Win32.Media.MediaPlayer,_WMPOCXEvents,6bf52a51-394a-11d3-b153-00c04f79faa6,true,standard_derived,
Windows.Win32.Media.Multimedia,IAVIEditStream,00020024-0000-0000-c000-000000000046,true,standard_derived,
Windows.Win32.Media.Multimedia,IAVIFile,00020020-0000-0000-c000-000000000046,false,,external_pointee_storage
Windows.Win32.Media.Multimedia,IAVIPersistFile,00020025-0000-0000-c000-000000000046,true,exact_registry_dependent,
Windows.Win32.Media.Multimedia,IAVIStream,00020021-0000-0000-c000-000000000046,false,,external_pointee_storage
Windows.Win32.Media.Multimedia,IAVIStreaming,00020022-0000-0000-c000-000000000046,true,standard_derived,
Windows.Win32.Media.Multimedia,IGetFrame,00020023-0000-0000-c000-000000000046,false,,external_pointee_storage
Windows.Win32.Media.PictureAcquisition,IPhotoAcquire,00f23353-e31b-4955-a8ad-ca5ebf31e2ce,true,standard_derived,
Windows.Win32.Media.PictureAcquisition,IPhotoAcquireDeviceSelectionDialog,00f28837-55dd-4f37-aaf5-6855a9640467,false,,safe_projection_incomplete
Windows.Win32.Media.PictureAcquisition,IPhotoAcquireItem,00f21c97-28bf-4c02-b842-5e4e90139a30,false,,missing_handle_ownership
Windows.Win32.Media.PictureAcquisition,IPhotoAcquireOptionsDialog,00f2b3ee-bf64-47ee-89f4-4dedd79643f2,false,,missing_handle_ownership
Windows.Win32.Media.PictureAcquisition,IPhotoAcquirePlugin,00f2dceb-ecb8-4f77-8e47-e7a987c83dd0,true,standard_derived,
Windows.Win32.Media.PictureAcquisition,IPhotoAcquireProgressCB,00f2ce1e-935e-4248-892c-130f32c45cb4,false,,safe_projection_incomplete
Windows.Win32.Media.PictureAcquisition,IPhotoAcquireSettings,00f2b868-dd67-487c-9553-049240767e91,true,standard_derived,
Windows.Win32.Media.PictureAcquisition,IPhotoAcquireSource,00f2c703-8613-4282-a53b-6ec59c5883ac,false,,missing_allocator
Windows.Win32.Media.PictureAcquisition,IPhotoProgressActionCB,00f242d0-b206-4e7d-b4c1-4755bcbb9c9f,true,standard_derived,
Windows.Win32.Media.PictureAcquisition,IPhotoProgressDialog,00f246f9-0750-4f08-9381-2cd8e906a4ae,false,,nested_pointer_lifetime
Windows.Win32.Media.PictureAcquisition,IUserInputString,00f243a1-205b-45ba-ae26-abbc53aa7a6f,false,,missing_handle_ownership
Windows.Win32.Media.Speech,IEnumSpObjectTokens,06b64f9e-7fda-11d2-b4f2-00c04f797396,true,standard_derived,
Windows.Win32.Media.Speech,ISpAudio,c05c768f-fae8-4ec2-8e07-338321c12452,false,,external_pointee_storage
Windows.Win32.Media.Speech,ISpCFGInterpreter,f3d3f926-11fc-11d3-bb97-00c04f8ee6c0,true,standard_derived,
Windows.Win32.Media.Speech,ISpCFGInterpreterSite,6a6ffad8-78b6-473d-b844-98152e4fb16b,false,,external_pointee_storage
Windows.Win32.Media.Speech,ISpContainerLexicon,8565572f-c094-41cc-b56e-10bd9c3ff044,false,,external_pointee_storage
Windows.Win32.Media.Speech,ISpDataKey,14056581-e16c-11d2-bb90-00c04f8ee6c0,false,,missing_allocator
Windows.Win32.Media.Speech,ISpDisplayAlternates,c8d7c7e2-0dde-44b7-afe3-b0c991fbeb5e,false,,missing_allocator
Windows.Win32.Media.Speech,ISpEnginePronunciation,c360ce4b-76d1-4214-ad68-52657d5083da,false,,external_pointee_storage
Windows.Win32.Media.Speech,ISpErrorLog,f4711347-e608-11d2-a086-00c04f8ef9b5,true,standard_derived,
Windows.Win32.Media.Speech,ISpEventSink,be7a9cc9-5f9e-11d2-960f-00c04f8ee628,false,,external_pointee_storage
Windows.Win32.Media.Speech,ISpEventSource,be7a9cce-5f9e-11d2-960f-00c04f8ee628,false,,incomplete_pointee_layout_for_storage
Windows.Win32.Media.Speech,ISpEventSource2,2373a435-6a4b-429e-a6ac-d4231a61975b,false,,incomplete_pointee_layout_for_storage
Windows.Win32.Media.Speech,ISpGramCompBackend,3ddca27c-665c-4786-9f97-8c90c3488b61,false,,external_pointee_storage
Windows.Win32.Media.Speech,ISpGrammarBuilder,8137828f-591a-4a42-be58-49ea7ebaac68,false,,external_pointee_storage
Windows.Win32.Media.Speech,ISpGrammarBuilder2,8ab10026-20cc-4b20-8c22-a49c9ba78f60,false,,safe_projection_incomplete
Windows.Win32.Media.Speech,ISpGrammarCompiler,b1e29d58-a675-11d2-8302-00c04f8ee6c0,true,standard_derived,
Windows.Win32.Media.Speech,ISpITNProcessor,12d7360f-a1c9-11d3-bc90-00c04f72df9f,true,standard_derived,
Windows.Win32.Media.Speech,ISpLexicon,da41a7c2-5383-4db2-916b-6c1719e3db58,false,,external_pointee_storage
Windows.Win32.Media.Speech,ISpMMSysAudio,15806f6e-1d70-4b48-98e6-3b1a007509ab,false,,external_pointee_storage
Windows.Win32.Media.Speech,ISpNotifySink,259684dc-37c3-11d2-9603-00c04f8ee628,true,standard_derived,
Windows.Win32.Media.Speech,ISpNotifySource,5eff4aef-8487-11d2-961c-00c04f8ee628,false,,missing_interface_iid
Windows.Win32.Media.Speech,ISpNotifyTranslator,aca16614-5d3d-11d2-960e-00c04f8ee628,false,,missing_interface_iid
Windows.Win32.Media.Speech,ISpObjectToken,14056589-e16c-11d2-bb90-00c04f8ee6c0,false,,external_pointee_storage
Windows.Win32.Media.Speech,ISpObjectTokenCategory,2d3d3845-39af-4850-bbf9-40b49780011d,false,,missing_allocator
Windows.Win32.Media.Speech,ISpObjectTokenEnumBuilder,06b64f9f-7fda-11d2-b4f2-00c04f797396,true,standard_derived,
Windows.Win32.Media.Speech,ISpObjectTokenInit,b8aab0cf-346f-49d8-9499-c8b03f161d51,false,,external_pointee_storage
Windows.Win32.Media.Speech,ISpObjectWithToken,5b559f40-e952-11d2-bb91-00c04f8ee6c0,true,standard_derived,
Windows.Win32.Media.Speech,ISpPhoneConverter,8445c581-0cac-4a38-abfe-9b2ce2826455,false,,safe_projection_incomplete
Windows.Win32.Media.Speech,ISpPhoneticAlphabetConverter,133adcd4-19b4-4020-9fdc-842e78253b17,true,standard_derived,
Windows.Win32.Media.Speech,ISpPhoneticAlphabetSelection,b2745efd-42ce-48ca-81f1-a96e02538a90,true,standard_derived,
Windows.Win32.Media.Speech,ISpPhrase,1a5c0354-b621-4b5a-8791-d306ed379e53,false,,missing_allocator
Windows.Win32.Media.Speech,ISpPhrase2,f264da52-e457-4696-b856-a737b717af79,false,,missing_allocator
Windows.Win32.Media.Speech,ISpPhraseAlt,8fcebc98-4e49-4067-9c6c-d86a0e092e3d,false,,missing_allocator
Windows.Win32.Media.Speech,ISpPhraseBuilder,88a3342a-0bed-4834-922b-88d43173162f,false,,external_pointee_storage
Windows.Win32.Media.Speech,ISpPrivateEngineCallEx,defd682a-fe0a-42b9-bfa1-56d3d6cecfaf,false,,external_pointee_storage
Windows.Win32.Media.Speech,ISpProperties,5b4fb971-b115-4de1-ad97-e482e3bf6ee4,false,,missing_allocator
Windows.Win32.Media.Speech,ISpRecoContext,f740a62f-7c15-489e-8234-940a33d9272d,false,,incomplete_pointee_layout_for_storage
Windows.Win32.Media.Speech,ISpRecoContext2,bead311c-52ff-437f-9464-6b21054ca73d,true,standard_derived,
Windows.Win32.Media.Speech,ISpRecoGrammar,2177db29-7f45-47d0-8554-067e91c80502,false,,external_pointee_storage
Windows.Win32.Media.Speech,ISpRecoGrammar2,4b37bc9e-9ed6-44a3-93d3-18f022b79ec3,false,,missing_allocator
Windows.Win32.Media.Speech,ISpRecoResult,20b053be-e235-43cd-9a2a-8d17a48b7842,false,,external_pointee_storage
Windows.Win32.Media.Speech,ISpRecoResult2,27cac6c4-88f2-41f2-8817-0c95e59f1e6e,false,,external_pointee_storage
Windows.Win32.Media.Speech,ISpRecognizer,c2b5f241-daa0-4507-9e16-5a1eaa2b7a5c,false,,external_pointee_storage
Windows.Win32.Media.Speech,ISpRecognizer2,8fc6d974-c81e-4098-93c5-0147f61ed4d3,true,standard_derived,
Windows.Win32.Media.Speech,ISpRegDataKey,92a66e2b-c830-4149-83df-6fc2ba1e7a5b,false,,missing_allocator
Windows.Win32.Media.Speech,ISpResourceManager,93384e18-5014-43d5-adbb-a78e055926bd,false,,missing_allocator
Windows.Win32.Media.Speech,ISpSRAlternates,fece8294-2be1-408f-8e68-2de377092f0e,false,,external_pointee_storage
Windows.Win32.Media.Speech,ISpSRAlternates2,f338f437-cb33-4020-9cab-c71ff9ce12d3,false,,external_pointee_storage
Windows.Win32.Media.Speech,ISpSREngine,2f472991-854b-4465-b613-fbafb3ad8ed8,false,,external_pointee_storage
Windows.Win32.Media.Speech,ISpSREngine2,7ba627d8-33f9-4375-90c5-9985aee5ede5,false,,external_pointee_storage
Windows.Win32.Media.Speech,ISpSREngineSite,3b414aec-720c-4883-b9ef-178cd394fb3a,false,,external_pointee_storage
Windows.Win32.Media.Speech,ISpSREngineSite2,7bc6e012-684a-493e-bdd4-2bf5fbf48cfe,false,,incomplete_pointee_layout_for_storage
Windows.Win32.Media.Speech,ISpSerializeState,21b501a0-0ec7-46c9-92c3-a2bc784c54b9,false,,missing_allocator
Windows.Win32.Media.Speech,ISpShortcut,3df681e2-ea56-11d9-8bde-f66bad1e3f3a,false,,external_pointee_storage
Windows.Win32.Media.Speech,ISpStream,12e3cca9-7518-44c5-a5e7-ba5a79cb929e,false,,external_pointee_storage
Windows.Win32.Media.Speech,ISpStreamFormat,bed530be-2606-4f4d-a1c0-54c5cda5566f,false,,external_pointee_storage
Windows.Win32.Media.Speech,ISpStreamFormatConverter,678a932c-ea71-4446-9b41-78fda6280a29,false,,external_pointee_storage
Windows.Win32.Media.Speech,ISpTTSEngine,a74d7c8e-4cc5-4f2f-a6eb-804dee18500e,false,,external_pointee_storage
Windows.Win32.Media.Speech,ISpTTSEngineSite,9880499b-cce9-11d2-b503-00c04f797396,false,,external_pointee_storage
Windows.Win32.Media.Speech,ISpTaskManager,2baeef81-2ca3-4331-98f3-26ec5abefb03,false,,missing_interface_iid
Windows.Win32.Media.Speech,ISpThreadControl,a6be4d73-4403-4358-b22d-0346e23b1764,false,,missing_handle_ownership
Windows.Win32.Media.Speech,ISpTokenUI,f8e690f0-39cb-4843-b8d7-c84696e1119d,true,standard_derived,
Windows.Win32.Media.Speech,ISpTranscript,10f63bce-201a-11d3-ac70-00c04f8ee6c0,false,,missing_allocator
Windows.Win32.Media.Speech,ISpVoice,6c44df74-72b9-4992-a1ec-ef996e0422d4,false,,incomplete_pointee_layout_for_storage
Windows.Win32.Media.Speech,ISpXMLRecoResult,ae39362b-45a8-4074-9b9e-ccf49aa2d0b6,false,,external_pointee_storage
Windows.Win32.Media.Speech,ISpeechAudio,cff8e175-019e-11d3-a08e-00c04f8ef9b5,true,standard_derived,
Windows.Win32.Media.Speech,ISpeechAudioBufferInfo,11b103d8-1142-4edf-a093-82fb3915f8cc,true,standard_derived,
Windows.Win32.Media.Speech,ISpeechAudioFormat,e6e9c590-3e18-40e3-8299-061f98bde7c7,true,standard_derived,
Windows.Win32.Media.Speech,ISpeechAudioStatus,c62d9c91-7458-47f6-862d-1ef86fb0b278,true,standard_derived,
Windows.Win32.Media.Speech,ISpeechBaseStream,6450336f-7d49-4ced-8097-49d6dee37294,true,standard_derived,
Windows.Win32.Media.Speech,ISpeechCustomStream,1a9e9f4f-104f-4db8-a115-efd7fd0c97ae,true,standard_derived,
Windows.Win32.Media.Speech,ISpeechDataKey,ce17c09b-4efa-44d5-a4c9-59d9585ab0cd,true,standard_derived,
Windows.Win32.Media.Speech,ISpeechFileStream,af67f125-ab39-4e93-b4a2-cc2e66e182a7,true,standard_derived,
Windows.Win32.Media.Speech,ISpeechGrammarRule,afe719cf-5dd1-44f2-999c-7a399f1cfccc,true,standard_derived,
Windows.Win32.Media.Speech,ISpeechGrammarRuleState,d4286f2c-ee67-45ae-b928-28d695362eda,true,standard_derived,
Windows.Win32.Media.Speech,ISpeechGrammarRuleStateTransition,cafd1db1-41d1-4a06-9863-e2e81da17a9a,true,standard_derived,
Windows.Win32.Media.Speech,ISpeechGrammarRuleStateTransitions,eabce657-75bc-44a2-aa7f-c56476742963,true,standard_derived,
Windows.Win32.Media.Speech,ISpeechGrammarRules,6ffa3b44-fc2d-40d1-8afc-32911c7f1ad1,true,standard_derived,
Windows.Win32.Media.Speech,ISpeechLexicon,3da7627a-c7ae-4b23-8708-638c50362c25,true,standard_derived,
Windows.Win32.Media.Speech,ISpeechLexiconPronunciation,95252c5d-9e43-4f4a-9899-48ee73352f9f,true,standard_derived,
Windows.Win32.Media.Speech,ISpeechLexiconPronunciations,72829128-5682-4704-a0d4-3e2bb6f2ead3,true,standard_derived,
Windows.Win32.Media.Speech,ISpeechLexiconWord,4e5b933c-c9be-48ed-8842-1ee51bb1d4ff,true,standard_derived,
Windows.Win32.Media.Speech,ISpeechLexiconWords,8d199862-415e-47d5-ac4f-faa608b424e6,true,standard_derived,
Windows.Win32.Media.Speech,ISpeechMMSysAudio,3c76af6d-1fd7-4831-81d1-3b71d5a13c44,true,standard_derived,
Windows.Win32.Media.Speech,ISpeechMemoryStream,eeb14b68-808b-4abe-a5ea-b51da7588008,true,standard_derived,
Windows.Win32.Media.Speech,ISpeechObjectToken,c74a3adc-b727-4500-a84a-b526721c8b8c,true,standard_derived,
Windows.Win32.Media.Speech,ISpeechObjectTokenCategory,ca7eac50-2d01-4145-86d4-5ae7d70f4469,true,standard_derived,
Windows.Win32.Media.Speech,ISpeechObjectTokens,9285b776-2e7b-4bc0-b53e-580eb6fa967f,true,standard_derived,
Windows.Win32.Media.Speech,ISpeechPhoneConverter,c3e4f353-433f-43d6-89a1-6a62a7054c3d,true,standard_derived,
Windows.Win32.Media.Speech,ISpeechPhraseAlternate,27864a2a-2b9f-4cb8-92d3-0d2722fd1e73,true,standard_derived,
Windows.Win32.Media.Speech,ISpeechPhraseAlternates,b238b6d5-f276-4c3d-a6c1-2974801c3cc2,true,standard_derived,
Windows.Win32.Media.Speech,ISpeechPhraseElement,e6176f96-e373-4801-b223-3b62c068c0b4,true,standard_derived,
Windows.Win32.Media.Speech,ISpeechPhraseElements,0626b328-3478-467d-a0b3-d0853b93dda3,true,standard_derived,
Windows.Win32.Media.Speech,ISpeechPhraseInfo,961559cf-4e67-4662-8bf0-d93f1fcd61b3,true,standard_derived,
Windows.Win32.Media.Speech,ISpeechPhraseInfoBuilder,3b151836-df3a-4e0a-846c-d2adc9334333,true,standard_derived,
Windows.Win32.Media.Speech,ISpeechPhraseProperties,08166b47-102e-4b23-a599-bdb98dbfd1f4,true,standard_derived,
Windows.Win32.Media.Speech,ISpeechPhraseProperty,ce563d48-961e-4732-a2e1-378a42b430be,true,standard_derived,
Windows.Win32.Media.Speech,ISpeechPhraseReplacement,2890a410-53a7-4fb5-94ec-06d4998e3d02,true,standard_derived,
Windows.Win32.Media.Speech,ISpeechPhraseReplacements,38bc662f-2257-4525-959e-2069d2596c05,true,standard_derived,
Windows.Win32.Media.Speech,ISpeechPhraseRule,a7bfe112-a4a0-48d9-b602-c313843f6964,true,standard_derived,
Windows.Win32.Media.Speech,ISpeechPhraseRules,9047d593-01dd-4b72-81a3-e4a0ca69f407,true,standard_derived,
Windows.Win32.Media.Speech,ISpeechRecoContext,580aa49d-7e1e-4809-b8e2-57da806104b8,true,standard_derived,
Windows.Win32.Media.Speech,ISpeechRecoGrammar,b6d6f79f-2158-4e50-b5bc-9a9ccd852a09,true,standard_derived,
Windows.Win32.Media.Speech,ISpeechRecoResult,ed2879cf-ced9-4ee6-a534-de0191d5468d,true,standard_derived,
Windows.Win32.Media.Speech,ISpeechRecoResult2,8e0a246d-d3c8-45de-8657-04290c458c3c,true,standard_derived,
Windows.Win32.Media.Speech,ISpeechRecoResultDispatch,6d60eb64-aced-40a6-bbf3-4e557f71dee2,true,standard_derived,
Windows.Win32.Media.Speech,ISpeechRecoResultTimes,62b3b8fb-f6e7-41be-bdcb-056b1c29efc0,true,standard_derived,
Windows.Win32.Media.Speech,ISpeechRecognizer,2d5f1c0c-bd75-4b08-9478-3b11fea2586c,true,standard_derived,
Windows.Win32.Media.Speech,ISpeechRecognizerStatus,bff9e781-53ec-484e-bb8a-0e1b5551e35c,true,standard_derived,
Windows.Win32.Media.Speech,ISpeechResourceLoader,b9ac5783-fcd0-4b21-b119-b4f8da8fd2c3,true,standard_derived,
Windows.Win32.Media.Speech,ISpeechTextSelectionInformation,3b9c7e7a-6eee-4ded-9092-11657279adbe,true,standard_derived,
Windows.Win32.Media.Speech,ISpeechVoice,269316d8-57bd-11d2-9eee-00c04f797396,true,standard_derived,
Windows.Win32.Media.Speech,ISpeechVoiceStatus,8be47b07-57f6-11d2-9eee-00c04f797396,true,standard_derived,
Windows.Win32.Media.Speech,ISpeechWaveFormatEx,7a1ef0d5-1581-4741-88e4-209a49f11a10,true,standard_derived,
Windows.Win32.Media.Speech,ISpeechXMLRecoResult,aaec54af-8f85-4924-944d-b79d39d72e19,true,standard_derived,
Windows.Win32.Media.Speech,_ISpPrivateEngineCall,8e7c791e-4467-11d3-9723-00c04f72db08,false,,external_pointee_storage
Windows.Win32.Media.Speech,_ISpeechRecoContextEvents,7b8fcb42-0e9d-4f00-a048-7b04d6179d3d,true,standard_derived,
Windows.Win32.Media.Speech,_ISpeechVoiceEvents,a372acd1-3bef-4bbd-8ffb-cb3e2b416af8,true,standard_derived,
Windows.Win32.Media.WindowsMediaFormat,INSNetSourceCreator,0c0e4080-9081-11d2-beec-0060082f2054,false,,safe_projection_incomplete
Windows.Win32.Media.WindowsMediaFormat,INSSBuffer,e1cd3524-03d7-11d2-9eed-006097d2d7cf,false,,missing_allocator
Windows.Win32.Media.WindowsMediaFormat,INSSBuffer2,4f528693-1035-43fe-b428-757561ad3a68,false,,missing_allocator
Windows.Win32.Media.WindowsMediaFormat,INSSBuffer3,c87ceaaf-75be-4bc4-84eb-ac2798507672,false,,external_pointee_storage
Windows.Win32.Media.WindowsMediaFormat,INSSBuffer4,b6b8fd5a-32e2-49d4-a910-c26cc85465ed,false,,external_pointee_storage
Windows.Win32.Media.WindowsMediaFormat,IWMAddressAccess,bb3c6389-1633-4e92-af14-9f3173ba39d0,true,standard_derived,
Windows.Win32.Media.WindowsMediaFormat,IWMAddressAccess2,65a83fc2-3e98-4d4d-81b5-2a742886b33d,true,standard_derived,
Windows.Win32.Media.WindowsMediaFormat,IWMAuthorizer,d9b67d36-a9ad-4eb4-baef-db284ef5504c,false,,missing_allocator
Windows.Win32.Media.WindowsMediaFormat,IWMBackupRestoreProps,3c8e0da6-996f-4ff3-a1af-4838f9377e2e,false,,safe_projection_incomplete
Windows.Win32.Media.WindowsMediaFormat,IWMBandwidthSharing,ad694af1-f8d9-42f8-bc47-70311b0c4f9e,true,standard_derived,
Windows.Win32.Media.WindowsMediaFormat,IWMClientConnections,73c66010-a299-41df-b1f0-ccf03b09c1c6,true,standard_derived,
Windows.Win32.Media.WindowsMediaFormat,IWMClientConnections2,4091571e-4701-4593-bb3d-d5f5f0c74246,false,,safe_projection_incomplete
Windows.Win32.Media.WindowsMediaFormat,IWMCodecInfo,a970f41e-34de-4a98-b3ba-e4b3ca7528f0,true,standard_derived,
Windows.Win32.Media.WindowsMediaFormat,IWMCodecInfo2,aa65e273-b686-4056-91ec-dd768d4df710,false,,safe_projection_incomplete
Windows.Win32.Media.WindowsMediaFormat,IWMCodecInfo3,7e51f487-4d93-4f98-8ab4-27d0565adc51,false,,safe_projection_incomplete
Windows.Win32.Media.WindowsMediaFormat,IWMCredentialCallback,342e0eb7-e651-450c-975b-2ace2c90c48e,false,,safe_projection_incomplete
Windows.Win32.Media.WindowsMediaFormat,IWMDRMEditor,ff130ebc-a6c3-42a6-b401-c3382c3e08b3,true,standard_derived,
Windows.Win32.Media.WindowsMediaFormat,IWMDRMMessageParser,a73a0072-25a0-4c99-b4a5-ede8101a6c39,true,standard_derived,
Windows.Win32.Media.WindowsMediaFormat,IWMDRMReader,d2827540-3ee7-432c-b14c-dc17f085d3b3,true,standard_derived,
Windows.Win32.Media.WindowsMediaFormat,IWMDRMReader2,befe7a75-9f1d-4075-b9d9-a3c37bda49a0,false,,safe_projection_incomplete
Windows.Win32.Media.WindowsMediaFormat,IWMDRMReader3,e08672de-f1e7-4ff4-a0a3-fc4b08e4caf8,false,,missing_allocator
Windows.Win32.Media.WindowsMediaFormat,IWMDRMTranscryptionManager,b1a887b2-a4f0-407a-b02e-efbd23bbecdf,true,standard_derived,
Windows.Win32.Media.WindowsMediaFormat,IWMDRMTranscryptor,69059850-6e6f-4bb2-806f-71863ddfc471,true,standard_derived,
Windows.Win32.Media.WindowsMediaFormat,IWMDRMTranscryptor2,e0da439f-d331-496a-bece-18e5bac5dd23,true,standard_derived,
Windows.Win32.Media.WindowsMediaFormat,IWMDRMWriter,d6ea5dd0-12a0-43f4-90ab-a3fd451e6a07,false,,safe_projection_incomplete
Windows.Win32.Media.WindowsMediaFormat,IWMDRMWriter2,38ee7a94-40e2-4e10-aa3f-33fd3210ed5b,false,,safe_projection_incomplete
Windows.Win32.Media.WindowsMediaFormat,IWMDRMWriter3,a7184082-a4aa-4dde-ac9c-e75dbd1117ce,false,,nested_pointer_lifetime
Windows.Win32.Media.WindowsMediaFormat,IWMDeviceRegistration,f6211f03-8d21-4e94-93e6-8510805f2d99,true,standard_derived,
Windows.Win32.Media.WindowsMediaFormat,IWMGetSecureChannel,94bc0598-c3d2-11d3-bedf-00c04f612986,true,standard_derived,
Windows.Win32.Media.WindowsMediaFormat,IWMHeaderInfo,96406bda-2b2b-11d3-b36b-00c04f6108ff,false,,safe_projection_incomplete
Windows.Win32.Media.WindowsMediaFormat,IWMHeaderInfo2,15cf9781-454e-482e-b393-85fae487a810,false,,safe_projection_incomplete
Windows.Win32.Media.WindowsMediaFormat,IWMHeaderInfo3,15cc68e3-27cc-4ecd-b222-3f5d02d80bd5,false,,safe_projection_incomplete
Windows.Win32.Media.WindowsMediaFormat,IWMIStreamProps,6816dad3-2b4b-4c8e-8149-874c3483a753,true,standard_derived,
Windows.Win32.Media.WindowsMediaFormat,IWMImageInfo,9f0aa3b6-7267-4d89-88f2-ba915aa5c4c6,false,,safe_projection_incomplete
Windows.Win32.Media.WindowsMediaFormat,IWMIndexer,6d7cdc71-9888-11d3-8edc-00c04f6109cf,true,standard_derived,
Windows.Win32.Media.WindowsMediaFormat,IWMIndexer2,b70f1e42-6255-4df0-a6b9-02b212d9e2bb,true,standard_derived,
Windows.Win32.Media.WindowsMediaFormat,IWMInputMediaProps,96406bd5-2b2b-11d3-b36b-00c04f6108ff,false,,incomplete_pointee_layout_for_storage
Windows.Win32.Media.WindowsMediaFormat,IWMLanguageList,df683f00-2d49-4d8e-92b7-fb19f6a0dc57,false,,safe_projection_incomplete
Windows.Win32.Media.WindowsMediaFormat,IWMLicenseBackup,05e5ac9f-3fb6-4508-bb43-a4067ba1ebe8,true,standard_derived,
Windows.Win32.Media.WindowsMediaFormat,IWMLicenseRestore,c70b6334-a22e-4efb-a245-15e65a004a13,true,standard_derived,
Windows.Win32.Media.WindowsMediaFormat,IWMLicenseRevocationAgent,6967f2c9-4e26-4b57-8894-799880f7ac7b,true,standard_derived,
Windows.Win32.Media.WindowsMediaFormat,IWMMediaProps,96406bce-2b2b-11d3-b36b-00c04f6108ff,false,,incomplete_pointee_layout_for_storage
Windows.Win32.Media.WindowsMediaFormat,IWMMetadataEditor,96406bd9-2b2b-11d3-b36b-00c04f6108ff,true,standard_derived,
Windows.Win32.Media.WindowsMediaFormat,IWMMetadataEditor2,203cffe3-2e18-4fdf-b59d-6e71530534cf,true,standard_derived,
Windows.Win32.Media.WindowsMediaFormat,IWMMutualExclusion,96406bde-2b2b-11d3-b36b-00c04f6108ff,true,standard_derived,
Windows.Win32.Media.WindowsMediaFormat,IWMMutualExclusion2,0302b57d-89d1-4ba2-85c9-166f2c53eb91,false,,safe_projection_incomplete
Windows.Win32.Media.WindowsMediaFormat,IWMOutputMediaProps,96406bd7-2b2b-11d3-b36b-00c04f6108ff,false,,incomplete_pointee_layout_for_storage
Windows.Win32.Media.WindowsMediaFormat,IWMPacketSize,cdfb97ab-188f-40b3-b643-5b7903975c59,true,standard_derived,
Windows.Win32.Media.WindowsMediaFormat,IWMPacketSize2,8bfc2b9e-b646-4233-a877-1c6a079669dc,true,standard_derived,
Windows.Win32.Media.WindowsMediaFormat,IWMPlayerHook,e5b7ca9a-0f1c-4f66-9002-74ec50d8b304,true,standard_derived,
Windows.Win32.Media.WindowsMediaFormat,IWMPlayerTimestampHook,28580dda-d98e-48d0-b7ae-69e473a02825,true,standard_derived,
Windows.Win32.Media.WindowsMediaFormat,IWMProfile,96406bdb-2b2b-11d3-b36b-00c04f6108ff,false,,safe_projection_incomplete
Windows.Win32.Media.WindowsMediaFormat,IWMProfile2,07e72d33-d94e-4be7-8843-60ae5ff7e5f5,false,,safe_projection_incomplete
Windows.Win32.Media.WindowsMediaFormat,IWMProfile3,00ef96cc-a461-4546-8bcd-c9a28f0e06f5,false,,safe_projection_incomplete
Windows.Win32.Media.WindowsMediaFormat,IWMProfileManager,d16679f2-6ca0-472d-8d31-2f5d55aee155,true,standard_derived,
Windows.Win32.Media.WindowsMediaFormat,IWMProfileManager2,7a924e51-73c1-494d-8019-23d37ed9b89a,true,standard_derived,
Windows.Win32.Media.WindowsMediaFormat,IWMProfileManagerLanguage,ba4dcc78-7ee0-4ab8-b27a-dbce8bc51454,true,standard_derived,
Windows.Win32.Media.WindowsMediaFormat,IWMPropertyVault,72995a79-5090-42a4-9c8c-d9d0b6d34be5,false,,safe_projection_incomplete
Windows.Win32.Media.WindowsMediaFormat,IWMProximityDetection,6a9fd8ee-b651-4bf0-b849-7d4ece79a2b1,true,standard_derived,
Windows.Win32.Media.WindowsMediaFormat,IWMReader,96406bd6-2b2b-11d3-b36b-00c04f6108ff,true,standard_derived,
Windows.Win32.Media.WindowsMediaFormat,IWMReaderAccelerator,bddc4d08-944d-4d52-a612-46c3fda07dd4,false,,external_pointee_storage
Windows.Win32.Media.WindowsMediaFormat,IWMReaderAdvanced,96406bea-2b2b-11d3-b36b-00c04f6108ff,true,standard_derived,
Windows.Win32.Media.WindowsMediaFormat,IWMReaderAdvanced2,ae14a945-b90c-4d0d-9127-80d665f7d73e,false,,external_pointee_storage
Windows.Win32.Media.WindowsMediaFormat,IWMReaderAdvanced3,5dc0674b-f04b-4a4e-9f2a-b1afde2c8100,false,,external_pointee_storage
Windows.Win32.Media.WindowsMediaFormat,IWMReaderAdvanced4,945a76a2-12ae-4d48-bd3c-cd1d90399b85,false,,external_pointee_storage
Windows.Win32.Media.WindowsMediaFormat,IWMReaderAdvanced5,24c44db0-55d1-49ae-a5cc-f13815e36363,false,,external_pointee_storage
Windows.Win32.Media.WindowsMediaFormat,IWMReaderAdvanced6,18a2e7f8-428f-4acd-8a00-e64639bc93de,false,,external_pointee_storage
Windows.Win32.Media.WindowsMediaFormat,IWMReaderAllocatorEx,9f762fa7-a22e-428d-93c9-ac82f3aafe5a,true,standard_derived,
Windows.Win32.Media.WindowsMediaFormat,IWMReaderCallback,96406bd8-2b2b-11d3-b36b-00c04f6108ff,true,standard_derived,
Windows.Win32.Media.WindowsMediaFormat,IWMReaderCallbackAdvanced,96406beb-2b2b-11d3-b36b-00c04f6108ff,false,,external_pointee_storage
Windows.Win32.Media.WindowsMediaFormat,IWMReaderNetworkConfig,96406bec-2b2b-11d3-b36b-00c04f6108ff,false,,safe_projection_incomplete
Windows.Win32.Media.WindowsMediaFormat,IWMReaderNetworkConfig2,d979a853-042b-4050-8387-c939db22013f,false,,safe_projection_incomplete
Windows.Win32.Media.WindowsMediaFormat,IWMReaderPlaylistBurn,f28c0300-9baa-4477-a846-1744d9cbf533,true,standard_derived,
Windows.Win32.Media.WindowsMediaFormat,IWMReaderStreamClock,96406bed-2b2b-11d3-b36b-00c04f6108ff,true,standard_derived,
Windows.Win32.Media.WindowsMediaFormat,IWMReaderTimecode,f369e2f0-e081-4fe6-8450-b810b2f410d1,true,standard_derived,
Windows.Win32.Media.WindowsMediaFormat,IWMReaderTypeNegotiation,fdbe5592-81a1-41ea-93bd-735cad1adc05,true,standard_derived,
Windows.Win32.Media.WindowsMediaFormat,IWMRegisterCallback,cf4b1f99-4de2-4e49-a363-252740d99bc1,true,standard_derived,
Windows.Win32.Media.WindowsMediaFormat,IWMRegisteredDevice,a4503bec-5508-4148-97ac-bfa75760a70d,true,standard_derived,
Windows.Win32.Media.WindowsMediaFormat,IWMSBufferAllocator,61103ca4-2033-11d2-9ef1-006097d2d7cf,true,standard_derived,
Windows.Win32.Media.WindowsMediaFormat,IWMSInternalAdminNetSource,8bb23e5f-d127-4afb-8d02-ae5b66d54c78,true,standard_derived,
Windows.Win32.Media.WindowsMediaFormat,IWMSInternalAdminNetSource2,e74d58c3-cf77-4b51-af17-744687c43eae,true,standard_derived,
Windows.Win32.Media.WindowsMediaFormat,IWMSInternalAdminNetSource3,6b63d08e-4590-44af-9eb3-57ff1e73bf80,true,standard_derived,
Windows.Win32.Media.WindowsMediaFormat,IWMSecureChannel,2720598a-d0f2-4189-bd10-91c46ef0936f,false,,missing_allocator
Windows.Win32.Media.WindowsMediaFormat,IWMStatusCallback,6d7cdc70-9888-11d3-8edc-00c04f6109cf,true,standard_derived,
Windows.Win32.Media.WindowsMediaFormat,IWMStreamConfig,96406bdc-2b2b-11d3-b36b-00c04f6108ff,false,,safe_projection_incomplete
Windows.Win32.Media.WindowsMediaFormat,IWMStreamConfig2,7688d8cb-fc0d-43bd-9459-5a8dec200cfa,false,,safe_projection_incomplete
Windows.Win32.Media.WindowsMediaFormat,IWMStreamConfig3,cb164104-3aa9-45a7-9ac9-4daee131d6e1,false,,safe_projection_incomplete
Windows.Win32.Media.WindowsMediaFormat,IWMStreamList,96406bdd-2b2b-11d3-b36b-00c04f6108ff,true,standard_derived,
Windows.Win32.Media.WindowsMediaFormat,IWMStreamPrioritization,8c1c6090-f9a8-4748-8ec3-dd1108ba1e77,false,,incomplete_pointee_layout_for_storage
Windows.Win32.Media.WindowsMediaFormat,IWMSyncReader,9397f121-7705-4dc9-b049-98b698188414,true,standard_derived,
Windows.Win32.Media.WindowsMediaFormat,IWMSyncReader2,faed3d21-1b6b-4af7-8cb6-3e189bbc187b,false,,external_pointee_storage
Windows.Win32.Media.WindowsMediaFormat,IWMVideoMediaProps,96406bcf-2b2b-11d3-b36b-00c04f6108ff,false,,incomplete_pointee_layout_for_storage
Windows.Win32.Media.WindowsMediaFormat,IWMWatermarkInfo,6f497062-f2e2-4624-8ea7-9dd40d81fc8d,false,,safe_projection_incomplete
Windows.Win32.Media.WindowsMediaFormat,IWMWriter,96406bd4-2b2b-11d3-b36b-00c04f6108ff,true,standard_derived,
Windows.Win32.Media.WindowsMediaFormat,IWMWriterAdvanced,96406be3-2b2b-11d3-b36b-00c04f6108ff,true,standard_derived,
Windows.Win32.Media.WindowsMediaFormat,IWMWriterAdvanced2,962dc1ec-c046-4db8-9cc7-26ceae500817,true,standard_derived,
Windows.Win32.Media.WindowsMediaFormat,IWMWriterAdvanced3,2cd6492d-7c37-4e76-9d3b-59261183a22e,true,standard_derived,
Windows.Win32.Media.WindowsMediaFormat,IWMWriterFileSink,96406be5-2b2b-11d3-b36b-00c04f6108ff,true,standard_derived,
Windows.Win32.Media.WindowsMediaFormat,IWMWriterFileSink2,14282ba7-4aef-4205-8ce5-c229035a05bc,true,standard_derived,
Windows.Win32.Media.WindowsMediaFormat,IWMWriterFileSink3,3fea4feb-2945-47a7-a1dd-c53a8fc4c45c,false,,external_pointee_storage
Windows.Win32.Media.WindowsMediaFormat,IWMWriterNetworkSink,96406be7-2b2b-11d3-b36b-00c04f6108ff,false,,safe_projection_incomplete
Windows.Win32.Media.WindowsMediaFormat,IWMWriterPostView,81e20ce4-75ef-491a-8004-fc53c45bdc3e,false,,external_pointee_storage
Windows.Win32.Media.WindowsMediaFormat,IWMWriterPostViewCallback,d9d6549d-a193-4f24-b308-03123d9b7f8d,true,standard_derived,
Windows.Win32.Media.WindowsMediaFormat,IWMWriterPreprocess,fc54a285-38c4-45b5-aa23-85b9f7cb424b,true,standard_derived,
Windows.Win32.Media.WindowsMediaFormat,IWMWriterPushSink,dc10e6a5-072c-467d-bf57-6330a9dde12a,true,standard_derived,
Windows.Win32.Media.WindowsMediaFormat,IWMWriterSink,96406be4-2b2b-11d3-b36b-00c04f6108ff,true,standard_derived,
Windows.Win32.NetworkManagement.MobileBroadband,IDummyMBNUCMExt,dcbbbab6-ffff-4bbb-aaee-338e368af6fa,true,standard_derived,
Windows.Win32.NetworkManagement.MobileBroadband,IMbnConnection,dcbbbab6-200d-4bbb-aaee-338e368af6fa,true,standard_derived,
Windows.Win32.NetworkManagement.MobileBroadband,IMbnConnectionContext,dcbbbab6-200b-4bbb-aaee-338e368af6fa,false,,safe_projection_incomplete
Windows.Win32.NetworkManagement.MobileBroadband,IMbnConnectionContextEvents,dcbbbab6-200c-4bbb-aaee-338e368af6fa,true,standard_derived,
Windows.Win32.NetworkManagement.MobileBroadband,IMbnConnectionEvents,dcbbbab6-200e-4bbb-aaee-338e368af6fa,true,standard_derived,
Windows.Win32.NetworkManagement.MobileBroadband,IMbnConnectionManager,dcbbbab6-201d-4bbb-aaee-338e368af6fa,true,exact_registry_dependent,
Windows.Win32.NetworkManagement.MobileBroadband,IMbnConnectionManagerEvents,dcbbbab6-201e-4bbb-aaee-338e368af6fa,true,standard_derived,
Windows.Win32.NetworkManagement.MobileBroadband,IMbnConnectionProfile,dcbbbab6-2010-4bbb-aaee-338e368af6fa,true,standard_derived,
Windows.Win32.NetworkManagement.MobileBroadband,IMbnConnectionProfileEvents,dcbbbab6-2011-4bbb-aaee-338e368af6fa,true,standard_derived,
Windows.Win32.NetworkManagement.MobileBroadband,IMbnConnectionProfileManager,dcbbbab6-200f-4bbb-aaee-338e368af6fa,true,exact_registry_dependent,
Windows.Win32.NetworkManagement.MobileBroadband,IMbnConnectionProfileManagerEvents,dcbbbab6-201f-4bbb-aaee-338e368af6fa,true,standard_derived,
Windows.Win32.NetworkManagement.MobileBroadband,IMbnDeviceService,b3bb9a71-dc70-4be9-a4da-7886ae8b191b,true,exact_registry_dependent,
Windows.Win32.NetworkManagement.MobileBroadband,IMbnDeviceServiceStateEvents,5d3ff196-89ee-49d8-8b60-33ffddffc58d,true,standard_derived,
Windows.Win32.NetworkManagement.MobileBroadband,IMbnDeviceServicesContext,fc5ac347-1592-4068-80bb-6a57580150d8,false,,safe_projection_incomplete
Windows.Win32.NetworkManagement.MobileBroadband,IMbnDeviceServicesEvents,0a900c19-6824-4e97-b76e-cf239d0ca642,true,exact_registry_dependent,
Windows.Win32.NetworkManagement.MobileBroadband,IMbnDeviceServicesManager,20a26258-6811-4478-ac1d-13324e45e41c,true,standard_derived,
Windows.Win32.NetworkManagement.MobileBroadband,IMbnInterface,dcbbbab6-2001-4bbb-aaee-338e368af6fa,false,,safe_projection_incomplete
Windows.Win32.NetworkManagement.MobileBroadband,IMbnInterfaceEvents,dcbbbab6-2002-4bbb-aaee-338e368af6fa,true,standard_derived,
Windows.Win32.NetworkManagement.MobileBroadband,IMbnInterfaceManager,dcbbbab6-201b-4bbb-aaee-338e368af6fa,true,exact_registry_dependent,
Windows.Win32.NetworkManagement.MobileBroadband,IMbnInterfaceManagerEvents,dcbbbab6-201c-4bbb-aaee-338e368af6fa,true,standard_derived,
Windows.Win32.NetworkManagement.MobileBroadband,IMbnMultiCarrier,dcbbbab6-2020-4bbb-aaee-338e368af6fa,false,,safe_projection_incomplete
Windows.Win32.NetworkManagement.MobileBroadband,IMbnMultiCarrierEvents,dcdddab6-2021-4bbb-aaee-338e368af6fa,true,standard_derived,
Windows.Win32.NetworkManagement.MobileBroadband,IMbnPin,dcbbbab6-2007-4bbb-aaee-338e368af6fa,true,standard_derived,
Windows.Win32.NetworkManagement.MobileBroadband,IMbnPinEvents,dcbbbab6-2008-4bbb-aaee-338e368af6fa,true,standard_derived,
Windows.Win32.NetworkManagement.MobileBroadband,IMbnPinManager,dcbbbab6-2005-4bbb-aaee-338e368af6fa,true,exact_registry_dependent,
Windows.Win32.NetworkManagement.MobileBroadband,IMbnPinManagerEvents,dcbbbab6-2006-4bbb-aaee-338e368af6fa,true,standard_derived,
Windows.Win32.NetworkManagement.MobileBroadband,IMbnRadio,dccccab6-201f-4bbb-aaee-338e368af6fa,true,standard_derived,
Windows.Win32.NetworkManagement.MobileBroadband,IMbnRadioEvents,dcdddab6-201f-4bbb-aaee-338e368af6fa,true,standard_derived,
Windows.Win32.NetworkManagement.MobileBroadband,IMbnRegistration,dcbbbab6-2009-4bbb-aaee-338e368af6fa,true,standard_derived,
Windows.Win32.NetworkManagement.MobileBroadband,IMbnRegistrationEvents,dcbbbab6-200a-4bbb-aaee-338e368af6fa,true,standard_derived,
Windows.Win32.NetworkManagement.MobileBroadband,IMbnServiceActivation,dcbbbab6-2017-4bbb-aaee-338e368af6fa,true,exact_registry_dependent,
Windows.Win32.NetworkManagement.MobileBroadband,IMbnServiceActivationEvents,dcbbbab6-2018-4bbb-aaee-338e368af6fa,true,exact_registry_dependent,
Windows.Win32.NetworkManagement.MobileBroadband,IMbnSignal,dcbbbab6-2003-4bbb-aaee-338e368af6fa,true,standard_derived,
Windows.Win32.NetworkManagement.MobileBroadband,IMbnSignalEvents,dcbbbab6-2004-4bbb-aaee-338e368af6fa,true,standard_derived,
Windows.Win32.NetworkManagement.MobileBroadband,IMbnSms,dcbbbab6-2015-4bbb-aaee-338e368af6fa,true,exact_registry_dependent,
Windows.Win32.NetworkManagement.MobileBroadband,IMbnSmsConfiguration,dcbbbab6-2012-4bbb-aaee-338e368af6fa,true,standard_derived,
Windows.Win32.NetworkManagement.MobileBroadband,IMbnSmsEvents,dcbbbab6-2016-4bbb-aaee-338e368af6fa,true,exact_registry_dependent,
Windows.Win32.NetworkManagement.MobileBroadband,IMbnSmsReadMsgPdu,dcbbbab6-2013-4bbb-aaee-338e368af6fa,true,exact_registry_dependent,
Windows.Win32.NetworkManagement.MobileBroadband,IMbnSmsReadMsgTextCdma,dcbbbab6-2014-4bbb-aaee-338e368af6fa,true,exact_registry_dependent,
Windows.Win32.NetworkManagement.MobileBroadband,IMbnSubscriberInformation,459ecc43-bcf5-11dc-a8a8-001321f1405f,true,exact_registry_dependent,
Windows.Win32.NetworkManagement.MobileBroadband,IMbnVendorSpecificEvents,dcbbbab6-201a-4bbb-aaee-338e368af6fa,true,exact_registry_dependent,
Windows.Win32.NetworkManagement.MobileBroadband,IMbnVendorSpecificOperation,dcbbbab6-2019-4bbb-aaee-338e368af6fa,true,exact_registry_dependent,
Windows.Win32.NetworkManagement.NetManagement,IEnumNetCfgBindingInterface,c0e8ae90-306e-11d1-aacf-00805fc1270e,true,standard_derived,
Windows.Win32.NetworkManagement.NetManagement,IEnumNetCfgBindingPath,c0e8ae91-306e-11d1-aacf-00805fc1270e,true,standard_derived,
Windows.Win32.NetworkManagement.NetManagement,IEnumNetCfgComponent,c0e8ae92-306e-11d1-aacf-00805fc1270e,true,standard_derived,
Windows.Win32.NetworkManagement.NetManagement,INetCfg,c0e8ae93-306e-11d1-aacf-00805fc1270e,false,,external_pointee_storage
Windows.Win32.NetworkManagement.NetManagement,INetCfgBindingInterface,c0e8ae94-306e-11d1-aacf-00805fc1270e,false,,missing_allocator
Windows.Win32.NetworkManagement.NetManagement,INetCfgBindingPath,c0e8ae96-306e-11d1-aacf-00805fc1270e,false,,missing_allocator
Windows.Win32.NetworkManagement.NetManagement,INetCfgClass,c0e8ae97-306e-11d1-aacf-00805fc1270e,true,standard_derived,
Windows.Win32.NetworkManagement.NetManagement,INetCfgClassSetup,c0e8ae9d-306e-11d1-aacf-00805fc1270e,false,,external_pointee_storage
Windows.Win32.NetworkManagement.NetManagement,INetCfgClassSetup2,c0e8aea0-306e-11d1-aacf-00805fc1270e,false,,external_pointee_storage
Windows.Win32.NetworkManagement.NetManagement,INetCfgComponent,c0e8ae99-306e-11d1-aacf-00805fc1270e,false,,missing_allocator
Windows.Win32.NetworkManagement.NetManagement,INetCfgComponentBindings,c0e8ae9e-306e-11d1-aacf-00805fc1270e,true,standard_derived,
Windows.Win32.NetworkManagement.NetManagement,INetCfgComponentControl,932238df-bea1-11d0-9298-00c04fc99dcf,true,standard_derived,
Windows.Win32.NetworkManagement.NetManagement,INetCfgComponentNotifyBinding,932238e1-bea1-11d0-9298-00c04fc99dcf,true,standard_derived,
Windows.Win32.NetworkManagement.NetManagement,INetCfgComponentNotifyGlobal,932238e2-bea1-11d0-9298-00c04fc99dcf,true,standard_derived,
Windows.Win32.NetworkManagement.NetManagement,INetCfgComponentPropertyUi,932238e0-bea1-11d0-9298-00c04fc99dcf,false,,missing_allocator
Windows.Win32.NetworkManagement.NetManagement,INetCfgComponentSetup,932238e3-bea1-11d0-9298-00c04fc99dcf,true,standard_derived,
Windows.Win32.NetworkManagement.NetManagement,INetCfgComponentSysPrep,c0e8ae9a-306e-11d1-aacf-00805fc1270e,true,standard_derived,
Windows.Win32.NetworkManagement.NetManagement,INetCfgComponentUpperEdge,932238e4-bea1-11d0-9298-00c04fc99dcf,false,,missing_allocator
Windows.Win32.NetworkManagement.NetManagement,INetCfgLock,c0e8ae9f-306e-11d1-aacf-00805fc1270e,false,,missing_allocator
Windows.Win32.NetworkManagement.NetManagement,INetCfgPnpReconfigCallback,8d84bd35-e227-11d2-b700-00a0c98a6a85,true,standard_derived,
Windows.Win32.NetworkManagement.NetManagement,INetCfgSysPrep,c0e8ae98-306e-11d1-aacf-00805fc1270e,true,standard_derived,
Windows.Win32.NetworkManagement.NetManagement,INetLanConnectionUiInfo,c08956a6-1cd3-11d1-b1c5-00805fc1270e,true,standard_derived,
Windows.Win32.NetworkManagement.NetManagement,INetRasConnectionIpUiInfo,faedcf58-31fe-11d1-aad2-00805fc1270e,true,standard_derived,
Windows.Win32.NetworkManagement.NetManagement,IProvisioningDomain,c96fbd50-24dd-11d8-89fb-00904b2ea9c6,true,standard_derived,
Windows.Win32.NetworkManagement.NetManagement,IProvisioningProfileWireless,c96fbd51-24dd-11d8-89fb-00904b2ea9c6,true,standard_derived,
Windows.Win32.NetworkManagement.NetworkDiagnosticsFramework,INetDiagExtensibleHelper,c0b35748-ebf5-11d8-bbe9-505054503030,false,,external_pointee_storage
Windows.Win32.NetworkManagement.NetworkDiagnosticsFramework,INetDiagHelper,c0b35746-ebf5-11d8-bbe9-505054503030,false,,external_pointee_storage
Windows.Win32.NetworkManagement.NetworkDiagnosticsFramework,INetDiagHelperEx,972dab4d-e4e3-4fc6-ae54-5f65ccde4a15,false,,missing_allocator
Windows.Win32.NetworkManagement.NetworkDiagnosticsFramework,INetDiagHelperInfo,c0b35747-ebf5-11d8-bbe9-505054503030,false,,missing_allocator
Windows.Win32.NetworkManagement.NetworkDiagnosticsFramework,INetDiagHelperUtilFactory,104613fb-bc57-4178-95ba-88809698354a,true,standard_derived,
Windows.Win32.NetworkManagement.NetworkPolicyServer,ISdo,56bc53de-96db-11d1-bf3f-000000000000,true,standard_derived,
Windows.Win32.NetworkManagement.NetworkPolicyServer,ISdoCollection,56bc53e2-96db-11d1-bf3f-000000000000,false,,missing_interface_replacement_contract
Windows.Win32.NetworkManagement.NetworkPolicyServer,ISdoDictionaryOld,d432e5f4-53d8-11d2-9a3a-00c04fb998ac,false,,safe_projection_incomplete
Windows.Win32.NetworkManagement.NetworkPolicyServer,ISdoMachine,479f6e75-49a2-11d2-8eca-00c04fc2f519,true,standard_derived,
Windows.Win32.NetworkManagement.NetworkPolicyServer,ISdoMachine2,518e5ffe-d8ce-4f7e-a5db-b40a35419d3b,false,,missing_interface_replacement_contract
Windows.Win32.NetworkManagement.NetworkPolicyServer,ISdoServiceControl,479f6e74-49a2-11d2-8eca-00c04fc2f519,true,standard_derived,
Windows.Win32.NetworkManagement.NetworkPolicyServer,ITemplateSdo,8aa85302-d2e2-4e20-8b1f-a571e437d6c9,false,,missing_interface_replacement_contract
Windows.Win32.NetworkManagement.WiFi,IDot11AdHocInterface,8f10cc2b-cf0d-42a0-acbe-e2de7007384d,false,,missing_allocator
Windows.Win32.NetworkManagement.WiFi,IDot11AdHocInterfaceNotificationSink,8f10cc2f-cf0d-42a0-acbe-e2de7007384d,true,standard_derived,
Windows.Win32.NetworkManagement.WiFi,IDot11AdHocManager,8f10cc26-cf0d-42a0-acbe-e2de7007384d,true,standard_derived,
Windows.Win32.NetworkManagement.WiFi,IDot11AdHocManagerNotificationSink,8f10cc27-cf0d-42a0-acbe-e2de7007384d,true,standard_derived,
Windows.Win32.NetworkManagement.WiFi,IDot11AdHocNetwork,8f10cc29-cf0d-42a0-acbe-e2de7007384d,false,,missing_allocator
Windows.Win32.NetworkManagement.WiFi,IDot11AdHocNetworkNotificationSink,8f10cc2a-cf0d-42a0-acbe-e2de7007384d,true,standard_derived,
Windows.Win32.NetworkManagement.WiFi,IDot11AdHocSecuritySettings,8f10cc2e-cf0d-42a0-acbe-e2de7007384d,true,standard_derived,
Windows.Win32.NetworkManagement.WiFi,IEnumDot11AdHocInterfaces,8f10cc2c-cf0d-42a0-acbe-e2de7007384d,true,exact_registry_dependent,
Windows.Win32.NetworkManagement.WiFi,IEnumDot11AdHocNetworks,8f10cc28-cf0d-42a0-acbe-e2de7007384d,true,exact_registry_dependent,
Windows.Win32.NetworkManagement.WiFi,IEnumDot11AdHocSecuritySettings,8f10cc2d-cf0d-42a0-acbe-e2de7007384d,true,exact_registry_dependent,
Windows.Win32.NetworkManagement.WindowsConnectNow,IWCNConnectNotify,c100be9f-d33a-4a4b-bf23-bbef4663d017,true,standard_derived,
Windows.Win32.NetworkManagement.WindowsConnectNow,IWCNDevice,c100be9c-d33a-4a4b-bf23-bbef4663d017,false,,safe_projection_incomplete
Windows.Win32.NetworkManagement.WindowsFirewall,IDynamicPortMapping,4fc80282-23b6-4378-9a27-cd8f17c9400c,true,standard_derived,
Windows.Win32.NetworkManagement.WindowsFirewall,IDynamicPortMappingCollection,b60de00f-156e-4e8d-9ec1-3a2342c10899,true,standard_derived,
Windows.Win32.NetworkManagement.WindowsFirewall,IEnumNetConnection,c08956a0-1cd3-11d1-b1c5-00805fc1270e,true,standard_derived,
Windows.Win32.NetworkManagement.WindowsFirewall,IEnumNetSharingEveryConnection,c08956b8-1cd3-11d1-b1c5-00805fc1270e,true,exact_registry_dependent,
Windows.Win32.NetworkManagement.WindowsFirewall,IEnumNetSharingPortMapping,c08956b0-1cd3-11d1-b1c5-00805fc1270e,true,exact_registry_dependent,
Windows.Win32.NetworkManagement.WindowsFirewall,IEnumNetSharingPrivateConnection,c08956b5-1cd3-11d1-b1c5-00805fc1270e,true,exact_registry_dependent,
Windows.Win32.NetworkManagement.WindowsFirewall,IEnumNetSharingPublicConnection,c08956b4-1cd3-11d1-b1c5-00805fc1270e,true,exact_registry_dependent,
Windows.Win32.NetworkManagement.WindowsFirewall,INATEventManager,624bd588-9060-4109-b0b0-1adbbcac32df,true,standard_derived,
Windows.Win32.NetworkManagement.WindowsFirewall,INATExternalIPAddressCallback,9c416740-a34e-446f-ba06-abd04c3149ae,true,standard_derived,
Windows.Win32.NetworkManagement.WindowsFirewall,INATNumberOfEntriesCallback,c83a0a74-91ee-41b6-b67a-67e0f00bbd78,true,standard_derived,
Windows.Win32.NetworkManagement.WindowsFirewall,INetConnection,c08956a1-1cd3-11d1-b1c5-00805fc1270e,false,,missing_allocator
Windows.Win32.NetworkManagement.WindowsFirewall,INetConnectionConnectUi,c08956a3-1cd3-11d1-b1c5-00805fc1270e,true,standard_derived,
Windows.Win32.NetworkManagement.WindowsFirewall,INetConnectionManager,c08956a2-1cd3-11d1-b1c5-00805fc1270e,true,standard_derived,
Windows.Win32.NetworkManagement.WindowsFirewall,INetConnectionProps,f4277c95-ce5b-463d-8167-5662d9bcaa72,true,standard_derived,
Windows.Win32.NetworkManagement.WindowsFirewall,INetFwAuthorizedApplication,b5e64ffa-c2c5-444e-a301-fb5e00018050,true,standard_derived,
Windows.Win32.NetworkManagement.WindowsFirewall,INetFwAuthorizedApplications,644efd52-ccf9-486c-97a2-39f352570b30,true,standard_derived,
Windows.Win32.NetworkManagement.WindowsFirewall,INetFwIcmpSettings,a6207b2e-7cdd-426a-951e-5e1cbc5afead,true,standard_derived,
Windows.Win32.NetworkManagement.WindowsFirewall,INetFwMgr,f7898af5-cac4-4632-a2ec-da06e5111af2,true,standard_derived,
Windows.Win32.NetworkManagement.WindowsFirewall,INetFwOpenPort,e0483ba0-47ff-4d9c-a6d6-7741d0b195f7,true,standard_derived,
Windows.Win32.NetworkManagement.WindowsFirewall,INetFwOpenPorts,c0e9d7fa-e07e-430a-b19a-090ce82d92e2,true,standard_derived,
Windows.Win32.NetworkManagement.WindowsFirewall,INetFwPolicy,d46d2478-9ac9-4008-9dc7-5563ce5536cc,true,standard_derived,
Windows.Win32.NetworkManagement.WindowsFirewall,INetFwPolicy2,98325047-c671-4174-8d81-defcd3f03186,true,standard_derived,
Windows.Win32.NetworkManagement.WindowsFirewall,INetFwProduct,71881699-18f4-458b-b892-3ffce5e07f75,true,standard_derived,
Windows.Win32.NetworkManagement.WindowsFirewall,INetFwProducts,39eb36e0-2097-40bd-8af2-63a13b525362,true,standard_derived,
Windows.Win32.NetworkManagement.WindowsFirewall,INetFwProfile,174a0dda-e9f9-449d-993b-21ab667ca456,true,standard_derived,
Windows.Win32.NetworkManagement.WindowsFirewall,INetFwRemoteAdminSettings,d4becddf-6f73-4a83-b832-9c66874cd20e,true,standard_derived,
Windows.Win32.NetworkManagement.WindowsFirewall,INetFwRule,af230d27-baba-4e42-aced-f524f22cfce2,true,standard_derived,
Windows.Win32.NetworkManagement.WindowsFirewall,INetFwRule2,9c27c8da-189b-4dde-89f7-8b39a316782c,true,standard_derived,
Windows.Win32.NetworkManagement.WindowsFirewall,INetFwRule3,b21563ff-d696-4222-ab46-4e89b73ab34a,true,standard_derived,
Windows.Win32.NetworkManagement.WindowsFirewall,INetFwRules,9c4c6277-5027-441e-afae-ca1f542da009,true,standard_derived,
Windows.Win32.NetworkManagement.WindowsFirewall,INetFwService,79fd57c8-908e-4a36-9888-d5b3f0a444cf,true,standard_derived,
Windows.Win32.NetworkManagement.WindowsFirewall,INetFwServiceRestriction,8267bbe3-f890-491c-b7b6-2db1ef0e5d2b,true,standard_derived,
Windows.Win32.NetworkManagement.WindowsFirewall,INetFwServices,79649bb4-903e-421b-94c9-79848e79f6ee,true,standard_derived,
Windows.Win32.NetworkManagement.WindowsFirewall,INetSharingConfiguration,c08956b6-1cd3-11d1-b1c5-00805fc1270e,true,standard_derived,
Windows.Win32.NetworkManagement.WindowsFirewall,INetSharingEveryConnectionCollection,33c4643c-7811-46fa-a89a-768597bd7223,true,standard_derived,
Windows.Win32.NetworkManagement.WindowsFirewall,INetSharingManager,c08956b7-1cd3-11d1-b1c5-00805fc1270e,true,standard_derived,
Windows.Win32.NetworkManagement.WindowsFirewall,INetSharingPortMapping,c08956b1-1cd3-11d1-b1c5-00805fc1270e,true,standard_derived,
Windows.Win32.NetworkManagement.WindowsFirewall,INetSharingPortMappingCollection,02e4a2de-da20-4e34-89c8-ac22275a010b,true,standard_derived,
Windows.Win32.NetworkManagement.WindowsFirewall,INetSharingPortMappingProps,24b7e9b5-e38f-4685-851b-00892cf5f940,true,standard_derived,
Windows.Win32.NetworkManagement.WindowsFirewall,INetSharingPrivateConnectionCollection,38ae69e0-4409-402a-a2cb-e965c727f840,true,standard_derived,
Windows.Win32.NetworkManagement.WindowsFirewall,INetSharingPublicConnectionCollection,7d7a6355-f372-4971-a149-bfc927be762a,true,standard_derived,
Windows.Win32.NetworkManagement.WindowsFirewall,IStaticPortMapping,6f10711f-729b-41e5-93b8-f21d0f818df1,true,standard_derived,
Windows.Win32.NetworkManagement.WindowsFirewall,IStaticPortMappingCollection,cd1f3e77-66d6-4664-82c7-36dbb641d0f1,true,standard_derived,
Windows.Win32.NetworkManagement.WindowsFirewall,IUPnPNAT,b171c812-cc76-485a-94d8-b6b3a2794e99,true,standard_derived,
Windows.Win32.Networking.ActiveDirectory,IADs,fd8256d0-fd15-11ce-abc4-02608c9e7553,true,standard_derived,
Windows.Win32.Networking.ActiveDirectory,IADsADSystemInfo,5bb11929-afd1-11d2-9cb9-0000f87a369e,true,standard_derived,
Windows.Win32.Networking.ActiveDirectory,IADsAccessControlEntry,b4f3a14c-9bdd-11d0-852c-00c04fd8d503,true,standard_derived,
Windows.Win32.Networking.ActiveDirectory,IADsAccessControlList,b7ee91cc-9bdd-11d0-852c-00c04fd8d503,true,standard_derived,
Windows.Win32.Networking.ActiveDirectory,IADsAcl,8452d3ab-0869-11d1-a377-00c04fb950dc,true,standard_derived,
Windows.Win32.Networking.ActiveDirectory,IADsAggregatee,1346ce8c-9039-11d0-8528-00c04fd8d503,true,standard_derived,
Windows.Win32.Networking.ActiveDirectory,IADsAggregator,52db5fb0-941f-11d0-8529-00c04fd8d503,true,standard_derived,
Windows.Win32.Networking.ActiveDirectory,IADsBackLink,fd1302bd-4080-11d1-a3ac-00c04fb950dc,true,standard_derived,
Windows.Win32.Networking.ActiveDirectory,IADsCaseIgnoreList,7b66b533-4680-11d1-a3b4-00c04fb950dc,true,standard_derived,
Windows.Win32.Networking.ActiveDirectory,IADsClass,c8f93dd0-4ae0-11cf-9e73-00aa004a5691,true,standard_derived,
Windows.Win32.Networking.ActiveDirectory,IADsCollection,72b945e0-253b-11cf-a988-00aa006bc149,true,standard_derived,
Windows.Win32.Networking.ActiveDirectory,IADsComputer,efe3cc70-1d9f-11cf-b1f3-02608c9e7553,true,standard_derived,
Windows.Win32.Networking.ActiveDirectory,IADsComputerOperations,ef497680-1d9f-11cf-b1f3-02608c9e7553,true,standard_derived,
Windows.Win32.Networking.ActiveDirectory,IADsContainer,001677d0-fd16-11ce-abc4-02608c9e7553,true,standard_derived,
Windows.Win32.Networking.ActiveDirectory,IADsDNWithBinary,7e99c0a2-f935-11d2-ba96-00c04fb6d0d1,true,standard_derived,
Windows.Win32.Networking.ActiveDirectory,IADsDNWithString,370df02e-f934-11d2-ba96-00c04fb6d0d1,true,standard_derived,
Windows.Win32.Networking.ActiveDirectory,IADsDeleteOps,b2bd0902-8878-11d1-8c21-00c04fd8d503,true,standard_derived,
Windows.Win32.Networking.ActiveDirectory,IADsDomain,00e4c220-fd16-11ce-abc4-02608c9e7553,true,standard_derived,
Windows.Win32.Networking.ActiveDirectory,IADsEmail,97af011a-478e-11d1-a3b4-00c04fb950dc,true,standard_derived,
Windows.Win32.Networking.ActiveDirectory,IADsExtension,3d35553c-d2b0-11d1-b17b-0000f87593a0,true,standard_derived,
Windows.Win32.Networking.ActiveDirectory,IADsFaxNumber,a910dea9-4680-11d1-a3b4-00c04fb950dc,true,standard_derived,
Windows.Win32.Networking.ActiveDirectory,IADsFileService,a89d1900-31ca-11cf-a98a-00aa006bc149,true,standard_derived,
Windows.Win32.Networking.ActiveDirectory,IADsFileServiceOperations,a02ded10-31ca-11cf-a98a-00aa006bc149,true,standard_derived,
Windows.Win32.Networking.ActiveDirectory,IADsFileShare,eb6dcaf0-4b83-11cf-a995-00aa006bc149,true,standard_derived,
Windows.Win32.Networking.ActiveDirectory,IADsGroup,27636b00-410f-11cf-b1ff-02608c9e7553,true,standard_derived,
Windows.Win32.Networking.ActiveDirectory,IADsHold,b3eb3b37-4080-11d1-a3ac-00c04fb950dc,true,standard_derived,
Windows.Win32.Networking.ActiveDirectory,IADsLargeInteger,9068270b-0939-11d1-8be1-00c04fd8d503,true,standard_derived,
Windows.Win32.Networking.ActiveDirectory,IADsLocality,a05e03a2-effe-11cf-8abc-00c04fd8d503,true,standard_derived,
Windows.Win32.Networking.ActiveDirectory,IADsMembers,451a0030-72ec-11cf-b03b-00aa006e0975,true,standard_derived,
Windows.Win32.Networking.ActiveDirectory,IADsNameTranslate,b1b272a3-3625-11d1-a3a4-00c04fb950dc,true,standard_derived,
Windows.Win32.Networking.ActiveDirectory,IADsNamespaces,28b96ba0-b330-11cf-a9ad-00aa006bc149,true,standard_derived,
Windows.Win32.Networking.ActiveDirectory,IADsNetAddress,b21a50a9-4080-11d1-a3ac-00c04fb950dc,true,standard_derived,
Windows.Win32.Networking.ActiveDirectory,IADsO,a1cd2dc6-effe-11cf-8abc-00c04fd8d503,true,standard_derived,
Windows.Win32.Networking.ActiveDirectory,IADsOU,a2f733b8-effe-11cf-8abc-00c04fd8d503,true,standard_derived,
Windows.Win32.Networking.ActiveDirectory,IADsObjectOptions,46f14fda-232b-11d1-a808-00c04fd8d5a8,true,standard_derived,
Windows.Win32.Networking.ActiveDirectory,IADsOctetList,7b28b80f-4680-11d1-a3b4-00c04fb950dc,true,standard_derived,
Windows.Win32.Networking.ActiveDirectory,IADsOpenDSObject,ddf2891e-0f9c-11d0-8ad4-00c04fd8d503,true,standard_derived,
Windows.Win32.Networking.ActiveDirectory,IADsPath,b287fcd5-4080-11d1-a3ac-00c04fb950dc,true,standard_derived,
Windows.Win32.Networking.ActiveDirectory,IADsPathname,d592aed4-f420-11d0-a36e-00c04fb950dc,true,standard_derived,
Windows.Win32.Networking.ActiveDirectory,IADsPostalAddress,7adecf29-4680-11d1-a3b4-00c04fb950dc,true,standard_derived,
Windows.Win32.Networking.ActiveDirectory,IADsPrintJob,32fb6780-1ed0-11cf-a988-00aa006bc149,true,standard_derived,
Windows.Win32.Networking.ActiveDirectory,IADsPrintJobOperations,9a52db30-1ecf-11cf-a988-00aa006bc149,true,standard_derived,
Windows.Win32.Networking.ActiveDirectory,IADsPrintQueue,b15160d0-1226-11cf-a985-00aa006bc149,true,standard_derived,
Windows.Win32.Networking.ActiveDirectory,IADsPrintQueueOperations,124be5c0-156e-11cf-a986-00aa006bc149,true,standard_derived,
Windows.Win32.Networking.ActiveDirectory,IADsProperty,c8f93dd3-4ae0-11cf-9e73-00aa004a5691,true,standard_derived,
Windows.Win32.Networking.ActiveDirectory,IADsPropertyEntry,05792c8e-941f-11d0-8529-00c04fd8d503,true,standard_derived,
Windows.Win32.Networking.ActiveDirectory,IADsPropertyList,c6f602b6-8f69-11d0-8528-00c04fd8d503,true,standard_derived,
Windows.Win32.Networking.ActiveDirectory,IADsPropertyValue,79fa9ad0-a97c-11d0-8534-00c04fd8d503,true,standard_derived,
Windows.Win32.Networking.ActiveDirectory,IADsPropertyValue2,306e831c-5bc7-11d1-a3b8-00c04fb950dc,true,standard_derived,
Windows.Win32.Networking.ActiveDirectory,IADsReplicaPointer,f60fb803-4080-11d1-a3ac-00c04fb950dc,true,standard_derived,
Windows.Win32.Networking.ActiveDirectory,IADsResource,34a05b20-4aab-11cf-ae2c-00aa006ebfb9,true,standard_derived,
Windows.Win32.Networking.ActiveDirectory,IADsSecurityDescriptor,b8c787ca-9bdd-11d0-852c-00c04fd8d503,true,standard_derived,
Windows.Win32.Networking.ActiveDirectory,IADsSecurityUtility,a63251b2-5f21-474b-ab52-4a8efad10895,true,standard_derived,
Windows.Win32.Networking.ActiveDirectory,IADsService,68af66e0-31ca-11cf-a98a-00aa006bc149,true,standard_derived,
Windows.Win32.Networking.ActiveDirectory,IADsServiceOperations,5d7b33f0-31ca-11cf-a98a-00aa006bc149,true,standard_derived,
Windows.Win32.Networking.ActiveDirectory,IADsSession,398b7da0-4aab-11cf-ae2c-00aa006ebfb9,true,standard_derived,
Windows.Win32.Networking.ActiveDirectory,IADsSyntax,c8f93dd2-4ae0-11cf-9e73-00aa004a5691,true,standard_derived,
Windows.Win32.Networking.ActiveDirectory,IADsTimestamp,b2f5a901-4080-11d1-a3ac-00c04fb950dc,true,standard_derived,
Windows.Win32.Networking.ActiveDirectory,IADsTypedName,b371a349-4080-11d1-a3ac-00c04fb950dc,true,standard_derived,
Windows.Win32.Networking.ActiveDirectory,IADsUser,3e37e320-17e2-11cf-abc4-02608c9e7553,true,standard_derived,
Windows.Win32.Networking.ActiveDirectory,IADsWinNTSystemInfo,6c6d65dc-afd1-11d2-9cb9-0000f87a369e,true,standard_derived,
Windows.Win32.Networking.ActiveDirectory,ICommonQuery,ab50dec0-6f1d-11d0-a1c4-00aa00c16e65,false,,incomplete_pointee_layout_for_storage
Windows.Win32.Networking.ActiveDirectory,IDirectoryObject,e798de2c-22e4-11d0-84fe-00c04fd8d503,false,,external_pointee_storage
Windows.Win32.Networking.ActiveDirectory,IDirectorySchemaMgmt,75db3b9c-a4d8-11d0-a79c-00c04fd8d5a8,true,standard_derived,
Windows.Win32.Networking.ActiveDirectory,IDirectorySearch,109ba8ec-92f0-11d0-a790-00c04fd8d5a8,false,,external_pointee_storage
Windows.Win32.Networking.ActiveDirectory,IDsAdminCreateObj,53554a38-f902-11d2-82b9-00c04f68928b,true,standard_derived,
Windows.Win32.Networking.ActiveDirectory,IDsAdminNewObj,f2573587-e6fc-11d2-82af-00c04f68928b,true,standard_derived,
Windows.Win32.Networking.ActiveDirectory,IDsAdminNewObjExt,6088eae2-e7bf-11d2-82af-00c04f68928b,false,,safe_projection_incomplete
Windows.Win32.Networking.ActiveDirectory,IDsAdminNewObjPrimarySite,be2b487e-f904-11d2-82b9-00c04f68928b,true,standard_derived,
Windows.Win32.Networking.ActiveDirectory,IDsAdminNotifyHandler,e4a2b8b3-5a18-11d2-97c1-00a0c9a06d2d,true,standard_derived,
Windows.Win32.Networking.ActiveDirectory,IDsBrowseDomainTree,7cabcf1e-78f5-11d2-960c-00c04fa31a86,false,,external_pointee_storage
Windows.Win32.Networking.ActiveDirectory,IDsDisplaySpecifier,1ab4a8c0-6a0b-11d2-ad49-00c04fa31a86,false,,external_pointee_storage
Windows.Win32.Networking.ActiveDirectory,IDsObjectPicker,0c87e64e-3b7a-11d2-b9e0-00c04fd8dbf7,false,,nested_pointer_lifetime
Windows.Win32.Networking.ActiveDirectory,IDsObjectPickerCredentials,e2d3ec9b-d041-445a-8f16-4748de8fb1cf,false,,nested_pointer_lifetime
Windows.Win32.Networking.ActiveDirectory,IPersistQuery,1a3114b8-a62e-11d0-a6c5-00a0c906af45,false,,external_pointee_storage
Windows.Win32.Networking.ActiveDirectory,IPrivateDispatch,86ab4bbe-65f6-11d1-8c13-00c04fd8d503,true,standard_derived,
Windows.Win32.Networking.ActiveDirectory,IPrivateUnknown,89126bab-6ead-11d1-8c18-00c04fd8d503,true,standard_derived,
Windows.Win32.Networking.ActiveDirectory,IQueryForm,8cfcee30-39bd-11d0-b8d1-00a024ab2dbb,false,,safe_projection_incomplete
Windows.Win32.Networking.BackgroundIntelligentTransferService,AsyncIBackgroundCopyCallback,ca29d251-b4bb-4679-a3d9-ae8006119d54,true,standard_derived,
Windows.Win32.Networking.BackgroundIntelligentTransferService,IBITSExtensionSetup,29cfbbf7-09e4-4b97-b0bc-f2287e3d8eb3,true,standard_derived,
Windows.Win32.Networking.BackgroundIntelligentTransferService,IBITSExtensionSetupFactory,d5d2d542-5503-4e64-8b48-72ef91a32ee1,true,standard_derived,
Windows.Win32.Networking.BackgroundIntelligentTransferService,IBackgroundCopyCallback,97ea99c7-0186-4ad4-8df9-c5b4e0ed6b22,true,standard_derived,
Windows.Win32.Networking.BackgroundIntelligentTransferService,IBackgroundCopyCallback1,084f6593-3800-4e08-9b59-99fa59addf82,true,standard_derived,
Windows.Win32.Networking.BackgroundIntelligentTransferService,IBackgroundCopyCallback2,659cdeac-489e-11d9-a9cd-000d56965251,true,standard_derived,
Windows.Win32.Networking.BackgroundIntelligentTransferService,IBackgroundCopyCallback3,98c97bd2-e32b-4ad8-a528-95fd8b16bd42,true,standard_derived,
Windows.Win32.Networking.BackgroundIntelligentTransferService,IBackgroundCopyError,19c613a0-fcb8-4f28-81ae-897c3d078f81,false,,missing_allocator
Windows.Win32.Networking.BackgroundIntelligentTransferService,IBackgroundCopyFile,01b7bd23-fb88-4a77-8490-5891d3e4653a,false,,missing_allocator
Windows.Win32.Networking.BackgroundIntelligentTransferService,IBackgroundCopyFile2,83e81b93-0873-474d-8a8c-f2018b1a939c,false,,missing_allocator
Windows.Win32.Networking.BackgroundIntelligentTransferService,IBackgroundCopyFile3,659cdeaa-489e-11d9-a9cd-000d56965251,false,,missing_allocator
Windows.Win32.Networking.BackgroundIntelligentTransferService,IBackgroundCopyFile4,ef7e0655-7888-4960-b0e5-730846e03492,false,,missing_allocator
Windows.Win32.Networking.BackgroundIntelligentTransferService,IBackgroundCopyFile5,85c1657f-dafc-40e8-8834-df18ea25717e,false,,incomplete_pointee_layout_for_storage
Windows.Win32.Networking.BackgroundIntelligentTransferService,IBackgroundCopyFile6,cf6784f7-d677-49fd-9368-cb47aee9d1ad,false,,incomplete_pointee_layout_for_storage
Windows.Win32.Networking.BackgroundIntelligentTransferService,IBackgroundCopyGroup,1ded80a7-53ea-424f-8a04-17fea9adc4f5,true,standard_derived,
Windows.Win32.Networking.BackgroundIntelligentTransferService,IBackgroundCopyJob,37668d37-507e-4160-9316-26306d150b12,true,standard_derived,
Windows.Win32.Networking.BackgroundIntelligentTransferService,IBackgroundCopyJob1,59f5553c-2031-4629-bb18-2645a6970947,false,,safe_projection_incomplete
Windows.Win32.Networking.BackgroundIntelligentTransferService,IBackgroundCopyJob2,54b50739-686f-45eb-9dff-d6a9a0faa9af,false,,external_pointee_storage
Windows.Win32.Networking.BackgroundIntelligentTransferService,IBackgroundCopyJob3,443c8934-90ff-48ed-bcde-26f5c7450042,false,,external_pointee_storage
Windows.Win32.Networking.BackgroundIntelligentTransferService,IBackgroundCopyJob4,659cdeae-489e-11d9-a9cd-000d56965251,false,,external_pointee_storage
Windows.Win32.Networking.BackgroundIntelligentTransferService,IBackgroundCopyJob5,e847030c-bbba-4657-af6d-484aa42bf1fe,false,,incomplete_pointee_layout_for_storage
Windows.Win32.Networking.BackgroundIntelligentTransferService,IBackgroundCopyJobHttpOptions,f1bd1079-9f01-4bdc-8036-f09b70095066,false,,missing_allocator
Windows.Win32.Networking.BackgroundIntelligentTransferService,IBackgroundCopyJobHttpOptions2,b591a192-a405-4fc3-8323-4c5c542578fc,false,,missing_allocator
Windows.Win32.Networking.BackgroundIntelligentTransferService,IBackgroundCopyJobHttpOptions3,8a9263d3-fd4c-4eda-9b28-30132a4d4e3c,false,,missing_allocator
Windows.Win32.Networking.BackgroundIntelligentTransferService,IBackgroundCopyManager,5ce34c0d-0dc9-4c1f-897c-daa1b78cee7c,true,standard_derived,
Windows.Win32.Networking.BackgroundIntelligentTransferService,IBackgroundCopyQMgr,16f41c69-09f5-41d2-8cd8-3c08c47bc8a8,true,standard_derived,
Windows.Win32.Networking.BackgroundIntelligentTransferService,IBackgroundCopyServerCertificateValidationCallback,4cec0d02-def7-4158-813a-c32a46945ff7,true,standard_derived,
Windows.Win32.Networking.BackgroundIntelligentTransferService,IBitsPeer,659cdea2-489e-11d9-a9cd-000d56965251,false,,missing_allocator
Windows.Win32.Networking.BackgroundIntelligentTransferService,IBitsPeerCacheAdministration,659cdead-489e-11d9-a9cd-000d56965251,true,standard_derived,
Windows.Win32.Networking.BackgroundIntelligentTransferService,IBitsPeerCacheRecord,659cdeaf-489e-11d9-a9cd-000d56965251,false,,missing_allocator
Windows.Win32.Networking.BackgroundIntelligentTransferService,IBitsTokenOptions,9a2584c3-f7d2-457a-9a5e-22b67bffc7d2,false,,missing_allocator
Windows.Win32.Networking.BackgroundIntelligentTransferService,IEnumBackgroundCopyFiles,ca51e165-c365-424c-8d41-24aaa4ff3c40,true,exact_registry_dependent,
Windows.Win32.Networking.BackgroundIntelligentTransferService,IEnumBackgroundCopyGroups,d993e603-4aa4-47c5-8665-c20d39c2ba4f,true,exact_registry_dependent,
Windows.Win32.Networking.BackgroundIntelligentTransferService,IEnumBackgroundCopyJobs,1af4f612-3b71-466f-8f58-7b6f73ac57ad,true,exact_registry_dependent,
Windows.Win32.Networking.BackgroundIntelligentTransferService,IEnumBackgroundCopyJobs1,8baeba9d-8f1c-42c4-b82c-09ae79980d25,true,exact_registry_dependent,
Windows.Win32.Networking.BackgroundIntelligentTransferService,IEnumBitsPeerCacheRecords,659cdea4-489e-11d9-a9cd-000d56965251,true,exact_registry_dependent,
Windows.Win32.Networking.BackgroundIntelligentTransferService,IEnumBitsPeers,659cdea5-489e-11d9-a9cd-000d56965251,true,exact_registry_dependent,
Windows.Win32.Networking.Clustering,IGetClusterDataInfo,97dede51-fc6b-11cf-b5f5-00a0c90ab505,false,,safe_projection_incomplete
Windows.Win32.Networking.Clustering,IGetClusterGroupInfo,97dede54-fc6b-11cf-b5f5-00a0c90ab505,true,standard_derived,
Windows.Win32.Networking.Clustering,IGetClusterNetInterfaceInfo,97dede57-fc6b-11cf-b5f5-00a0c90ab505,true,standard_derived,
Windows.Win32.Networking.Clustering,IGetClusterNetworkInfo,97dede56-fc6b-11cf-b5f5-00a0c90ab505,true,standard_derived,
Windows.Win32.Networking.Clustering,IGetClusterNodeInfo,97dede53-fc6b-11cf-b5f5-00a0c90ab505,true,standard_derived,
Windows.Win32.Networking.Clustering,IGetClusterObjectInfo,97dede52-fc6b-11cf-b5f5-00a0c90ab505,false,,safe_projection_incomplete
Windows.Win32.Networking.Clustering,IGetClusterResourceInfo,97dede55-fc6b-11cf-b5f5-00a0c90ab505,false,,safe_projection_incomplete
Windows.Win32.Networking.Clustering,IGetClusterUIInfo,97dede50-fc6b-11cf-b5f5-00a0c90ab505,false,,missing_handle_ownership
Windows.Win32.Networking.Clustering,ISClusApplication,f2e606e6-2631-11d1-89f1-00a0c90d061e,true,standard_derived,
Windows.Win32.Networking.Clustering,ISClusCryptoKeys,f2e6072c-2631-11d1-89f1-00a0c90d061e,true,standard_derived,
Windows.Win32.Networking.Clustering,ISClusDisk,f2e60724-2631-11d1-89f1-00a0c90d061e,true,standard_derived,
Windows.Win32.Networking.Clustering,ISClusDisks,f2e60726-2631-11d1-89f1-00a0c90d061e,true,standard_derived,
Windows.Win32.Networking.Clustering,ISClusNetInterface,f2e606ee-2631-11d1-89f1-00a0c90d061e,true,standard_derived,
Windows.Win32.Networking.Clustering,ISClusNetInterfaces,f2e606f0-2631-11d1-89f1-00a0c90d061e,true,standard_derived,
Windows.Win32.Networking.Clustering,ISClusNetwork,f2e606f2-2631-11d1-89f1-00a0c90d061e,true,standard_derived,
Windows.Win32.Networking.Clustering,ISClusNetworkNetInterfaces,f2e606f6-2631-11d1-89f1-00a0c90d061e,true,standard_derived,
Windows.Win32.Networking.Clustering,ISClusNetworks,f2e606f4-2631-11d1-89f1-00a0c90d061e,true,standard_derived,
Windows.Win32.Networking.Clustering,ISClusNode,f2e606f8-2631-11d1-89f1-00a0c90d061e,true,standard_derived,
Windows.Win32.Networking.Clustering,ISClusNodeNetInterfaces,f2e606fc-2631-11d1-89f1-00a0c90d061e,true,standard_derived,
Windows.Win32.Networking.Clustering,ISClusNodes,f2e606fa-2631-11d1-89f1-00a0c90d061e,true,standard_derived,
Windows.Win32.Networking.Clustering,ISClusPartition,f2e60720-2631-11d1-89f1-00a0c90d061e,true,standard_derived,
Windows.Win32.Networking.Clustering,ISClusPartitionEx,8802d4fe-b32e-4ad1-9dbd-64f18e1166ce,true,standard_derived,
Windows.Win32.Networking.Clustering,ISClusPartitions,f2e60722-2631-11d1-89f1-00a0c90d061e,true,standard_derived,
Windows.Win32.Networking.Clustering,ISClusProperties,f2e60700-2631-11d1-89f1-00a0c90d061e,true,standard_derived,
Windows.Win32.Networking.Clustering,ISClusProperty,f2e606fe-2631-11d1-89f1-00a0c90d061e,true,standard_derived,
Windows.Win32.Networking.Clustering,ISClusPropertyValue,f2e6071a-2631-11d1-89f1-00a0c90d061e,true,standard_derived,
Windows.Win32.Networking.Clustering,ISClusPropertyValueData,f2e6071e-2631-11d1-89f1-00a0c90d061e,true,standard_derived,
Windows.Win32.Networking.Clustering,ISClusPropertyValues,f2e6071c-2631-11d1-89f1-00a0c90d061e,true,standard_derived,
Windows.Win32.Networking.Clustering,ISClusRefObject,f2e60702-2631-11d1-89f1-00a0c90d061e,true,standard_derived,
Windows.Win32.Networking.Clustering,ISClusRegistryKeys,f2e6072a-2631-11d1-89f1-00a0c90d061e,true,standard_derived,
Windows.Win32.Networking.Clustering,ISClusResDependencies,f2e60704-2631-11d1-89f1-00a0c90d061e,true,standard_derived,
Windows.Win32.Networking.Clustering,ISClusResDependents,f2e6072e-2631-11d1-89f1-00a0c90d061e,true,standard_derived,
Windows.Win32.Networking.Clustering,ISClusResGroup,f2e60706-2631-11d1-89f1-00a0c90d061e,true,standard_derived,
Windows.Win32.Networking.Clustering,ISClusResGroupPreferredOwnerNodes,f2e606e8-2631-11d1-89f1-00a0c90d061e,true,standard_derived,
Windows.Win32.Networking.Clustering,ISClusResGroupResources,f2e606ea-2631-11d1-89f1-00a0c90d061e,true,standard_derived,
Windows.Win32.Networking.Clustering,ISClusResGroups,f2e60708-2631-11d1-89f1-00a0c90d061e,true,standard_derived,
Windows.Win32.Networking.Clustering,ISClusResPossibleOwnerNodes,f2e6070e-2631-11d1-89f1-00a0c90d061e,true,standard_derived,
Windows.Win32.Networking.Clustering,ISClusResType,f2e60710-2631-11d1-89f1-00a0c90d061e,true,standard_derived,
Windows.Win32.Networking.Clustering,ISClusResTypePossibleOwnerNodes,f2e60718-2631-11d1-89f1-00a0c90d061e,true,standard_derived,
Windows.Win32.Networking.Clustering,ISClusResTypeResources,f2e60714-2631-11d1-89f1-00a0c90d061e,true,standard_derived,
Windows.Win32.Networking.Clustering,ISClusResTypes,f2e60712-2631-11d1-89f1-00a0c90d061e,true,standard_derived,
Windows.Win32.Networking.Clustering,ISClusResource,f2e6070a-2631-11d1-89f1-00a0c90d061e,true,standard_derived,
Windows.Win32.Networking.Clustering,ISClusResources,f2e6070c-2631-11d1-89f1-00a0c90d061e,true,standard_derived,
Windows.Win32.Networking.Clustering,ISClusScsiAddress,f2e60728-2631-11d1-89f1-00a0c90d061e,true,standard_derived,
Windows.Win32.Networking.Clustering,ISClusVersion,f2e60716-2631-11d1-89f1-00a0c90d061e,true,standard_derived,
Windows.Win32.Networking.Clustering,ISCluster,f2e606e4-2631-11d1-89f1-00a0c90d061e,true,standard_derived,
Windows.Win32.Networking.Clustering,ISClusterNames,f2e606ec-2631-11d1-89f1-00a0c90d061e,true,standard_derived,
Windows.Win32.Networking.Clustering,ISDomainNames,f2e606e2-2631-11d1-89f1-00a0c90d061e,true,standard_derived,
Windows.Win32.Networking.Clustering,IWCContextMenuCallback,97dede64-fc6b-11cf-b5f5-00a0c90ab505,true,standard_derived,
Windows.Win32.Networking.Clustering,IWCPropertySheetCallback,97dede60-fc6b-11cf-b5f5-00a0c90ab505,true,standard_derived,
Windows.Win32.Networking.Clustering,IWCWizard97Callback,97dede67-fc6b-11cf-b5f5-00a0c90ab505,true,standard_derived,
Windows.Win32.Networking.Clustering,IWCWizardCallback,97dede62-fc6b-11cf-b5f5-00a0c90ab505,true,standard_derived,
Windows.Win32.Networking.Clustering,IWEExtendContextMenu,97dede65-fc6b-11cf-b5f5-00a0c90ab505,true,standard_derived,
Windows.Win32.Networking.Clustering,IWEExtendPropertySheet,97dede61-fc6b-11cf-b5f5-00a0c90ab505,true,standard_derived,
Windows.Win32.Networking.Clustering,IWEExtendWizard,97dede63-fc6b-11cf-b5f5-00a0c90ab505,true,standard_derived,
Windows.Win32.Networking.Clustering,IWEExtendWizard97,97dede68-fc6b-11cf-b5f5-00a0c90ab505,true,standard_derived,
Windows.Win32.Networking.Clustering,IWEInvokeCommand,97dede66-fc6b-11cf-b5f5-00a0c90ab505,true,standard_derived,
Windows.Win32.Networking.DeliveryOptimization,IDODownload,fbbd7fc0-c147-4727-a38d-827ef071ee77,false,,external_pointee_storage
Windows.Win32.Networking.DeliveryOptimization,IDODownloadStatusCallback,d166e8e3-a90e-4392-8e87-05e996d3747d,true,standard_derived,
Windows.Win32.Networking.DeliveryOptimization,IDOManager,400e2d4a-1431-4c1a-a748-39ca472cfdb1,true,standard_derived,
Windows.Win32.Networking.NetworkListManager,IEnumNetworkConnections,dcb00006-570f-4a9b-8d69-199fdba5723b,false,,safe_projection_incomplete
Windows.Win32.Networking.NetworkListManager,IEnumNetworks,dcb00003-570f-4a9b-8d69-199fdba5723b,false,,safe_projection_incomplete
Windows.Win32.Networking.NetworkListManager,INetwork,dcb00002-570f-4a9b-8d69-199fdba5723b,true,standard_derived,
Windows.Win32.Networking.NetworkListManager,INetwork2,b5550abb-3391-4310-804f-25dcc325ed81,true,standard_derived,
Windows.Win32.Networking.NetworkListManager,INetworkConnection,dcb00005-570f-4a9b-8d69-199fdba5723b,true,standard_derived,
Windows.Win32.Networking.NetworkListManager,INetworkConnection2,00e676ed-5a35-4738-92eb-8581738d0f0a,true,standard_derived,
Windows.Win32.Networking.NetworkListManager,INetworkConnectionCost,dcb0000a-570f-4a9b-8d69-199fdba5723b,true,standard_derived,
Windows.Win32.Networking.NetworkListManager,INetworkConnectionCostEvents,dcb0000b-570f-4a9b-8d69-199fdba5723b,true,standard_derived,
Windows.Win32.Networking.NetworkListManager,INetworkConnectionEvents,dcb00007-570f-4a9b-8d69-199fdba5723b,true,standard_derived,
Windows.Win32.Networking.NetworkListManager,INetworkCostManager,dcb00008-570f-4a9b-8d69-199fdba5723b,true,standard_derived,
Windows.Win32.Networking.NetworkListManager,INetworkCostManagerEvents,dcb00009-570f-4a9b-8d69-199fdba5723b,true,standard_derived,
Windows.Win32.Networking.NetworkListManager,INetworkEvents,dcb00004-570f-4a9b-8d69-199fdba5723b,true,standard_derived,
Windows.Win32.Networking.NetworkListManager,INetworkListManager,dcb00000-570f-4a9b-8d69-199fdba5723b,true,standard_derived,
Windows.Win32.Networking.NetworkListManager,INetworkListManagerEvents,dcb00001-570f-4a9b-8d69-199fdba5723b,true,standard_derived,
Windows.Win32.Networking.RemoteDifferentialCompression,IFindSimilarResults,96236a81-9dbc-11da-9e3f-0011114ae311,true,standard_derived,
Windows.Win32.Networking.RemoteDifferentialCompression,IRdcComparator,96236a77-9dbc-11da-9e3f-0011114ae311,false,,nested_pointer_lifetime
Windows.Win32.Networking.RemoteDifferentialCompression,IRdcFileReader,96236a74-9dbc-11da-9e3f-0011114ae311,true,standard_derived,
Windows.Win32.Networking.RemoteDifferentialCompression,IRdcFileWriter,96236a75-9dbc-11da-9e3f-0011114ae311,true,standard_derived,
Windows.Win32.Networking.RemoteDifferentialCompression,IRdcGenerator,96236a73-9dbc-11da-9e3f-0011114ae311,false,,missing_allocator
Windows.Win32.Networking.RemoteDifferentialCompression,IRdcGeneratorFilterMaxParameters,96236a72-9dbc-11da-9e3f-0011114ae311,true,standard_derived,
Windows.Win32.Networking.RemoteDifferentialCompression,IRdcGeneratorParameters,96236a71-9dbc-11da-9e3f-0011114ae311,true,standard_derived,
Windows.Win32.Networking.RemoteDifferentialCompression,IRdcLibrary,96236a78-9dbc-11da-9e3f-0011114ae311,true,standard_derived,
Windows.Win32.Networking.RemoteDifferentialCompression,IRdcSignatureReader,96236a76-9dbc-11da-9e3f-0011114ae311,false,,nested_pointer_lifetime
Windows.Win32.Networking.RemoteDifferentialCompression,IRdcSimilarityGenerator,96236a80-9dbc-11da-9e3f-0011114ae311,true,standard_derived,
Windows.Win32.Networking.RemoteDifferentialCompression,ISimilarity,96236a83-9dbc-11da-9e3f-0011114ae311,true,standard_derived,
Windows.Win32.Networking.RemoteDifferentialCompression,ISimilarityFileIdTable,96236a7f-9dbc-11da-9e3f-0011114ae311,true,standard_derived,
Windows.Win32.Networking.RemoteDifferentialCompression,ISimilarityReportProgress,96236a7a-9dbc-11da-9e3f-0011114ae311,true,standard_derived,
Windows.Win32.Networking.RemoteDifferentialCompression,ISimilarityTableDumpState,96236a7b-9dbc-11da-9e3f-0011114ae311,true,standard_derived,
Windows.Win32.Networking.RemoteDifferentialCompression,ISimilarityTraitsMappedView,96236a7c-9dbc-11da-9e3f-0011114ae311,false,,missing_allocator
Windows.Win32.Networking.RemoteDifferentialCompression,ISimilarityTraitsMapping,96236a7d-9dbc-11da-9e3f-0011114ae311,true,standard_derived,
Windows.Win32.Networking.RemoteDifferentialCompression,ISimilarityTraitsTable,96236a7e-9dbc-11da-9e3f-0011114ae311,true,standard_derived,
Windows.Win32.Networking.WinHttp,IWinHttpRequest,016fe2ec-b2c8-45f8-b23b-39e53a75396b,true,standard_derived,
Windows.Win32.Networking.WinHttp,IWinHttpRequestEvents,f97f4e15-b787-4212-80d1-d380cbbf982e,false,,safe_projection_incomplete
Windows.Win32.Networking.WinInet,IDialBranding,8aecafa9-4306-43cc-8c5a-765f2979cc16,false,,missing_handle_ownership
Windows.Win32.Networking.WinInet,IDialEngine,39fd782b-7905-40d5-9148-3c9b190423d5,true,standard_derived,
Windows.Win32.Networking.WinInet,IDialEventSink,2d86f4ff-6e2d-4488-b2e9-6934afd41bea,true,standard_derived,
Windows.Win32.Networking.WinInet,IProofOfPossessionCookieInfoManager,cdaece56-4edf-43df-b113-88e4556fa1bb,false,,missing_allocator
Windows.Win32.Networking.WinInet,IProofOfPossessionCookieInfoManager2,15e41407-b42f-4ae7-9966-34a087b2d713,false,,missing_allocator
Windows.Win32.Networking.WinInet,IProofOfPossessionCookieInfoManager3,c8891744-32bd-4a77-b92c-0e79a2823b96,false,,missing_allocator
Windows.Win32.Networking.WinInet,IProofOfPossessionCookieInfoManager4,3b74c75b-6e3f-494e-95ec-13174e12a89f,false,,missing_allocator
Windows.Win32.Security.Authentication.Identity,ICcgDomainAuthCredentials,6ecda518-2010-4437-8bc3-46e752b7b172,false,,missing_allocator
Windows.Win32.Security.Authentication.Identity.Provider,AsyncIAssociatedIdentityProvider,2834d6ed-297e-4e72-8a51-961e86f05152,true,standard_derived,
Windows.Win32.Security.Authentication.Identity.Provider,AsyncIConnectedIdentityProvider,9ce55141-bce9-4e15-824d-43d79f512f93,false,,missing_allocator
Windows.Win32.Security.Authentication.Identity.Provider,AsyncIIdentityAdvise,3ab4c8da-d038-4830-8dd9-3253c55a127f,true,standard_derived,
Windows.Win32.Security.Authentication.Identity.Provider,AsyncIIdentityAuthentication,f9a2f918-feca-4e9c-9633-61cbf13ed34d,false,,missing_interface_replacement_contract
Windows.Win32.Security.Authentication.Identity.Provider,AsyncIIdentityProvider,c6fc9901-c433-4646-8f48-4e4687aae2a0,false,,safe_projection_incomplete
Windows.Win32.Security.Authentication.Identity.Provider,AsyncIIdentityStore,eefa1616-48de-4872-aa64-6e6206535a51,false,,safe_projection_incomplete
Windows.Win32.Security.Authentication.Identity.Provider,AsyncIIdentityStoreEx,fca3af9a-8a07-4eae-8632-ec3de658a36a,true,standard_derived,
Windows.Win32.Security.Authentication.Identity.Provider,IAssociatedIdentityProvider,2af066b3-4cbb-4cba-a798-204b6af68cc0,true,standard_derived,
Windows.Win32.Security.Authentication.Identity.Provider,IConnectedIdentityProvider,b7417b54-e08c-429b-96c8-678d1369ecb1,false,,missing_allocator
Windows.Win32.Security.Authentication.Identity.Provider,IIdentityAdvise,4e982fed-d14b-440c-b8d6-bb386453d386,true,standard_derived,
Windows.Win32.Security.Authentication.Identity.Provider,IIdentityAuthentication,5e7ef254-979f-43b5-b74e-06e4eb7df0f9,false,,missing_interface_replacement_contract
Windows.Win32.Security.Authentication.Identity.Provider,IIdentityProvider,0d1b9e0c-e8ba-4f55-a81b-bce934b948f5,false,,safe_projection_incomplete
Windows.Win32.Security.Authentication.Identity.Provider,IIdentityStore,df586fa5-6f35-44f1-b209-b38e169772eb,false,,safe_projection_incomplete
Windows.Win32.Security.Authentication.Identity.Provider,IIdentityStoreEx,f9f9eb98-8f7f-4e38-9577-6980114ce32b,true,standard_derived,
Windows.Win32.Security.Authentication.WebAuthn,EXPERIMENTAL_IPluginAuthenticator,e6466e9a-b2f3-47c5-b88d-89bc14a8d998,false,,missing_allocator
Windows.Win32.Security.Authentication.WebAuthn,IPluginAuthenticator,d26bcf6f-b54c-43ff-9f06-d5bf148625f7,false,,nested_pointer_lifetime
Windows.Win32.Security.Authorization,IAzApplication,987bc7c7-b813-4d27-bede-6ba5ae867e95,true,standard_derived,
Windows.Win32.Security.Authorization,IAzApplication2,086a68af-a249-437c-b18d-d4d86d6a9660,true,standard_derived,
Windows.Win32.Security.Authorization,IAzApplication3,181c845e-7196-4a7d-ac2e-020c0bb7a303,true,standard_derived,
Windows.Win32.Security.Authorization,IAzApplicationGroup,f1b744cd-58a6-4e06-9fbf-36f6d779e21e,true,standard_derived,
Windows.Win32.Security.Authorization,IAzApplicationGroup2,3f0613fc-b71a-464e-a11d-5b881a56cefa,true,standard_derived,
Windows.Win32.Security.Authorization,IAzApplicationGroups,4ce66ad5-9f3c-469d-a911-b99887a7e685,true,standard_derived,
Windows.Win32.Security.Authorization,IAzApplications,929b11a9-95c5-4a84-a29a-20ad42c2f16c,true,standard_derived,
Windows.Win32.Security.Authorization,IAzAuthorizationStore,edbd9ca9-9b82-4f6a-9e8b-98301e450f14,true,standard_derived,
Windows.Win32.Security.Authorization,IAzAuthorizationStore2,b11e5584-d577-4273-b6c5-0973e0f8e80d,true,standard_derived,
Windows.Win32.Security.Authorization,IAzAuthorizationStore3,abc08425-0c86-4fa0-9be3-7189956c926e,true,standard_derived,
Windows.Win32.Security.Authorization,IAzBizRuleContext,e192f17d-d59f-455e-a152-940316cd77b2,true,standard_derived,
Windows.Win32.Security.Authorization,IAzBizRuleInterfaces,e94128c7-e9da-44cc-b0bd-53036f3aab3d,true,standard_derived,
Windows.Win32.Security.Authorization,IAzBizRuleParameters,fc17685f-e25d-4dcd-bae1-276ec9533cb5,true,standard_derived,
Windows.Win32.Security.Authorization,IAzClientContext,eff1f00b-488a-466d-afd9-a401c5f9eef5,true,standard_derived,
Windows.Win32.Security.Authorization,IAzClientContext2,2b0c92b8-208a-488a-8f81-e4edb22111cd,false,,safe_projection_incomplete
Windows.Win32.Security.Authorization,IAzClientContext3,11894fde-1deb-4b4b-8907-6d1cda1f5d4f,false,,safe_projection_incomplete
Windows.Win32.Security.Authorization,IAzNameResolver,504d0f15-73e2-43df-a870-a64f40714f53,true,standard_derived,
Windows.Win32.Security.Authorization,IAzObjectPicker,63130a48-699a-42d8-bf01-c62ac3fb79f9,true,standard_derived,
Windows.Win32.Security.Authorization,IAzOperation,5e56b24f-ea01-4d61-be44-c49b5e4eaf74,true,standard_derived,
Windows.Win32.Security.Authorization,IAzOperation2,1f5ea01f-44a2-4184-9c48-a75b4dcc8ccc,true,standard_derived,
Windows.Win32.Security.Authorization,IAzOperations,90ef9c07-9706-49d9-af80-0438a5f3ec35,true,standard_derived,
Windows.Win32.Security.Authorization,IAzPrincipalLocator,e5c3507d-ad6a-4992-9c7f-74ab480b44cc,true,standard_derived,
Windows.Win32.Security.Authorization,IAzRole,859e0d8d-62d7-41d8-a034-c0cd5d43fdfa,true,standard_derived,
Windows.Win32.Security.Authorization,IAzRoleAssignment,55647d31-0d5a-4fa3-b4ac-2b5f9ad5ab76,true,standard_derived,
Windows.Win32.Security.Authorization,IAzRoleAssignments,9c80b900-fceb-4d73-a0f4-c83b0bbf2481,true,standard_derived,
Windows.Win32.Security.Authorization,IAzRoleDefinition,d97fcea1-2599-44f1-9fc3-58e9fbe09466,true,standard_derived,
Windows.Win32.Security.Authorization,IAzRoleDefinitions,881f25a5-d755-4550-957a-d503a3b34001,true,standard_derived,
Windows.Win32.Security.Authorization,IAzRoles,95e0f119-13b4-4dae-b65f-2f7d60d822e4,true,standard_derived,
Windows.Win32.Security.Authorization,IAzScope,00e52487-e08d-4514-b62e-877d5645f5ab,true,standard_derived,
Windows.Win32.Security.Authorization,IAzScope2,ee9fe8c9-c9f3-40e2-aa12-d1d8599727fd,true,standard_derived,
Windows.Win32.Security.Authorization,IAzScopes,78e14853-9f5e-406d-9b91-6bdba6973510,true,standard_derived,
Windows.Win32.Security.Authorization,IAzTask,cb94e592-2e0e-4a6c-a336-b89a6dc1e388,true,standard_derived,
Windows.Win32.Security.Authorization,IAzTask2,03a9a5ee-48c8-4832-9025-aad503c46526,true,standard_derived,
Windows.Win32.Security.Authorization,IAzTasks,b338ccab-4c85-4388-8c0a-c58592bad398,true,standard_derived,
Windows.Win32.Security.Authorization.UI,IEffectivePermission,3853dc76-9f35-407c-88a1-d19344365fbc,false,,external_pointee_storage
Windows.Win32.Security.Authorization.UI,IEffectivePermission2,941fabca-dd47-4fca-90bb-b0e10255f20d,false,,external_pointee_storage
Windows.Win32.Security.Authorization.UI,ISecurityInformation,965fc360-16ff-11d0-91cb-00aa00bbb723,false,,external_pointee_storage
Windows.Win32.Security.Authorization.UI,ISecurityInformation2,c3ccfdb4-6f88-11d2-a3ce-00c04fb1782a,true,standard_derived,
Windows.Win32.Security.Authorization.UI,ISecurityInformation3,e2cdc9cc-31bd-4f8f-8c8b-b641af516a1a,false,,missing_allocator
Windows.Win32.Security.Authorization.UI,ISecurityInformation4,ea961070-cd14-4621-ace4-f63c03e583e4,false,,missing_allocator
Windows.Win32.Security.Authorization.UI,ISecurityObjectTypeInfo,fc3066eb-79ef-444b-9111-d18a75ebf2fa,false,,missing_allocator
Windows.Win32.Security.ConfigurationSnapin,ISceSvcAttachmentData,17c35fde-200d-11d1-affb-00c04fb984f9,false,,external_pointee_storage
Windows.Win32.Security.ConfigurationSnapin,ISceSvcAttachmentPersistInfo,6d90e0d0-200d-11d1-affb-00c04fb984f9,false,,external_pointee_storage
Windows.Win32.Security.Cryptography.Certificates,IAlternativeName,728ab313-217d-11da-b2a4-000e7bbb2b09,true,standard_derived,
Windows.Win32.Security.Cryptography.Certificates,IAlternativeNames,728ab314-217d-11da-b2a4-000e7bbb2b09,true,standard_derived,
Windows.Win32.Security.Cryptography.Certificates,IBinaryConverter,728ab302-217d-11da-b2a4-000e7bbb2b09,true,standard_derived,
Windows.Win32.Security.Cryptography.Certificates,IBinaryConverter2,8d7928b4-4e17-428d-9a17-728df00d1b2b,true,standard_derived,
Windows.Win32.Security.Cryptography.Certificates,ICEnroll,43f8f288-7a20-11d0-8f06-00c04fc295e1,true,standard_derived,
Windows.Win32.Security.Cryptography.Certificates,ICEnroll2,704ca730-c90b-11d1-9bec-00c04fc295e1,true,standard_derived,
Windows.Win32.Security.Cryptography.Certificates,ICEnroll3,c28c2d95-b7de-11d2-a421-00c04f79fe8e,true,standard_derived,
Windows.Win32.Security.Cryptography.Certificates,ICEnroll4,c1f1188a-2eb5-4a80-841b-7e729a356d90,true,standard_derived,
Windows.Win32.Security.Cryptography.Certificates,ICertAdmin,34df6950-7fb6-11d0-8817-00a0c903b83c,true,standard_derived,
Windows.Win32.Security.Cryptography.Certificates,ICertAdmin2,f7c3ac41-b8ce-4fb4-aa58-3d1dc0e36b39,true,standard_derived,
Windows.Win32.Security.Cryptography.Certificates,ICertConfig,372fce34-4324-11d0-8810-00a0c903b83c,true,standard_derived,
Windows.Win32.Security.Cryptography.Certificates,ICertConfig2,7a18edde-7e78-4163-8ded-78e2c9cee924,true,standard_derived,
Windows.Win32.Security.Cryptography.Certificates,ICertEncodeAltName,1c9a8c70-1271-11d1-9bd4-00c04fb683fa,true,standard_derived,
Windows.Win32.Security.Cryptography.Certificates,ICertEncodeAltName2,f67fe177-5ef1-4535-b4ce-29df15e2e0c3,true,standard_derived,
Windows.Win32.Security.Cryptography.Certificates,ICertEncodeBitString,6db525be-1278-11d1-9bd4-00c04fb683fa,true,standard_derived,
Windows.Win32.Security.Cryptography.Certificates,ICertEncodeBitString2,e070d6e7-23ef-4dd2-8242-ebd9c928cb30,true,standard_derived,
Windows.Win32.Security.Cryptography.Certificates,ICertEncodeCRLDistInfo,01958640-bbff-11d0-8825-00a0c903b83c,true,standard_derived,
Windows.Win32.Security.Cryptography.Certificates,ICertEncodeCRLDistInfo2,b4275d4b-3e30-446f-ad36-09d03120b078,true,standard_derived,
Windows.Win32.Security.Cryptography.Certificates,ICertEncodeDateArray,2f9469a0-a470-11d0-8821-00a0c903b83c,true,standard_derived,
Windows.Win32.Security.Cryptography.Certificates,ICertEncodeDateArray2,99a4edb5-2b8e-448d-bf95-bba8d7789dc8,true,standard_derived,
Windows.Win32.Security.Cryptography.Certificates,ICertEncodeLongArray,15e2f230-a0a2-11d0-8821-00a0c903b83c,true,standard_derived,
Windows.Win32.Security.Cryptography.Certificates,ICertEncodeLongArray2,4efde84a-bd9b-4fc2-a108-c347d478840f,true,standard_derived,
Windows.Win32.Security.Cryptography.Certificates,ICertEncodeStringArray,12a88820-7494-11d0-8816-00a0c903b83c,true,standard_derived,
Windows.Win32.Security.Cryptography.Certificates,ICertEncodeStringArray2,9c680d93-9b7d-4e95-9018-4ffe10ba5ada,true,standard_derived,
Windows.Win32.Security.Cryptography.Certificates,ICertExit,e19ae1a0-7364-11d0-8816-00a0c903b83c,true,standard_derived,
Windows.Win32.Security.Cryptography.Certificates,ICertExit2,0abf484b-d049-464d-a7ed-552e7529b0ff,true,standard_derived,
Windows.Win32.Security.Cryptography.Certificates,ICertGetConfig,c7ea09c0-ce17-11d0-8833-00a0c903b83c,true,standard_derived,
Windows.Win32.Security.Cryptography.Certificates,ICertManageModule,e7d7ad42-bd3d-11d1-9a4d-00c04fc297eb,true,standard_derived,
Windows.Win32.Security.Cryptography.Certificates,ICertPolicy,38bb5a00-7636-11d0-b413-00a0c91bbf8c,true,standard_derived,
Windows.Win32.Security.Cryptography.Certificates,ICertPolicy2,3db4910e-8001-4bf1-aa1b-f43a808317a0,true,standard_derived,
Windows.Win32.Security.Cryptography.Certificates,ICertProperties,728ab32f-217d-11da-b2a4-000e7bbb2b09,true,standard_derived,
Windows.Win32.Security.Cryptography.Certificates,ICertProperty,728ab32e-217d-11da-b2a4-000e7bbb2b09,true,standard_derived,
Windows.Win32.Security.Cryptography.Certificates,ICertPropertyArchived,728ab337-217d-11da-b2a4-000e7bbb2b09,true,standard_derived,
Windows.Win32.Security.Cryptography.Certificates,ICertPropertyArchivedKeyHash,728ab33b-217d-11da-b2a4-000e7bbb2b09,true,standard_derived,
Windows.Win32.Security.Cryptography.Certificates,ICertPropertyAutoEnroll,728ab332-217d-11da-b2a4-000e7bbb2b09,true,standard_derived,
Windows.Win32.Security.Cryptography.Certificates,ICertPropertyBackedUp,728ab338-217d-11da-b2a4-000e7bbb2b09,true,standard_derived,
Windows.Win32.Security.Cryptography.Certificates,ICertPropertyDescription,728ab331-217d-11da-b2a4-000e7bbb2b09,true,standard_derived,
Windows.Win32.Security.Cryptography.Certificates,ICertPropertyEnrollment,728ab339-217d-11da-b2a4-000e7bbb2b09,true,standard_derived,
Windows.Win32.Security.Cryptography.Certificates,ICertPropertyEnrollmentPolicyServer,728ab34a-217d-11da-b2a4-000e7bbb2b09,true,standard_derived,
Windows.Win32.Security.Cryptography.Certificates,ICertPropertyFriendlyName,728ab330-217d-11da-b2a4-000e7bbb2b09,true,standard_derived,
Windows.Win32.Security.Cryptography.Certificates,ICertPropertyKeyProvInfo,728ab336-217d-11da-b2a4-000e7bbb2b09,true,standard_derived,
Windows.Win32.Security.Cryptography.Certificates,ICertPropertyRenewal,728ab33a-217d-11da-b2a4-000e7bbb2b09,true,standard_derived,
Windows.Win32.Security.Cryptography.Certificates,ICertPropertyRequestOriginator,728ab333-217d-11da-b2a4-000e7bbb2b09,true,standard_derived,
Windows.Win32.Security.Cryptography.Certificates,ICertPropertySHA1Hash,728ab334-217d-11da-b2a4-000e7bbb2b09,true,standard_derived,
Windows.Win32.Security.Cryptography.Certificates,ICertRequest,014e4840-5523-11d0-8812-00a0c903b83c,true,standard_derived,
Windows.Win32.Security.Cryptography.Certificates,ICertRequest2,a4772988-4a85-4fa9-824e-b5cf5c16405a,true,standard_derived,
Windows.Win32.Security.Cryptography.Certificates,ICertRequest3,afc8f92b-33a2-4861-bf36-2933b7cd67b3,true,standard_derived,
Windows.Win32.Security.Cryptography.Certificates,ICertRequestD,d99e6e70-fc88-11d0-b498-00a0c90312f3,false,,nested_pointer_lifetime
Windows.Win32.Security.Cryptography.Certificates,ICertRequestD2,5422fd3a-d4b8-4cef-a12e-e87d4ca22e90,false,,nested_pointer_lifetime
Windows.Win32.Security.Cryptography.Certificates,ICertServerExit,4ba9eb90-732c-11d0-8816-00a0c903b83c,true,standard_derived,
Windows.Win32.Security.Cryptography.Certificates,ICertServerPolicy,aa000922-ffbe-11cf-8800-00a0c903b83c,true,standard_derived,
Windows.Win32.Security.Cryptography.Certificates,ICertView,c3fac344-1e84-11d1-9bd6-00c04fb683fa,true,standard_derived,
Windows.Win32.Security.Cryptography.Certificates,ICertView2,d594b282-8851-4b61-9c66-3edadf848863,true,standard_derived,
Windows.Win32.Security.Cryptography.Certificates,ICertificateAttestationChallenge,6f175a7c-4a3a-40ae-9dba-592fd6bbf9b8,true,standard_derived,
Windows.Win32.Security.Cryptography.Certificates,ICertificateAttestationChallenge2,4631334d-e266-47d6-bd79-be53cb2e2753,true,standard_derived,
Windows.Win32.Security.Cryptography.Certificates,ICertificatePolicies,728ab31f-217d-11da-b2a4-000e7bbb2b09,true,standard_derived,
Windows.Win32.Security.Cryptography.Certificates,ICertificatePolicy,728ab31e-217d-11da-b2a4-000e7bbb2b09,true,standard_derived,
Windows.Win32.Security.Cryptography.Certificates,ICertificationAuthorities,13b79005-2181-11da-b2a4-000e7bbb2b09,true,standard_derived,
Windows.Win32.Security.Cryptography.Certificates,ICertificationAuthority,835d1f61-1e95-4bc8-b4d3-976c42b968f7,true,standard_derived,
Windows.Win32.Security.Cryptography.Certificates,ICryptAttribute,728ab32c-217d-11da-b2a4-000e7bbb2b09,true,standard_derived,
Windows.Win32.Security.Cryptography.Certificates,ICryptAttributes,728ab32d-217d-11da-b2a4-000e7bbb2b09,true,standard_derived,
Windows.Win32.Security.Cryptography.Certificates,ICspAlgorithm,728ab305-217d-11da-b2a4-000e7bbb2b09,true,standard_derived,
Windows.Win32.Security.Cryptography.Certificates,ICspAlgorithms,728ab306-217d-11da-b2a4-000e7bbb2b09,true,standard_derived,
Windows.Win32.Security.Cryptography.Certificates,ICspInformation,728ab307-217d-11da-b2a4-000e7bbb2b09,true,standard_derived,
Windows.Win32.Security.Cryptography.Certificates,ICspInformations,728ab308-217d-11da-b2a4-000e7bbb2b09,true,standard_derived,
Windows.Win32.Security.Cryptography.Certificates,ICspStatus,728ab309-217d-11da-b2a4-000e7bbb2b09,true,standard_derived,
Windows.Win32.Security.Cryptography.Certificates,ICspStatuses,728ab30a-217d-11da-b2a4-000e7bbb2b09,true,standard_derived,
Windows.Win32.Security.Cryptography.Certificates,IEnroll,acaa7838-4585-11d1-ab57-00c04fc295e1,false,,missing_allocator
Windows.Win32.Security.Cryptography.Certificates,IEnroll2,c080e199-b7df-11d2-a421-00c04f79fe8e,false,,missing_allocator
Windows.Win32.Security.Cryptography.Certificates,IEnroll4,f8053fe5-78f4-448f-a0db-41d61b73446b,false,,external_pointee_storage
Windows.Win32.Security.Cryptography.Certificates,IEnumCERTVIEWATTRIBUTE,e77db656-7653-11d1-9bde-00c04fb683fa,false,,safe_projection_incomplete
Windows.Win32.Security.Cryptography.Certificates,IEnumCERTVIEWCOLUMN,9c735be2-57a5-11d1-9bdb-00c04fb683fa,false,,safe_projection_incomplete
Windows.Win32.Security.Cryptography.Certificates,IEnumCERTVIEWEXTENSION,e7dd1466-7653-11d1-9bde-00c04fb683fa,false,,safe_projection_incomplete
Windows.Win32.Security.Cryptography.Certificates,IEnumCERTVIEWROW,d1157f4c-5af2-11d1-9bdc-00c04fb683fa,false,,safe_projection_incomplete
Windows.Win32.Security.Cryptography.Certificates,INDESPolicy,13ca515d-431d-46cc-8c2e-1da269bbd625,false,,missing_allocator
Windows.Win32.Security.Cryptography.Certificates,IOCSPAdmin,322e830d-67db-4fe9-9577-4596d9f09294,true,standard_derived,
Windows.Win32.Security.Cryptography.Certificates,IOCSPCAConfiguration,aec92b40-3d46-433f-87d1-b84d5c1e790d,true,standard_derived,
Windows.Win32.Security.Cryptography.Certificates,IOCSPCAConfigurationCollection,2bebea0b-5ece-4f28-a91c-86b4bb20f0d3,true,standard_derived,
Windows.Win32.Security.Cryptography.Certificates,IOCSPProperty,66fb7839-5f04-4c25-ad18-9ff1a8376ee0,true,standard_derived,
Windows.Win32.Security.Cryptography.Certificates,IOCSPPropertyCollection,2597c18d-54e6-4b74-9fa9-a6bfda99cbbe,true,standard_derived,
Windows.Win32.Security.Cryptography.Certificates,IObjectId,728ab300-217d-11da-b2a4-000e7bbb2b09,true,standard_derived,
Windows.Win32.Security.Cryptography.Certificates,IObjectIds,728ab301-217d-11da-b2a4-000e7bbb2b09,true,standard_derived,
Windows.Win32.Security.Cryptography.Certificates,IPolicyQualifier,728ab31c-217d-11da-b2a4-000e7bbb2b09,true,standard_derived,
Windows.Win32.Security.Cryptography.Certificates,IPolicyQualifiers,728ab31d-217d-11da-b2a4-000e7bbb2b09,true,standard_derived,
Windows.Win32.Security.Cryptography.Certificates,ISignerCertificate,728ab33d-217d-11da-b2a4-000e7bbb2b09,true,standard_derived,
Windows.Win32.Security.Cryptography.Certificates,ISignerCertificates,728ab33e-217d-11da-b2a4-000e7bbb2b09,true,standard_derived,
Windows.Win32.Security.Cryptography.Certificates,ISmimeCapabilities,728ab31a-217d-11da-b2a4-000e7bbb2b09,true,standard_derived,
Windows.Win32.Security.Cryptography.Certificates,ISmimeCapability,728ab319-217d-11da-b2a4-000e7bbb2b09,true,standard_derived,
Windows.Win32.Security.Cryptography.Certificates,IX500DistinguishedName,728ab303-217d-11da-b2a4-000e7bbb2b09,true,standard_derived,
Windows.Win32.Security.Cryptography.Certificates,IX509Attribute,728ab322-217d-11da-b2a4-000e7bbb2b09,true,standard_derived,
Windows.Win32.Security.Cryptography.Certificates,IX509AttributeArchiveKey,728ab327-217d-11da-b2a4-000e7bbb2b09,true,standard_derived,
Windows.Win32.Security.Cryptography.Certificates,IX509AttributeArchiveKeyHash,728ab328-217d-11da-b2a4-000e7bbb2b09,true,standard_derived,
Windows.Win32.Security.Cryptography.Certificates,IX509AttributeClientId,728ab325-217d-11da-b2a4-000e7bbb2b09,true,standard_derived,
Windows.Win32.Security.Cryptography.Certificates,IX509AttributeCspProvider,728ab32b-217d-11da-b2a4-000e7bbb2b09,true,standard_derived,
Windows.Win32.Security.Cryptography.Certificates,IX509AttributeExtensions,728ab324-217d-11da-b2a4-000e7bbb2b09,true,standard_derived,
Windows.Win32.Security.Cryptography.Certificates,IX509AttributeOSVersion,728ab32a-217d-11da-b2a4-000e7bbb2b09,true,standard_derived,
Windows.Win32.Security.Cryptography.Certificates,IX509AttributeRenewalCertificate,728ab326-217d-11da-b2a4-000e7bbb2b09,true,standard_derived,
Windows.Win32.Security.Cryptography.Certificates,IX509Attributes,728ab323-217d-11da-b2a4-000e7bbb2b09,true,standard_derived,
Windows.Win32.Security.Cryptography.Certificates,IX509CertificateRequest,728ab341-217d-11da-b2a4-000e7bbb2b09,true,standard_derived,
Windows.Win32.Security.Cryptography.Certificates,IX509CertificateRequestCertificate,728ab343-217d-11da-b2a4-000e7bbb2b09,true,standard_derived,
Windows.Win32.Security.Cryptography.Certificates,IX509CertificateRequestCertificate2,728ab35a-217d-11da-b2a4-000e7bbb2b09,true,standard_derived,
Windows.Win32.Security.Cryptography.Certificates,IX509CertificateRequestCmc,728ab345-217d-11da-b2a4-000e7bbb2b09,true,standard_derived,
Windows.Win32.Security.Cryptography.Certificates,IX509CertificateRequestCmc2,728ab35d-217d-11da-b2a4-000e7bbb2b09,true,standard_derived,
Windows.Win32.Security.Cryptography.Certificates,IX509CertificateRequestPkcs10,728ab342-217d-11da-b2a4-000e7bbb2b09,true,standard_derived,
Windows.Win32.Security.Cryptography.Certificates,IX509CertificateRequestPkcs10V2,728ab35b-217d-11da-b2a4-000e7bbb2b09,true,standard_derived,
Windows.Win32.Security.Cryptography.Certificates,IX509CertificateRequestPkcs10V3,54ea9942-3d66-4530-b76e-7c9170d3ec52,true,standard_derived,
Windows.Win32.Security.Cryptography.Certificates,IX509CertificateRequestPkcs10V4,728ab363-217d-11da-b2a4-000e7bbb2b09,true,standard_derived,
Windows.Win32.Security.Cryptography.Certificates,IX509CertificateRequestPkcs7,728ab344-217d-11da-b2a4-000e7bbb2b09,true,standard_derived,
Windows.Win32.Security.Cryptography.Certificates,IX509CertificateRequestPkcs7V2,728ab35c-217d-11da-b2a4-000e7bbb2b09,true,standard_derived,
Windows.Win32.Security.Cryptography.Certificates,IX509CertificateRevocationList,728ab360-217d-11da-b2a4-000e7bbb2b09,true,standard_derived,
Windows.Win32.Security.Cryptography.Certificates,IX509CertificateRevocationListEntries,728ab35f-217d-11da-b2a4-000e7bbb2b09,true,standard_derived,
Windows.Win32.Security.Cryptography.Certificates,IX509CertificateRevocationListEntry,728ab35e-217d-11da-b2a4-000e7bbb2b09,true,standard_derived,
Windows.Win32.Security.Cryptography.Certificates,IX509CertificateTemplate,54244a13-555a-4e22-896d-1b0e52f76406,true,standard_derived,
Windows.Win32.Security.Cryptography.Certificates,IX509CertificateTemplateWritable,f49466a7-395a-4e9e-b6e7-32b331600dc0,true,standard_derived,
Windows.Win32.Security.Cryptography.Certificates,IX509CertificateTemplates,13b79003-2181-11da-b2a4-000e7bbb2b09,true,standard_derived,
Windows.Win32.Security.Cryptography.Certificates,IX509EndorsementKey,b11cd855-f4c4-4fc6-b710-4422237f09e9,true,standard_derived,
Windows.Win32.Security.Cryptography.Certificates,IX509Enrollment,728ab346-217d-11da-b2a4-000e7bbb2b09,true,standard_derived,
Windows.Win32.Security.Cryptography.Certificates,IX509Enrollment2,728ab350-217d-11da-b2a4-000e7bbb2b09,true,standard_derived,
Windows.Win32.Security.Cryptography.Certificates,IX509EnrollmentHelper,728ab351-217d-11da-b2a4-000e7bbb2b09,true,standard_derived,
Windows.Win32.Security.Cryptography.Certificates,IX509EnrollmentPolicyServer,13b79026-2181-11da-b2a4-000e7bbb2b09,true,standard_derived,
Windows.Win32.Security.Cryptography.Certificates,IX509EnrollmentStatus,728ab304-217d-11da-b2a4-000e7bbb2b09,true,standard_derived,
Windows.Win32.Security.Cryptography.Certificates,IX509EnrollmentWebClassFactory,728ab349-217d-11da-b2a4-000e7bbb2b09,true,standard_derived,
Windows.Win32.Security.Cryptography.Certificates,IX509Extension,728ab30d-217d-11da-b2a4-000e7bbb2b09,true,standard_derived,
Windows.Win32.Security.Cryptography.Certificates,IX509ExtensionAlternativeNames,728ab315-217d-11da-b2a4-000e7bbb2b09,true,standard_derived,
Windows.Win32.Security.Cryptography.Certificates,IX509ExtensionAuthorityKeyIdentifier,728ab318-217d-11da-b2a4-000e7bbb2b09,true,standard_derived,
Windows.Win32.Security.Cryptography.Certificates,IX509ExtensionBasicConstraints,728ab316-217d-11da-b2a4-000e7bbb2b09,true,standard_derived,
Windows.Win32.Security.Cryptography.Certificates,IX509ExtensionCertificatePolicies,728ab320-217d-11da-b2a4-000e7bbb2b09,true,standard_derived,
Windows.Win32.Security.Cryptography.Certificates,IX509ExtensionEnhancedKeyUsage,728ab310-217d-11da-b2a4-000e7bbb2b09,true,standard_derived,
Windows.Win32.Security.Cryptography.Certificates,IX509ExtensionKeyUsage,728ab30f-217d-11da-b2a4-000e7bbb2b09,true,standard_derived,
Windows.Win32.Security.Cryptography.Certificates,IX509ExtensionMSApplicationPolicies,728ab321-217d-11da-b2a4-000e7bbb2b09,true,standard_derived,
Windows.Win32.Security.Cryptography.Certificates,IX509ExtensionSmimeCapabilities,728ab31b-217d-11da-b2a4-000e7bbb2b09,true,standard_derived,
Windows.Win32.Security.Cryptography.Certificates,IX509ExtensionSubjectKeyIdentifier,728ab317-217d-11da-b2a4-000e7bbb2b09,true,standard_derived,
Windows.Win32.Security.Cryptography.Certificates,IX509ExtensionTemplate,728ab312-217d-11da-b2a4-000e7bbb2b09,true,standard_derived,
Windows.Win32.Security.Cryptography.Certificates,IX509ExtensionTemplateName,728ab311-217d-11da-b2a4-000e7bbb2b09,true,standard_derived,
Windows.Win32.Security.Cryptography.Certificates,IX509Extensions,728ab30e-217d-11da-b2a4-000e7bbb2b09,true,standard_derived,
Windows.Win32.Security.Cryptography.Certificates,IX509MachineEnrollmentFactory,728ab352-217d-11da-b2a4-000e7bbb2b09,true,standard_derived,
Windows.Win32.Security.Cryptography.Certificates,IX509NameValuePair,728ab33f-217d-11da-b2a4-000e7bbb2b09,true,standard_derived,
Windows.Win32.Security.Cryptography.Certificates,IX509NameValuePairs,728ab340-217d-11da-b2a4-000e7bbb2b09,true,standard_derived,
Windows.Win32.Security.Cryptography.Certificates,IX509PolicyServerListManager,884e204b-217d-11da-b2a4-000e7bbb2b09,true,standard_derived,
Windows.Win32.Security.Cryptography.Certificates,IX509PolicyServerUrl,884e204a-217d-11da-b2a4-000e7bbb2b09,true,standard_derived,
Windows.Win32.Security.Cryptography.Certificates,IX509PrivateKey,728ab30c-217d-11da-b2a4-000e7bbb2b09,true,standard_derived,
Windows.Win32.Security.Cryptography.Certificates,IX509PrivateKey2,728ab362-217d-11da-b2a4-000e7bbb2b09,true,standard_derived,
Windows.Win32.Security.Cryptography.Certificates,IX509PublicKey,728ab30b-217d-11da-b2a4-000e7bbb2b09,true,standard_derived,
Windows.Win32.Security.Cryptography.Certificates,IX509SCEPEnrollment,728ab361-217d-11da-b2a4-000e7bbb2b09,true,standard_derived,
Windows.Win32.Security.Cryptography.Certificates,IX509SCEPEnrollment2,728ab364-217d-11da-b2a4-000e7bbb2b09,true,standard_derived,
Windows.Win32.Security.Cryptography.Certificates,IX509SCEPEnrollmentHelper,728ab365-217d-11da-b2a4-000e7bbb2b09,true,standard_derived,
Windows.Win32.Security.Cryptography.Certificates,IX509SignatureInformation,728ab33c-217d-11da-b2a4-000e7bbb2b09,true,standard_derived,
Windows.Win32.Security.Cryptography,ICertSrvSetup,b760a1bb-4784-44c0-8f12-555f0780ff25,true,standard_derived,
Windows.Win32.Security.Cryptography,ICertSrvSetupKeyInformation,6ba73778-36da-4c39-8a85-bcfa7d000793,true,standard_derived,
Windows.Win32.Security.Cryptography,ICertSrvSetupKeyInformationCollection,e65c8b00-e58f-41f9-a9ec-a28d7427c844,true,standard_derived,
Windows.Win32.Security.Cryptography,ICertificateEnrollmentPolicyServerSetup,859252cc-238c-4a88-b8fd-a37e7d04e68b,true,standard_derived,
Windows.Win32.Security.Cryptography,ICertificateEnrollmentServerSetup,70027fdb-9dd9-4921-8944-b35cb31bd2ec,true,standard_derived,
Windows.Win32.Security.Cryptography,IMSCEPSetup,4f7761bb-9f3b-4592-9ee0-9a73259c313e,true,standard_derived,
Windows.Win32.Security.EnterpriseData,IProtectionPolicyManagerInterop,4652651d-c1fe-4ba1-9f0a-c0f56596f721,true,standard_derived,
Windows.Win32.Security.ExtensibleAuthenticationProtocol,IAccountingProviderConfig,66a2db18-d706-11d0-a37b-00c04fc9da04,true,standard_derived,
Windows.Win32.Security.ExtensibleAuthenticationProtocol,IAuthenticationProviderConfig,66a2db17-d706-11d0-a37b-00c04fc9da04,true,standard_derived,
Windows.Win32.Security.ExtensibleAuthenticationProtocol,IEAPProviderConfig,66a2db19-d706-11d0-a37b-00c04fc9da04,false,,missing_allocator
Windows.Win32.Security.ExtensibleAuthenticationProtocol,IEAPProviderConfig2,d565917a-85c4-4466-856e-671c3742ea9a,false,,missing_allocator
Windows.Win32.Security.ExtensibleAuthenticationProtocol,IEAPProviderConfig3,b78ecd12-68bb-4f86-9bf0-8438dd3be982,false,,missing_allocator
Windows.Win32.Security.ExtensibleAuthenticationProtocol,IRouterProtocolConfig,66a2db16-d706-11d0-a37b-00c04fc9da04,true,standard_derived,
Windows.Win32.Security.Isolation,IIsolatedAppLauncher,f686878f-7b42-4cc4-96fb-f4f3b6e3d24d,true,standard_derived,
Windows.Win32.Security.Isolation,IIsolatedProcessLauncher,1aa24232-9a91-4201-88cb-122f9d6522e0,true,standard_derived,
Windows.Win32.Security.Isolation,IIsolatedProcessLauncher2,780e4416-5e72-4123-808e-66dc6479feef,true,standard_derived,
Windows.Win32.Security.Tpm,ITpmVirtualSmartCardManager,112b1dff-d9dc-41f7-869f-d67fee7cb591,false,,missing_allocator
Windows.Win32.Security.Tpm,ITpmVirtualSmartCardManager2,fdf8a2b9-02de-47f4-bc26-aa85ab5e5267,false,,missing_allocator
Windows.Win32.Security.Tpm,ITpmVirtualSmartCardManager3,3c745a97-f375-4150-be17-5950f694c699,false,,missing_allocator
Windows.Win32.Security.Tpm,ITpmVirtualSmartCardManagerStatusCallback,1a1bb35f-abb8-451c-a1ae-33d98f1bef4a,true,standard_derived,
Windows.Win32.Storage.DataDeduplication,IDedupBackupSupport,c719d963-2b2d-415e-acf7-7eb7ca596ff4,true,standard_derived,
Windows.Win32.Storage.DataDeduplication,IDedupChunkLibrary,bb5144d7-2720-4dcc-8777-78597416ec23,true,standard_derived,
Windows.Win32.Storage.DataDeduplication,IDedupDataPort,7963d734-40a9-4ea3-bbf6-5a89d26f7ae8,false,,missing_allocator
Windows.Win32.Storage.DataDeduplication,IDedupDataPortManager,44677452-b90a-445e-8192-cdcfe81511fb,true,standard_derived,
Windows.Win32.Storage.DataDeduplication,IDedupIterateChunksHash32,90b584d3-72aa-400f-9767-cad866a5a2d8,false,,safe_projection_incomplete
Windows.Win32.Storage.DataDeduplication,IDedupReadFileCallback,7bacc67a-2f1d-42d0-897e-6ff62dd533bb,false,,missing_allocator
Windows.Win32.Storage.EnhancedStorage,IEnhancedStorageACT,6e7781f4-e0f2-4239-b976-a01abab52930,false,,missing_allocator
Windows.Win32.Storage.EnhancedStorage,IEnhancedStorageACT2,4da57d2e-8eb3-41f6-a07e-98b52b88242b,false,,missing_allocator
Windows.Win32.Storage.EnhancedStorage,IEnhancedStorageACT3,022150a1-113d-11df-bb61-001aa01bbc58,false,,missing_allocator
Windows.Win32.Storage.EnhancedStorage,IEnhancedStorageSilo,5aef78c6-2242-4703-bf49-44b29357a359,false,,missing_allocator
Windows.Win32.Storage.EnhancedStorage,IEnhancedStorageSiloAction,b6f7f311-206f-4ff8-9c4b-27efee77a86f,false,,missing_allocator
Windows.Win32.Storage.EnhancedStorage,IEnumEnhancedStorageACT,09b224bd-1335-4631-a7ff-cfd3a92646d7,false,,safe_projection_incomplete
Windows.Win32.Storage.FileHistory,IFhConfigMgr,6a5fea5b-bf8f-4ee5-b8c3-44d8a0d7331c,true,standard_derived,
Windows.Win32.Storage.FileHistory,IFhReassociation,6544a28a-f68d-47ac-91ef-16b2b36aa3ee,true,standard_derived,
Windows.Win32.Storage.FileHistory,IFhScopeIterator,3197abce-532a-44c6-8615-f3666566a720,true,standard_derived,
Windows.Win32.Storage.FileHistory,IFhTarget,d87965fd-2bad-4657-bd3b-9567eb300ced,true,standard_derived,
Windows.Win32.Storage.FileServerResourceManager,DIFsrmClassificationEvents,26942db0-dabf-41d8-bbdd-b129a9f70424,true,standard_derived,
Windows.Win32.Storage.FileServerResourceManager,IFsrmAccessDeniedRemediationClient,40002314-590b-45a5-8e1b-8c05da527e52,true,standard_derived,
Windows.Win32.Storage.FileServerResourceManager,IFsrmAction,6cd6408a-ae60-463b-9ef1-e117534d69dc,true,standard_derived,
Windows.Win32.Storage.FileServerResourceManager,IFsrmActionCommand,12937789-e247-4917-9c20-f3ee9c7ee783,true,standard_derived,
Windows.Win32.Storage.FileServerResourceManager,IFsrmActionEmail,d646567d-26ae-4caa-9f84-4e0aad207fca,true,standard_derived,
Windows.Win32.Storage.FileServerResourceManager,IFsrmActionEmail2,8276702f-2532-4839-89bf-4872609a2ea4,true,standard_derived,
Windows.Win32.Storage.FileServerResourceManager,IFsrmActionEventLog,4c8f96c3-5d94-4f37-a4f4-f56ab463546f,true,standard_derived,
Windows.Win32.Storage.FileServerResourceManager,IFsrmActionReport,2dbe63c4-b340-48a0-a5b0-158e07fc567e,true,exact_registry_dependent,
Windows.Win32.Storage.FileServerResourceManager,IFsrmAutoApplyQuota,f82e5729-6aba-4740-bfc7-c7f58f75fb7b,true,exact_registry_dependent,
Windows.Win32.Storage.FileServerResourceManager,IFsrmClassificationManager,d2dc89da-ee91-48a0-85d8-cc72a56f7d04,true,exact_registry_dependent,
Windows.Win32.Storage.FileServerResourceManager,IFsrmClassificationManager2,0004c1c9-127e-4765-ba07-6a3147bca112,true,exact_registry_dependent,
Windows.Win32.Storage.FileServerResourceManager,IFsrmClassificationRule,afc052c2-5315-45ab-841b-c6db0e120148,true,exact_registry_dependent,
Windows.Win32.Storage.FileServerResourceManager,IFsrmClassifierModuleDefinition,bb36ea26-6318-4b8c-8592-f72dd602e7a5,true,exact_registry_dependent,
Windows.Win32.Storage.FileServerResourceManager,IFsrmClassifierModuleImplementation,4c968fc6-6edb-4051-9c18-73b7291ae106,true,exact_registry_dependent,
Windows.Win32.Storage.FileServerResourceManager,IFsrmCollection,f76fbf3b-8ddd-4b42-b05a-cb1c3ff1fee8,true,standard_derived,
Windows.Win32.Storage.FileServerResourceManager,IFsrmCommittableCollection,96deb3b5-8b91-4a2a-9d93-80a35d8aa847,true,standard_derived,
Windows.Win32.Storage.FileServerResourceManager,IFsrmDerivedObjectsResult,39322a2d-38ee-4d0d-8095-421a80849a82,true,standard_derived,
Windows.Win32.Storage.FileServerResourceManager,IFsrmExportImport,efcb0ab1-16c4-4a79-812c-725614c3306b,true,standard_derived,
Windows.Win32.Storage.FileServerResourceManager,IFsrmFileCondition,70684ffc-691a-4a1a-b922-97752e138cc1,true,standard_derived,
Windows.Win32.Storage.FileServerResourceManager,IFsrmFileConditionProperty,81926775-b981-4479-988f-da171d627360,true,standard_derived,
Windows.Win32.Storage.FileServerResourceManager,IFsrmFileGroup,8dd04909-0e34-4d55-afaa-89e1f1a1bbb9,true,standard_derived,
Windows.Win32.Storage.FileServerResourceManager,IFsrmFileGroupImported,ad55f10b-5f11-4be7-94ef-d9ee2e470ded,true,standard_derived,
Windows.Win32.Storage.FileServerResourceManager,IFsrmFileGroupManager,426677d5-018c-485c-8a51-20b86d00bdc4,true,standard_derived,
Windows.Win32.Storage.FileServerResourceManager,IFsrmFileManagementJob,0770687e-9f36-4d6f-8778-599d188461c9,true,exact_registry_dependent,
Windows.Win32.Storage.FileServerResourceManager,IFsrmFileManagementJobManager,ee321ecb-d95e-48e9-907c-c7685a013235,true,exact_registry_dependent,
Windows.Win32.Storage.FileServerResourceManager,IFsrmFileScreen,5f6325d3-ce88-4733-84c1-2d6aefc5ea07,true,standard_derived,
Windows.Win32.Storage.FileServerResourceManager,IFsrmFileScreenBase,f3637e80-5b22-4a2b-a637-bbb642b41cfc,true,standard_derived,
Windows.Win32.Storage.FileServerResourceManager,IFsrmFileScreenException,bee7ce02-df77-4515-9389-78f01c5afc1a,true,standard_derived,
Windows.Win32.Storage.FileServerResourceManager,IFsrmFileScreenManager,ff4fa04e-5a94-4bda-a3a0-d5b4d3c52eba,true,exact_registry_dependent,
Windows.Win32.Storage.FileServerResourceManager,IFsrmFileScreenTemplate,205bebf8-dd93-452a-95a6-32b566b35828,true,standard_derived,
Windows.Win32.Storage.FileServerResourceManager,IFsrmFileScreenTemplateImported,e1010359-3e5d-4ecd-9fe4-ef48622fdf30,true,standard_derived,
Windows.Win32.Storage.FileServerResourceManager,IFsrmFileScreenTemplateManager,cfe36cba-1949-4e74-a14f-f1d580ceaf13,true,standard_derived,
Windows.Win32.Storage.FileServerResourceManager,IFsrmMutableCollection,1bb617b8-3886-49dc-af82-a6c90fa35dda,true,standard_derived,
Windows.Win32.Storage.FileServerResourceManager,IFsrmObject,22bcef93-4a3f-4183-89f9-2f8b8a628aee,true,standard_derived,
Windows.Win32.Storage.FileServerResourceManager,IFsrmPathMapper,6f4dbfff-6920-4821-a6c3-b7e94c1fd60c,true,exact_registry_dependent,
Windows.Win32.Storage.FileServerResourceManager,IFsrmPipelineModuleConnector,c16014f3-9aa1-46b3-b0a7-ab146eb205f2,true,standard_derived,
Windows.Win32.Storage.FileServerResourceManager,IFsrmPipelineModuleDefinition,515c1277-2c81-440e-8fcf-367921ed4f59,true,exact_registry_dependent,
Windows.Win32.Storage.FileServerResourceManager,IFsrmPipelineModuleImplementation,b7907906-2b02-4cb5-84a9-fdf54613d6cd,true,standard_derived,
Windows.Win32.Storage.FileServerResourceManager,IFsrmProperty,4a73fee4-4102-4fcc-9ffb-38614f9ee768,true,exact_registry_dependent,
Windows.Win32.Storage.FileServerResourceManager,IFsrmPropertyBag,774589d1-d300-4f7a-9a24-f7b766800250,true,exact_registry_dependent,
Windows.Win32.Storage.FileServerResourceManager,IFsrmPropertyBag2,0e46bdbd-2402-4fed-9c30-9266e6eb2cc9,true,exact_registry_dependent,
Windows.Win32.Storage.FileServerResourceManager,IFsrmPropertyCondition,326af66f-2ac0-4f68-bf8c-4759f054fa29,true,standard_derived,
Windows.Win32.Storage.FileServerResourceManager,IFsrmPropertyDefinition,ede0150f-e9a3-419c-877c-01fe5d24c5d3,true,exact_registry_dependent,
Windows.Win32.Storage.FileServerResourceManager,IFsrmPropertyDefinition2,47782152-d16c-4229-b4e1-0ddfe308b9f6,true,exact_registry_dependent,
Windows.Win32.Storage.FileServerResourceManager,IFsrmPropertyDefinitionValue,e946d148-bd67-4178-8e22-1c44925ed710,true,standard_derived,
Windows.Win32.Storage.FileServerResourceManager,IFsrmQuota,377f739d-9647-4b8e-97d2-5ffce6d759cd,true,exact_registry_dependent,
Windows.Win32.Storage.FileServerResourceManager,IFsrmQuotaBase,1568a795-3924-4118-b74b-68d8f0fa5daf,true,exact_registry_dependent,
Windows.Win32.Storage.FileServerResourceManager,IFsrmQuotaManager,8bb68c7d-19d8-4ffb-809e-be4fc1734014,true,exact_registry_dependent,
Windows.Win32.Storage.FileServerResourceManager,IFsrmQuotaManagerEx,4846cb01-d430-494f-abb4-b1054999fb09,true,exact_registry_dependent,
Windows.Win32.Storage.FileServerResourceManager,IFsrmQuotaObject,42dc3511-61d5-48ae-b6dc-59fc00c0a8d6,true,exact_registry_dependent,
Windows.Win32.Storage.FileServerResourceManager,IFsrmQuotaTemplate,a2efab31-295e-46bb-b976-e86d58b52e8b,true,exact_registry_dependent,
Windows.Win32.Storage.FileServerResourceManager,IFsrmQuotaTemplateImported,9a2bf113-a329-44cc-809a-5c00fce8da40,true,exact_registry_dependent,
Windows.Win32.Storage.FileServerResourceManager,IFsrmQuotaTemplateManager,4173ac41-172d-4d52-963c-fdc7e415f717,true,standard_derived,
Windows.Win32.Storage.FileServerResourceManager,IFsrmReport,d8cc81d9-46b8-4fa4-bfa5-4aa9dec9b638,true,standard_derived,
Windows.Win32.Storage.FileServerResourceManager,IFsrmReportJob,38e87280-715c-4c7d-a280-ea1651a19fef,true,exact_registry_dependent,
Windows.Win32.Storage.FileServerResourceManager,IFsrmReportManager,27b899fe-6ffa-4481-a184-d3daade8a02b,true,standard_derived,
Windows.Win32.Storage.FileServerResourceManager,IFsrmReportScheduler,6879caf9-6617-4484-8719-71c3d8645f94,true,standard_derived,
Windows.Win32.Storage.FileServerResourceManager,IFsrmRule,cb0df960-16f5-4495-9079-3f9360d831df,true,exact_registry_dependent,
Windows.Win32.Storage.FileServerResourceManager,IFsrmSetting,f411d4fd-14be-4260-8c40-03b7c95e608a,true,standard_derived,
Windows.Win32.Storage.FileServerResourceManager,IFsrmStorageModuleDefinition,15a81350-497d-4aba-80e9-d4dbcc5521fe,true,exact_registry_dependent,
Windows.Win32.Storage.FileServerResourceManager,IFsrmStorageModuleImplementation,0af4a0da-895a-4e50-8712-a96724bcec64,true,standard_derived,
Windows.Win32.Storage.FileSystem,IDiskQuotaControl,7988b572-ec89-11cf-9c00-00aa00a14f56,false,,external_pointee_storage
Windows.Win32.Storage.FileSystem,IDiskQuotaEvents,7988b579-ec89-11cf-9c00-00aa00a14f56,true,standard_derived,
Windows.Win32.Storage.FileSystem,IDiskQuotaUser,7988b574-ec89-11cf-9c00-00aa00a14f56,false,,external_pointee_storage
Windows.Win32.Storage.FileSystem,IDiskQuotaUserBatch,7988b576-ec89-11cf-9c00-00aa00a14f56,true,standard_derived,
Windows.Win32.Storage.FileSystem,IEnumDiskQuotaUsers,7988b577-ec89-11cf-9c00-00aa00a14f56,true,exact_registry_dependent,
Windows.Win32.Storage.Imapi,DDiscFormat2DataEvents,2735413c-7f64-5b0f-8f00-5d77afbe261e,true,standard_derived,
Windows.Win32.Storage.Imapi,DDiscFormat2EraseEvents,2735413a-7f64-5b0f-8f00-5d77afbe261e,true,standard_derived,
Windows.Win32.Storage.Imapi,DDiscFormat2RawCDEvents,27354142-7f64-5b0f-8f00-5d77afbe261e,true,standard_derived,
Windows.Win32.Storage.Imapi,DDiscFormat2TrackAtOnceEvents,2735413f-7f64-5b0f-8f00-5d77afbe261e,true,standard_derived,
Windows.Win32.Storage.Imapi,DDiscMaster2Events,27354131-7f64-5b0f-8f00-5d77afbe261e,true,standard_derived,
Windows.Win32.Storage.Imapi,DFileSystemImageEvents,2c941fdf-975b-59be-a960-9a2a262853a5,true,standard_derived,
Windows.Win32.Storage.Imapi,DFileSystemImageImportEvents,d25c30f9-4087-4366-9e24-e55be286424b,true,standard_derived,
Windows.Win32.Storage.Imapi,DWriteEngine2Events,27354137-7f64-5b0f-8f00-5d77afbe261e,true,standard_derived,
Windows.Win32.Storage.Imapi,IBlockRange,b507ca25-2204-11dd-966a-001aa01bbc58,true,standard_derived,
Windows.Win32.Storage.Imapi,IBlockRangeList,b507ca26-2204-11dd-966a-001aa01bbc58,true,exact_registry_dependent,
Windows.Win32.Storage.Imapi,IBootOptions,2c941fd4-975b-59be-a960-9a2a262853a5,true,standard_derived,
Windows.Win32.Storage.Imapi,IBurnVerification,d2ffd834-958b-426d-8470-2a13879c6a91,true,standard_derived,
Windows.Win32.Storage.Imapi,IDiscFormat2,27354152-8f64-5b0f-8f00-5d77afbe261e,true,exact_registry_dependent,
Windows.Win32.Storage.Imapi,IDiscFormat2Data,27354153-9f64-5b0f-8f00-5d77afbe261e,true,exact_registry_dependent,
Windows.Win32.Storage.Imapi,IDiscFormat2DataEventArgs,2735413d-7f64-5b0f-8f00-5d77afbe261e,true,standard_derived,
Windows.Win32.Storage.Imapi,IDiscFormat2Erase,27354156-8f64-5b0f-8f00-5d77afbe261e,true,exact_registry_dependent,
Windows.Win32.Storage.Imapi,IDiscFormat2RawCD,27354155-8f64-5b0f-8f00-5d77afbe261e,true,exact_registry_dependent,
Windows.Win32.Storage.Imapi,IDiscFormat2RawCDEventArgs,27354143-7f64-5b0f-8f00-5d77afbe261e,true,standard_derived,
Windows.Win32.Storage.Imapi,IDiscFormat2TrackAtOnce,27354154-8f64-5b0f-8f00-5d77afbe261e,true,exact_registry_dependent,
Windows.Win32.Storage.Imapi,IDiscFormat2TrackAtOnceEventArgs,27354140-7f64-5b0f-8f00-5d77afbe261e,true,standard_derived,
Windows.Win32.Storage.Imapi,IDiscMaster,520cca62-51a5-11d3-9144-00104ba11c5e,true,standard_derived,
Windows.Win32.Storage.Imapi,IDiscMaster2,27354130-7f64-5b0f-8f00-5d77afbe261e,true,standard_derived,
Windows.Win32.Storage.Imapi,IDiscMasterProgressEvents,ec9e51c1-4e5d-11d3-9144-00104ba11c5e,true,standard_derived,
Windows.Win32.Storage.Imapi,IDiscRecorder,85ac9776-ca88-4cf2-894e-09598c078a41,true,exact_registry_dependent,
Windows.Win32.Storage.Imapi,IDiscRecorder2,27354133-7f64-5b0f-8f00-5d77afbe261e,true,exact_registry_dependent,
Windows.Win32.Storage.Imapi,IDiscRecorder2Ex,27354132-7f64-5b0f-8f00-5d77afbe261e,false,,missing_allocator
Windows.Win32.Storage.Imapi,IEnumDiscMasterFormats,ddf445e1-54ba-11d3-9144-00104ba11c5e,true,standard_derived,
Windows.Win32.Storage.Imapi,IEnumDiscRecorders,9b1921e1-54ac-11d3-9144-00104ba11c5e,true,standard_derived,
Windows.Win32.Storage.Imapi,IEnumFsiItems,2c941fda-975b-59be-a960-9a2a262853a5,true,exact_registry_dependent,
Windows.Win32.Storage.Imapi,IEnumProgressItems,2c941fd6-975b-59be-a960-9a2a262853a5,true,exact_registry_dependent,
Windows.Win32.Storage.Imapi,IFileSystemImage,2c941fe1-975b-59be-a960-9a2a262853a5,true,exact_registry_dependent,
Windows.Win32.Storage.Imapi,IFileSystemImage2,d7644b2c-1537-4767-b62f-f1387b02ddfd,true,exact_registry_dependent,
Windows.Win32.Storage.Imapi,IFileSystemImage3,7cff842c-7e97-4807-8304-910dd8f7c051,true,exact_registry_dependent,
Windows.Win32.Storage.Imapi,IFileSystemImageResult,2c941fd8-975b-59be-a960-9a2a262853a5,true,standard_derived,
Windows.Win32.Storage.Imapi,IFileSystemImageResult2,b507ca29-2204-11dd-966a-001aa01bbc58,true,standard_derived,
Windows.Win32.Storage.Imapi,IFsiDirectoryItem,2c941fdc-975b-59be-a960-9a2a262853a5,true,standard_derived,
Windows.Win32.Storage.Imapi,IFsiDirectoryItem2,f7fb4b9b-6d96-4d7b-9115-201b144811ef,true,standard_derived,
Windows.Win32.Storage.Imapi,IFsiFileItem,2c941fdb-975b-59be-a960-9a2a262853a5,true,standard_derived,
Windows.Win32.Storage.Imapi,IFsiFileItem2,199d0c19-11e1-40eb-8ec2-c8c822a07792,true,standard_derived,
Windows.Win32.Storage.Imapi,IFsiItem,2c941fd9-975b-59be-a960-9a2a262853a5,true,standard_derived,
Windows.Win32.Storage.Imapi,IFsiNamedStreams,ed79ba56-5294-4250-8d46-f9aecee23459,true,standard_derived,
Windows.Win32.Storage.Imapi,IIsoImageManager,6ca38be5-fbbb-4800-95a1-a438865eb0d4,true,standard_derived,
Windows.Win32.Storage.Imapi,IJolietDiscMaster,e3bc42ce-4e5c-11d3-9144-00104ba11c5e,true,standard_derived,
Windows.Win32.Storage.Imapi,IMultisession,27354150-7f64-5b0f-8f00-5d77afbe261e,true,standard_derived,
Windows.Win32.Storage.Imapi,IMultisessionRandomWrite,b507ca23-2204-11dd-966a-001aa01bbc58,true,standard_derived,
Windows.Win32.Storage.Imapi,IMultisessionSequential,27354151-7f64-5b0f-8f00-5d77afbe261e,true,standard_derived,
Windows.Win32.Storage.Imapi,IMultisessionSequential2,b507ca22-2204-11dd-966a-001aa01bbc58,true,standard_derived,
Windows.Win32.Storage.Imapi,IProgressItem,2c941fd5-975b-59be-a960-9a2a262853a5,true,standard_derived,
Windows.Win32.Storage.Imapi,IProgressItems,2c941fd7-975b-59be-a960-9a2a262853a5,true,standard_derived,
Windows.Win32.Storage.Imapi,IRawCDImageCreator,25983550-9d65-49ce-b335-40630d901227,true,exact_registry_dependent,
Windows.Win32.Storage.Imapi,IRawCDImageTrackInfo,25983551-9d65-49ce-b335-40630d901227,true,exact_registry_dependent,
Windows.Win32.Storage.Imapi,IRedbookDiscMaster,e3bc42cd-4e5c-11d3-9144-00104ba11c5e,true,standard_derived,
Windows.Win32.Storage.Imapi,IStreamConcatenate,27354146-7f64-5b0f-8f00-5d77afbe261e,true,exact_registry_dependent,
Windows.Win32.Storage.Imapi,IStreamInterleave,27354147-7f64-5b0f-8f00-5d77afbe261e,true,exact_registry_dependent,
Windows.Win32.Storage.Imapi,IStreamPseudoRandomBased,27354145-7f64-5b0f-8f00-5d77afbe261e,false,,missing_allocator
Windows.Win32.Storage.Imapi,IWriteEngine2,27354135-7f64-5b0f-8f00-5d77afbe261e,true,standard_derived,
Windows.Win32.Storage.Imapi,IWriteEngine2EventArgs,27354136-7f64-5b0f-8f00-5d77afbe261e,true,standard_derived,
Windows.Win32.Storage.Imapi,IWriteSpeedDescriptor,27354144-7f64-5b0f-8f00-5d77afbe261e,true,standard_derived,
Windows.Win32.Storage.IndexServer,IFilter,89bcb740-6119-101a-bcb7-00dd010655af,false,,incomplete_pointee_layout_for_storage
Windows.Win32.Storage.IndexServer,IPhraseSink,cc906ff0-c058-101a-b554-08002b33b0e6,true,standard_derived,
Windows.Win32.Storage.IndexServer,IPixelFilter,3d7df9a7-8da6-4fbf-a45b-7592f06d93a9,false,,incomplete_pointee_layout_for_storage
Windows.Win32.Storage.OfflineFiles,IEnumOfflineFilesItems,da70e815-c361-4407-bc0b-0d7046e5f2cd,true,exact_registry_dependent,
Windows.Win32.Storage.OfflineFiles,IEnumOfflineFilesSettings,729680c4-1a38-47bc-9e5c-02c51562ac30,true,exact_registry_dependent,
Windows.Win32.Storage.OfflineFiles,IOfflineFilesCache,855d6203-7914-48b9-8d40-4c56f5acffc5,false,,missing_allocator
Windows.Win32.Storage.OfflineFiles,IOfflineFilesCache2,8c075039-1551-4ed9-8781-56705c04d3c0,false,,missing_allocator
Windows.Win32.Storage.OfflineFiles,IOfflineFilesChangeInfo,a96e6fa4-e0d1-4c29-960b-ee508fe68c72,true,standard_derived,
Windows.Win32.Storage.OfflineFiles,IOfflineFilesConnectionInfo,efb23a09-a867-4be8-83a6-86969a7d0856,true,standard_derived,
Windows.Win32.Storage.OfflineFiles,IOfflineFilesDirectoryItem,2273597a-a08c-4a00-a37a-c1ae4e9a1cfd,false,,missing_allocator
Windows.Win32.Storage.OfflineFiles,IOfflineFilesDirtyInfo,0f50ce33-bac9-4eaa-a11d-da0e527d047d,true,standard_derived,
Windows.Win32.Storage.OfflineFiles,IOfflineFilesErrorInfo,7112fa5f-7571-435a-8eb7-195c7c1429bc,false,,external_pointee_storage
Windows.Win32.Storage.OfflineFiles,IOfflineFilesEvents,e25585c1-0caa-4eb1-873b-1cae5b77c314,true,standard_derived,
Windows.Win32.Storage.OfflineFiles,IOfflineFilesEvents2,1ead8f56-ff76-4faa-a795-6f6ef792498b,true,standard_derived,
Windows.Win32.Storage.OfflineFiles,IOfflineFilesEvents3,9ba04a45-ee69-42f0-9ab1-7db5c8805808,true,standard_derived,
Windows.Win32.Storage.OfflineFiles,IOfflineFilesEvents4,dbd69b1e-c7d2-473e-b35f-9d8c24c0c484,true,standard_derived,
Windows.Win32.Storage.OfflineFiles,IOfflineFilesEventsFilter,33fc4e1b-0716-40fa-ba65-6e62a84a846f,false,,missing_allocator
Windows.Win32.Storage.OfflineFiles,IOfflineFilesFileItem,8dfadead-26c2-4eff-8a72-6b50723d9a00,false,,missing_allocator
Windows.Win32.Storage.OfflineFiles,IOfflineFilesFileSysInfo,bc1a163f-7bfd-4d88-9c66-96ea9a6a3d6b,true,standard_derived,
Windows.Win32.Storage.OfflineFiles,IOfflineFilesGhostInfo,2b09d48c-8ab5-464f-a755-a59d92f99429,true,standard_derived,
Windows.Win32.Storage.OfflineFiles,IOfflineFilesItem,4a753da6-e044-4f12-a718-5d14d079a906,false,,missing_allocator
Windows.Win32.Storage.OfflineFiles,IOfflineFilesItemContainer,3836f049-9413-45dd-bf46-b5aaa82dc310,true,standard_derived,
Windows.Win32.Storage.OfflineFiles,IOfflineFilesItemFilter,f4b5a26c-dc05-4f20-ada4-551f1077be5c,true,standard_derived,
Windows.Win32.Storage.OfflineFiles,IOfflineFilesPinInfo,5b2b0655-b3fd-497d-adeb-bd156bc8355b,true,standard_derived,
Windows.Win32.Storage.OfflineFiles,IOfflineFilesPinInfo2,623c58a2-42ed-4ad7-b69a-0f1b30a72d0d,true,standard_derived,
Windows.Win32.Storage.OfflineFiles,IOfflineFilesProgress,fad63237-c55b-4911-9850-bcf96d4c979e,true,standard_derived,
Windows.Win32.Storage.OfflineFiles,IOfflineFilesServerItem,9b1c9576-a92b-4151-8e9e-7c7b3ec2e016,false,,missing_allocator
Windows.Win32.Storage.OfflineFiles,IOfflineFilesSetting,d871d3f7-f613-48a1-827e-7a34e560fff6,false,,missing_allocator
Windows.Win32.Storage.OfflineFiles,IOfflineFilesShareInfo,7bcc43e7-31ce-4ca4-8ccd-1cff2dc494da,true,standard_derived,
Windows.Win32.Storage.OfflineFiles,IOfflineFilesShareItem,bab7e48d-4804-41b5-a44d-0f199b06b145,false,,missing_allocator
Windows.Win32.Storage.OfflineFiles,IOfflineFilesSimpleProgress,c34f7f9b-c43d-4f9d-a776-c0eb6de5d401,true,standard_derived,
Windows.Win32.Storage.OfflineFiles,IOfflineFilesSuspend,62c4560f-bc0b-48ca-ad9d-34cb528d99a9,true,standard_derived,
Windows.Win32.Storage.OfflineFiles,IOfflineFilesSuspendInfo,a457c25b-4e9c-4b04-85af-8932ccd97889,true,standard_derived,
Windows.Win32.Storage.OfflineFiles,IOfflineFilesSyncConflictHandler,b6dd5092-c65c-46b6-97b8-fadd08e7e1be,false,,missing_allocator
Windows.Win32.Storage.OfflineFiles,IOfflineFilesSyncErrorInfo,59f95e46-eb54-49d1-be76-de95458d01b0,false,,external_pointee_storage
Windows.Win32.Storage.OfflineFiles,IOfflineFilesSyncErrorItemInfo,ecdbaf0d-6a18-4d55-8017-108f7660ba44,true,standard_derived,
Windows.Win32.Storage.OfflineFiles,IOfflineFilesSyncProgress,6931f49a-6fc7-4c1b-b265-56793fc451b7,true,standard_derived,
Windows.Win32.Storage.OfflineFiles,IOfflineFilesTransparentCacheInfo,bcaf4a01-5b68-4b56-a6a1-8d2786ede8e3,true,standard_derived,
Windows.Win32.Storage.Packaging.Appx,IAppxAppInstallerReader,f35bc38c-1d2f-43db-a1f4-586430d1fed2,true,standard_derived,
Windows.Win32.Storage.Packaging.Appx,IAppxBlockMapBlock,75cf3930-3244-4fe0-a8c8-e0bcb270b889,false,,missing_allocator
Windows.Win32.Storage.Packaging.Appx,IAppxBlockMapBlocksEnumerator,6b429b5b-36ef-479e-b9eb-0c1482b49e16,true,standard_derived,
Windows.Win32.Storage.Packaging.Appx,IAppxBlockMapFile,277672ac-4f63-42c1-8abc-beae3600eb59,false,,missing_allocator
Windows.Win32.Storage.Packaging.Appx,IAppxBlockMapFile2,54785f78-40e9-11ee-be56-0242ac120002,false,,missing_allocator
Windows.Win32.Storage.Packaging.Appx,IAppxBlockMapFilesEnumerator,02b856a2-4262-4070-bacb-1a8cbbc42305,true,standard_derived,
Windows.Win32.Storage.Packaging.Appx,IAppxBlockMapReader,5efec991-bca3-42d1-9ec2-e92d609ec22a,true,standard_derived,
Windows.Win32.Storage.Packaging.Appx,IAppxBundleFactory,bba65864-965f-4a5f-855f-f074bdbf3a7b,true,standard_derived,
Windows.Win32.Storage.Packaging.Appx,IAppxBundleFactory2,7325b83d-0185-42c4-82ac-be34ab1a2a8a,true,standard_derived,
Windows.Win32.Storage.Packaging.Appx,IAppxBundleFactory3,d11ea6b6-3909-4376-b7c4-10d50f5cf3ae,true,standard_derived,
Windows.Win32.Storage.Packaging.Appx,IAppxBundleManifestOptionalBundleInfo,515bf2e8-bcb0-4d69-8c48-e383147b6e12,false,,missing_allocator
Windows.Win32.Storage.Packaging.Appx,IAppxBundleManifestOptionalBundleInfoEnumerator,9a178793-f97e-46ac-aaca-dd5ba4c177c8,true,standard_derived,
Windows.Win32.Storage.Packaging.Appx,IAppxBundleManifestPackageInfo,54cd06c1-268f-40bb-8ed2-757a9ebaec8d,false,,missing_allocator
Windows.Win32.Storage.Packaging.Appx,IAppxBundleManifestPackageInfo2,44c2acbc-b2cf-4ccb-bbdb-9c6da8c3bc9e,true,standard_derived,
Windows.Win32.Storage.Packaging.Appx,IAppxBundleManifestPackageInfo3,6ba74b98-bb74-4296-80d0-5f4256a99675,true,standard_derived,
Windows.Win32.Storage.Packaging.Appx,IAppxBundleManifestPackageInfo4,5da6f13d-a8a7-4532-857c-1393d659371d,true,standard_derived,
Windows.Win32.Storage.Packaging.Appx,IAppxBundleManifestPackageInfoEnumerator,f9b856ee-49a6-4e19-b2b0-6a2406d63a32,true,standard_derived,
Windows.Win32.Storage.Packaging.Appx,IAppxBundleManifestReader,cf0ebbc1-cc99-4106-91eb-e67462e04fb0,true,standard_derived,
Windows.Win32.Storage.Packaging.Appx,IAppxBundleManifestReader2,5517df70-033f-4af2-8213-87d766805c02,true,standard_derived,
Windows.Win32.Storage.Packaging.Appx,IAppxBundleReader,dd75b8c0-ba76-43b0-ae0f-68656a1dc5c8,true,standard_derived,
Windows.Win32.Storage.Packaging.Appx,IAppxBundleReader2,98262195-d63a-4c10-b4cf-dd72e061ba87,true,standard_derived,
Windows.Win32.Storage.Packaging.Appx,IAppxBundleWriter,ec446fe8-bfec-4c64-ab4f-49f038f0c6d2,true,standard_derived,
Windows.Win32.Storage.Packaging.Appx,IAppxBundleWriter2,6d8fe971-01cc-49a0-b685-233851279962,true,standard_derived,
Windows.Win32.Storage.Packaging.Appx,IAppxBundleWriter3,ad711152-f969-4193-82d5-9ddf2786d21a,true,standard_derived,
Windows.Win32.Storage.Packaging.Appx,IAppxBundleWriter4,9cd9d523-5009-4c01-9882-dc029fbd47a3,true,standard_derived,
Windows.Win32.Storage.Packaging.Appx,IAppxContentGroup,328f6468-c04f-4e3c-b6fa-6b8d27f3003a,false,,missing_allocator
Windows.Win32.Storage.Packaging.Appx,IAppxContentGroupFilesEnumerator,1a09a2fd-7440-44eb-8c84-848205a6a1cc,false,,missing_allocator
Windows.Win32.Storage.Packaging.Appx,IAppxContentGroupMapReader,418726d8-dd99-4f5d-9886-157add20de01,true,standard_derived,
Windows.Win32.Storage.Packaging.Appx,IAppxContentGroupMapWriter,d07ab776-a9de-4798-8c14-3db31e687c78,true,standard_derived,
Windows.Win32.Storage.Packaging.Appx,IAppxContentGroupsEnumerator,3264e477-16d1-4d63-823e-7d2984696634,true,standard_derived,
Windows.Win32.Storage.Packaging.Appx,IAppxDigestProvider,9fe2702b-7640-4659-8e6c-349e43c4cdbd,false,,missing_allocator
Windows.Win32.Storage.Packaging.Appx,IAppxEncryptedBundleWriter,80b0902f-7bf0-4117-b8c6-4279ef81ee77,true,standard_derived,
Windows.Win32.Storage.Packaging.Appx,IAppxEncryptedBundleWriter2,e644be82-f0fa-42b8-a956-8d1cb48ee379,true,standard_derived,
Windows.Win32.Storage.Packaging.Appx,IAppxEncryptedBundleWriter3,0d34deb3-5cae-4dd3-977c-504932a51d31,true,standard_derived,
Windows.Win32.Storage.Packaging.Appx,IAppxEncryptedPackageWriter,f43d0b0b-1379-40e2-9b29-682ea2bf42af,true,standard_derived,
Windows.Win32.Storage.Packaging.Appx,IAppxEncryptedPackageWriter2,3e475447-3a25-40b5-8ad2-f953ae50c92d,false,,external_pointee_storage
Windows.Win32.Storage.Packaging.Appx,IAppxEncryptionFactory,80e8e04d-8c88-44ae-a011-7cadf6fb2e72,false,,external_pointee_storage
Windows.Win32.Storage.Packaging.Appx,IAppxEncryptionFactory2,c1b11eee-c4ba-4ab2-a55d-d015fe8ff64f,false,,external_pointee_storage
Windows.Win32.Storage.Packaging.Appx,IAppxEncryptionFactory3,09edca37-cd64-47d6-b7e8-1cb11d4f7e05,false,,external_pointee_storage
Windows.Win32.Storage.Packaging.Appx,IAppxEncryptionFactory4,a879611f-12fd-41fe-85d5-06ae779bbaf5,false,,external_pointee_storage
Windows.Win32.Storage.Packaging.Appx,IAppxEncryptionFactory5,68d6e77a-f446-480f-b0f0-d91a24c60746,true,standard_derived,
Windows.Win32.Storage.Packaging.Appx,IAppxFactory,beb94909-e451-438b-b5a7-d79e767b75d8,false,,external_pointee_storage
Windows.Win32.Storage.Packaging.Appx,IAppxFactory2,f1346df2-c282-4e22-b918-743a929a8d55,true,standard_derived,
Windows.Win32.Storage.Packaging.Appx,IAppxFactory3,776b2c05-e21d-4e24-ba1a-cd529a8bfdbb,true,standard_derived,
Windows.Win32.Storage.Packaging.Appx,IAppxFactory4,92e50000-6934-4c8d-b472-229d431daddf,true,standard_derived,
Windows.Win32.Storage.Packaging.Appx,IAppxFile,91df827b-94fd-468f-827b-57f41b2f6f2e,false,,missing_allocator
Windows.Win32.Storage.Packaging.Appx,IAppxFile2,0c830b3c-40e9-11ee-be56-0242ac120002,false,,missing_allocator
Windows.Win32.Storage.Packaging.Appx,IAppxFilesEnumerator,f007eeaf-9831-411c-9847-917cdc62d1fe,true,standard_derived,
Windows.Win32.Storage.Packaging.Appx,IAppxManifestApplication,5da89bf4-3773-46be-b650-7e744863b7e8,false,,missing_allocator
Windows.Win32.Storage.Packaging.Appx,IAppxManifestApplicationsEnumerator,9eb8a55a-f04b-4d0d-808d-686185d4847a,true,standard_derived,
Windows.Win32.Storage.Packaging.Appx,IAppxManifestCapabilitiesEnumerator,11d22258-f470-42c1-b291-8361c5437e41,false,,missing_allocator
Windows.Win32.Storage.Packaging.Appx,IAppxManifestDeviceCapabilitiesEnumerator,30204541-427b-4a1c-bacf-655bf463a540,false,,missing_allocator
Windows.Win32.Storage.Packaging.Appx,IAppxManifestDriverConstraint,c031bee4-bbcc-48ea-a237-c34045c80a07,false,,missing_allocator
Windows.Win32.Storage.Packaging.Appx,IAppxManifestDriverConstraintsEnumerator,d402b2d1-f600-49e0-95e6-975d8da13d89,true,standard_derived,
Windows.Win32.Storage.Packaging.Appx,IAppxManifestDriverDependenciesEnumerator,fe039db2-467f-4755-8404-8f5eb6865b33,true,standard_derived,
Windows.Win32.Storage.Packaging.Appx,IAppxManifestDriverDependency,1210cb94-5a92-4602-be24-79f318af4af9,true,standard_derived,
Windows.Win32.Storage.Packaging.Appx,IAppxManifestHostRuntimeDependenciesEnumerator,6427a646-7f49-433e-b1a6-0da309f6885a,true,standard_derived,
Windows.Win32.Storage.Packaging.Appx,IAppxManifestHostRuntimeDependency,3455d234-8414-410d-95c7-7b35255b8391,false,,missing_allocator
Windows.Win32.Storage.Packaging.Appx,IAppxManifestHostRuntimeDependency2,c26f23a8-ee10-4ad6-b898-2b4d7aebfe6a,false,,missing_allocator
Windows.Win32.Storage.Packaging.Appx,IAppxManifestMainPackageDependenciesEnumerator,a99c4f00-51d2-4f0f-ba46-7ed5255ebdff,true,standard_derived,
Windows.Win32.Storage.Packaging.Appx,IAppxManifestMainPackageDependency,05d0611c-bc29-46d5-97e2-84b9c79bd8ae,false,,missing_allocator
Windows.Win32.Storage.Packaging.Appx,IAppxManifestOSPackageDependenciesEnumerator,b84e2fc3-f8ec-4bc1-8ae2-156346f5ffea,true,standard_derived,
Windows.Win32.Storage.Packaging.Appx,IAppxManifestOSPackageDependency,154995ee-54a6-4f14-ac97-d8cf0519644b,false,,missing_allocator
Windows.Win32.Storage.Packaging.Appx,IAppxManifestOptionalPackageInfo,2634847d-5b5d-4fe5-a243-002ff95edc7e,false,,missing_allocator
Windows.Win32.Storage.Packaging.Appx,IAppxManifestPackageDependenciesEnumerator,b43bbcf9-65a6-42dd-bac0-8c6741e7f5a4,true,standard_derived,
Windows.Win32.Storage.Packaging.Appx,IAppxManifestPackageDependency,e4946b59-733e-43f0-a724-3bde4c1285a0,false,,missing_allocator
Windows.Win32.Storage.Packaging.Appx,IAppxManifestPackageDependency2,dda0b713-f3ff-49d3-898a-2786780c5d98,false,,missing_allocator
Windows.Win32.Storage.Packaging.Appx,IAppxManifestPackageDependency3,1ac56374-6198-4d6b-92e4-749d5ab8a895,true,standard_derived,
Windows.Win32.Storage.Packaging.Appx,IAppxManifestPackageId,283ce2d7-7153-4a91-9649-7a0f7240945f,false,,missing_allocator
Windows.Win32.Storage.Packaging.Appx,IAppxManifestPackageId2,2256999d-d617-42f1-880e-0ba4542319d5,false,,missing_allocator
Windows.Win32.Storage.Packaging.Appx,IAppxManifestProperties,03faf64d-f26f-4b2c-aaf7-8fe7789b8bca,false,,missing_allocator
Windows.Win32.Storage.Packaging.Appx,IAppxManifestQualifiedResource,3b53a497-3c5c-48d1-9ea3-bb7eac8cd7d4,false,,missing_allocator
Windows.Win32.Storage.Packaging.Appx,IAppxManifestQualifiedResourcesEnumerator,8ef6adfe-3762-4a8f-9373-2fc5d444c8d2,true,standard_derived,
Windows.Win32.Storage.Packaging.Appx,IAppxManifestReader,4e1bd148-55a0-4480-a3d1-15544710637c,true,standard_derived,
Windows.Win32.Storage.Packaging.Appx,IAppxManifestReader2,d06f67bc-b31d-4eba-a8af-638e73e77b4d,true,standard_derived,
Windows.Win32.Storage.Packaging.Appx,IAppxManifestReader3,c43825ab-69b7-400a-9709-cc37f5a72d24,true,standard_derived,
Windows.Win32.Storage.Packaging.Appx,IAppxManifestReader4,4579bb7c-741d-4161-b5a1-47bd3b78ad9b,true,standard_derived,
Windows.Win32.Storage.Packaging.Appx,IAppxManifestReader5,8d7ae132-a690-4c00-b75a-6aae1feaac80,true,standard_derived,
Windows.Win32.Storage.Packaging.Appx,IAppxManifestReader6,34deaca4-d3c0-4e3e-b312-e42625e3807e,true,standard_derived,
Windows.Win32.Storage.Packaging.Appx,IAppxManifestReader7,8efe6f27-0ce0-4988-b32d-738eb63db3b7,true,standard_derived,
Windows.Win32.Storage.Packaging.Appx,IAppxManifestResourcesEnumerator,de4dfbbd-881a-48bb-858c-d6f2baeae6ed,false,,missing_allocator
Windows.Win32.Storage.Packaging.Appx,IAppxManifestTargetDeviceFamiliesEnumerator,36537f36-27a4-4788-88c0-733819575017,true,standard_derived,
Windows.Win32.Storage.Packaging.Appx,IAppxManifestTargetDeviceFamily,9091b09b-c8d5-4f31-8687-a338259faefb,false,,missing_allocator
Windows.Win32.Storage.Packaging.Appx,IAppxPackageEditor,e2adb6dc-5e71-4416-86b6-86e5f5291a6b,false,,external_pointee_storage
Windows.Win32.Storage.Packaging.Appx,IAppxPackageReader,b5c49650-99bc-481c-9a34-3d53a4106708,true,standard_derived,
Windows.Win32.Storage.Packaging.Appx,IAppxPackageWriter,9099e33b-246f-41e4-881a-008eb613f858,true,standard_derived,
Windows.Win32.Storage.Packaging.Appx,IAppxPackageWriter2,2cf5c4fd-e54c-4ea5-ba4e-f8c4b105a8c8,true,standard_derived,
Windows.Win32.Storage.Packaging.Appx,IAppxPackageWriter3,a83aacd3-41c0-4501-b8a3-74164f50b2fd,false,,external_pointee_storage
Windows.Win32.Storage.Packaging.Appx,IAppxPackagingDiagnosticEventSink,17239d47-6adb-45d2-80f6-f9cbc3bf059d,true,standard_derived,
Windows.Win32.Storage.Packaging.Appx,IAppxPackagingDiagnosticEventSinkManager,369648fa-a7eb-4909-a15d-6954a078f18a,true,standard_derived,
Windows.Win32.Storage.Packaging.Appx,IAppxSourceContentGroupMapReader,f329791d-540b-4a9f-bc75-3282b7d73193,true,standard_derived,
Windows.Win32.Storage.Packaging.Opc,IOpcCertificateEnumerator,85131937-8f24-421f-b439-59ab24d140b8,false,,missing_allocator
Windows.Win32.Storage.Packaging.Opc,IOpcCertificateSet,56ea4325-8e2d-4167-b1a4-e486d24c8fa7,false,,nested_pointer_lifetime
Windows.Win32.Storage.Packaging.Opc,IOpcDigitalSignature,52ab21dd-1cd0-4949-bc80-0c1232d00cb4,false,,missing_allocator
Windows.Win32.Storage.Packaging.Opc,IOpcDigitalSignatureEnumerator,967b6882-0ba3-4358-b9e7-b64c75063c5e,true,standard_derived,
Windows.Win32.Storage.Packaging.Opc,IOpcDigitalSignatureManager,d5e62a0b-696d-462f-94df-72e33cef2659,false,,nested_pointer_lifetime
Windows.Win32.Storage.Packaging.Opc,IOpcFactory,6d0b4446-cd73-4ab3-94f4-8ccdf6116154,true,standard_derived,
Windows.Win32.Storage.Packaging.Opc,IOpcPackage,42195949-3b79-4fc8-89c6-fc7fb979ee70,true,standard_derived,
Windows.Win32.Storage.Packaging.Opc,IOpcPart,42195949-3b79-4fc8-89c6-fc7fb979ee71,false,,missing_allocator
Windows.Win32.Storage.Packaging.Opc,IOpcPartEnumerator,42195949-3b79-4fc8-89c6-fc7fb979ee75,true,standard_derived,
Windows.Win32.Storage.Packaging.Opc,IOpcPartSet,42195949-3b79-4fc8-89c6-fc7fb979ee73,true,standard_derived,
Windows.Win32.Storage.Packaging.Opc,IOpcPartUri,7d3babe7-88b2-46ba-85cb-4203cb016c87,true,standard_derived,
Windows.Win32.Storage.Packaging.Opc,IOpcRelationship,42195949-3b79-4fc8-89c6-fc7fb979ee72,false,,missing_allocator
Windows.Win32.Storage.Packaging.Opc,IOpcRelationshipEnumerator,42195949-3b79-4fc8-89c6-fc7fb979ee76,true,standard_derived,
Windows.Win32.Storage.Packaging.Opc,IOpcRelationshipSelector,f8f26c7f-b28f-4899-84c8-5d5639ede75f,false,,missing_allocator
Windows.Win32.Storage.Packaging.Opc,IOpcRelationshipSelectorEnumerator,5e50a181-a91b-48ac-88d2-bca3d8f8c0b1,true,standard_derived,
Windows.Win32.Storage.Packaging.Opc,IOpcRelationshipSelectorSet,6e34c269-a4d3-47c0-b5c4-87ff2b3b6136,true,standard_derived,
Windows.Win32.Storage.Packaging.Opc,IOpcRelationshipSet,42195949-3b79-4fc8-89c6-fc7fb979ee74,true,standard_derived,
Windows.Win32.Storage.Packaging.Opc,IOpcSignatureCustomObject,5d77a19e-62c1-44e7-becd-45da5ae51a56,true,exact_registry_dependent,
Windows.Win32.Storage.Packaging.Opc,IOpcSignatureCustomObjectEnumerator,5ee4fe1d-e1b0-4683-8079-7ea0fcf80b4c,true,standard_derived,
Windows.Win32.Storage.Packaging.Opc,IOpcSignatureCustomObjectSet,8f792ac5-7947-4e11-bc3d-2659ff046ae1,true,standard_derived,
Windows.Win32.Storage.Packaging.Opc,IOpcSignaturePartReference,e24231ca-59f4-484e-b64b-36eeda36072c,false,,missing_allocator
Windows.Win32.Storage.Packaging.Opc,IOpcSignaturePartReferenceEnumerator,80eb1561-8c77-49cf-8266-459b356ee99a,true,standard_derived,
Windows.Win32.Storage.Packaging.Opc,IOpcSignaturePartReferenceSet,6c9fe28c-ecd9-4b22-9d36-7fdde670fec0,true,standard_derived,
Windows.Win32.Storage.Packaging.Opc,IOpcSignatureReference,1b47005e-3011-4edc-be6f-0f65e5ab0342,false,,missing_allocator
Windows.Win32.Storage.Packaging.Opc,IOpcSignatureReferenceEnumerator,cfa59a45-28b1-4868-969e-fa8097fdc12a,true,standard_derived,
Windows.Win32.Storage.Packaging.Opc,IOpcSignatureReferenceSet,f3b02d31-ab12-42dd-9e2f-2b16761c3c1e,true,standard_derived,
Windows.Win32.Storage.Packaging.Opc,IOpcSignatureRelationshipReference,57babac6-9d4a-4e50-8b86-e5d4051eae7c,false,,missing_allocator
Windows.Win32.Storage.Packaging.Opc,IOpcSignatureRelationshipReferenceEnumerator,773ba3e4-f021-48e4-aa04-9816db5d3495,true,standard_derived,
Windows.Win32.Storage.Packaging.Opc,IOpcSignatureRelationshipReferenceSet,9f863ca5-3631-404c-828d-807e0715069b,true,standard_derived,
Windows.Win32.Storage.Packaging.Opc,IOpcSigningOptions,50d2d6a5-7aeb-46c0-b241-43ab0e9b407e,false,,missing_allocator
Windows.Win32.Storage.Packaging.Opc,IOpcUri,bc9c1b9b-d62c-49eb-aef0-3b4e0b28ebed,true,standard_derived,
Windows.Win32.Storage.VirtualDiskService,IEnumVdsObject,118610b7-8d94-4030-b5b8-500889788e4e,true,exact_registry_dependent,
Windows.Win32.Storage.VirtualDiskService,IVdsAdmin,d188e97d-85aa-4d33-abc6-26299a10ffc1,true,standard_derived,
Windows.Win32.Storage.VirtualDiskService,IVdsAdvancedDisk,6e6f6b40-977c-4069-bddd-ac710059f8c0,false,,incomplete_pointee_layout_for_storage
Windows.Win32.Storage.VirtualDiskService,IVdsAdvancedDisk2,9723f420-9355-42de-ab66-e31bb15beeac,false,,external_pointee_storage
Windows.Win32.Storage.VirtualDiskService,IVdsAdvancedDisk3,3858c0d5-0f35-4bf5-9714-69874963bc36,false,,incomplete_pointee_layout_for_storage
Windows.Win32.Storage.VirtualDiskService,IVdsAdviseSink,8326cd1d-cf59-4936-b786-5efc08798e25,false,,external_pointee_storage
Windows.Win32.Storage.VirtualDiskService,IVdsAsync,d5d23b6d-5a55-4492-9889-397a3c2d2dbc,false,,incomplete_pointee_layout_for_storage
Windows.Win32.Storage.VirtualDiskService,IVdsController,cb53d96e-dffb-474a-a078-790d1e2bc082,false,,safe_projection_incomplete
Windows.Win32.Storage.VirtualDiskService,IVdsControllerControllerPort,ca5d735f-6bae-42c0-b30e-f2666045ce71,true,standard_derived,
Windows.Win32.Storage.VirtualDiskService,IVdsControllerPort,18691d0d-4e7f-43e8-92e4-cf44beeed11c,false,,safe_projection_incomplete
Windows.Win32.Storage.VirtualDiskService,IVdsCreatePartitionEx,9882f547-cfc3-420b-9750-00dfbec50662,false,,external_pointee_storage
Windows.Win32.Storage.VirtualDiskService,IVdsDisk,07e5c822-f00c-47a1-8fce-b244da56fd06,false,,incomplete_pointee_layout_for_storage
Windows.Win32.Storage.VirtualDiskService,IVdsDisk2,40f73c8b-687d-4a13-8d96-3d7f2e683936,true,standard_derived,
Windows.Win32.Storage.VirtualDiskService,IVdsDisk3,8f4b2f5d-ec15-4357-992f-473ef10975b9,false,,incomplete_pointee_layout_for_storage
Windows.Win32.Storage.VirtualDiskService,IVdsDiskOnline,90681b1d-6a7f-48e8-9061-31b7aa125322,true,standard_derived,
Windows.Win32.Storage.VirtualDiskService,IVdsDiskPartitionMF,538684e0-ba3d-4bc0-aca9-164aff85c2a9,false,,missing_allocator
Windows.Win32.Storage.VirtualDiskService,IVdsDiskPartitionMF2,9cbe50ca-f2d2-4bf4-ace1-96896b729625,true,standard_derived,
Windows.Win32.Storage.VirtualDiskService,IVdsDrive,ff24efa4-aade-4b6b-898b-eaa6a20887c7,false,,missing_allocator
Windows.Win32.Storage.VirtualDiskService,IVdsDrive2,60b5a730-addf-4436-8ca7-5769e2d1ffa4,false,,safe_projection_incomplete
Windows.Win32.Storage.VirtualDiskService,IVdsHbaPort,2abd757f-2851-4997-9a13-47d2a885d6ca,true,standard_derived,
Windows.Win32.Storage.VirtualDiskService,IVdsHwProvider,d99bdaae-b13a-4178-9fdb-e27f16b4603e,true,standard_derived,
Windows.Win32.Storage.VirtualDiskService,IVdsHwProviderPrivate,98f17bf3-9f33-4f12-8714-8b4075092c2e,true,standard_derived,
Windows.Win32.Storage.VirtualDiskService,IVdsHwProviderPrivateMpio,310a7715-ac2b-4c6f-9827-3d742f351676,true,standard_derived,
Windows.Win32.Storage.VirtualDiskService,IVdsHwProviderStoragePools,d5b5937a-f188-4c79-b86c-11c920ad11b8,true,standard_derived,
Windows.Win32.Storage.VirtualDiskService,IVdsHwProviderType,3e0f5166-542d-4fc6-947a-012174240b7e,true,standard_derived,
Windows.Win32.Storage.VirtualDiskService,IVdsHwProviderType2,8190236f-c4d0-4e81-8011-d69512fcc984,true,standard_derived,
Windows.Win32.Storage.VirtualDiskService,IVdsIscsiInitiatorAdapter,b07fedd4-1682-4440-9189-a39b55194dc5,false,,safe_projection_incomplete
Windows.Win32.Storage.VirtualDiskService,IVdsIscsiInitiatorPortal,38a0a9ab-7cc8-4693-ac07-1f28bd03c3da,true,standard_derived,
Windows.Win32.Storage.VirtualDiskService,IVdsIscsiPortal,7fa1499d-ec85-4a8a-a47b-ff69201fcd34,true,standard_derived,
Windows.Win32.Storage.VirtualDiskService,IVdsIscsiPortalGroup,fef5f89d-a3dd-4b36-bf28-e7dde045c593,true,standard_derived,
Windows.Win32.Storage.VirtualDiskService,IVdsIscsiPortalLocal,ad837c28-52c1-421d-bf04-fae7da665396,true,standard_derived,
Windows.Win32.Storage.VirtualDiskService,IVdsIscsiTarget,aa8f5055-83e5-4bcc-aa73-19851a36a849,false,,missing_allocator
Windows.Win32.Storage.VirtualDiskService,IVdsLun,3540a9c7-e60f-4111-a840-8bba6c2c83d8,false,,nested_pointer_lifetime
Windows.Win32.Storage.VirtualDiskService,IVdsLun2,e5b3a735-9efb-499a-8071-4394d9ee6fcb,true,standard_derived,
Windows.Win32.Storage.VirtualDiskService,IVdsLunControllerPorts,451fe266-da6d-406a-bb60-82e534f85aeb,true,standard_derived,
Windows.Win32.Storage.VirtualDiskService,IVdsLunIscsi,0d7c1e64-b59b-45ae-b86a-2c2cc6a42067,true,standard_derived,
Windows.Win32.Storage.VirtualDiskService,IVdsLunMpio,7c5fbae3-333a-48a1-a982-33c15788cde3,false,,external_pointee_storage
Windows.Win32.Storage.VirtualDiskService,IVdsLunNaming,907504cb-6b4e-4d88-a34d-17ba661fbb06,true,standard_derived,
Windows.Win32.Storage.VirtualDiskService,IVdsLunNumber,d3f95e46-54b3-41f9-b678-0f1871443a08,true,standard_derived,
Windows.Win32.Storage.VirtualDiskService,IVdsLunPlex,0ee1a790-5d2e-4abb-8c99-c481e8be2138,false,,missing_allocator
Windows.Win32.Storage.VirtualDiskService,IVdsMaintenance,daebeef3-8523-47ed-a2b9-05cecce2a1ae,true,standard_derived,
Windows.Win32.Storage.VirtualDiskService,IVdsOpenVDisk,75c8f324-f715-4fe3-a28e-f9011b61a4a1,true,standard_derived,
Windows.Win32.Storage.VirtualDiskService,IVdsPack,3b69d7f5-9d94-4648-91ca-79939ba263bf,false,,safe_projection_incomplete
Windows.Win32.Storage.VirtualDiskService,IVdsPack2,13b50bff-290a-47dd-8558-b7c58db1a71a,true,standard_derived,
Windows.Win32.Storage.VirtualDiskService,IVdsProvider,10c5e575-7984-4e81-a56b-431f5f92ae42,false,,safe_projection_incomplete
Windows.Win32.Storage.VirtualDiskService,IVdsProviderPrivate,11f3cd41-b7e8-48ff-9472-9dff018aa292,true,standard_derived,
Windows.Win32.Storage.VirtualDiskService,IVdsProviderSupport,1732be13-e8f9-4a03-bfbc-5f616aa66ce1,true,standard_derived,
Windows.Win32.Storage.VirtualDiskService,IVdsRemovable,0316560b-5db4-4ed9-bbb5-213436ddc0d9,true,standard_derived,
Windows.Win32.Storage.VirtualDiskService,IVdsService,0818a8ef-9ba9-40d8-a6f9-e22833cc771e,false,,missing_allocator
Windows.Win32.Storage.VirtualDiskService,IVdsServiceHba,0ac13689-3134-47c6-a17c-4669216801be,true,standard_derived,
Windows.Win32.Storage.VirtualDiskService,IVdsServiceInitialization,4afc3636-db01-4052-80c3-03bbcb8d3c69,true,standard_derived,
Windows.Win32.Storage.VirtualDiskService,IVdsServiceIscsi,14fbe036-3ed7-4e10-90e9-a5ff991aff01,false,,missing_allocator
Windows.Win32.Storage.VirtualDiskService,IVdsServiceLoader,e0393303-90d4-4a97-ab71-e9b671ee2729,true,standard_derived,
Windows.Win32.Storage.VirtualDiskService,IVdsServiceSAN,fc5d23e8-a88b-41a5-8de0-2d2f73c5a630,true,standard_derived,
Windows.Win32.Storage.VirtualDiskService,IVdsServiceSw,15fc031c-0652-4306-b2c3-f558b8f837e2,true,standard_derived,
Windows.Win32.Storage.VirtualDiskService,IVdsServiceUninstallDisk,b6b22da8-f903-4be7-b492-c09d875ac9da,true,standard_derived,
Windows.Win32.Storage.VirtualDiskService,IVdsStoragePool,932ca8cf-0eb3-4ba8-9620-22665d7f8450,false,,missing_allocator
Windows.Win32.Storage.VirtualDiskService,IVdsSubSystem,6fcee2d3-6d90-4f91-80e2-a5c7caaca9d8,false,,safe_projection_incomplete
Windows.Win32.Storage.VirtualDiskService,IVdsSubSystem2,be666735-7800-4a77-9d9c-40f85b87e292,false,,safe_projection_incomplete
Windows.Win32.Storage.VirtualDiskService,IVdsSubSystemImportTarget,83bfb87f-43fb-4903-baa6-127f01029eec,false,,missing_allocator
Windows.Win32.Storage.VirtualDiskService,IVdsSubSystemInterconnect,9e6fa560-c141-477b-83ba-0b6c38f7febf,true,standard_derived,
Windows.Win32.Storage.VirtualDiskService,IVdsSubSystemIscsi,0027346f-40d0-4b45-8cec-5906dc0380c8,true,standard_derived,
Windows.Win32.Storage.VirtualDiskService,IVdsSubSystemNaming,0d70faa3-9cd4-4900-aa20-6981b6aafc75,true,standard_derived,
Windows.Win32.Storage.VirtualDiskService,IVdsSwProvider,9aa58360-ce33-4f92-b658-ed24b14425b8,true,standard_derived,
Windows.Win32.Storage.VirtualDiskService,IVdsVDisk,1e062b84-e5e6-4b4b-8a25-67b81e8f13e8,false,,missing_allocator
Windows.Win32.Storage.VirtualDiskService,IVdsVdProvider,b481498c-8354-45f9-84a0-0bdd2832a91f,false,,missing_interface_replacement_contract
Windows.Win32.Storage.VirtualDiskService,IVdsVolume,88306bb2-e71f-478c-86a2-79da200a0f11,false,,safe_projection_incomplete
Windows.Win32.Storage.VirtualDiskService,IVdsVolume2,72ae6713-dcbb-4a03-b36b-371f6ac6b53d,false,,nested_pointer_lifetime
Windows.Win32.Storage.VirtualDiskService,IVdsVolumeMF,ee2d5ded-6236-4169-931d-b9778ce03dc6,false,,missing_allocator
Windows.Win32.Storage.VirtualDiskService,IVdsVolumeMF2,4dbcee9a-6343-4651-b85f-5e75d74d983c,false,,missing_allocator
Windows.Win32.Storage.VirtualDiskService,IVdsVolumeMF3,6788faf9-214e-4b85-ba59-266953616e09,false,,missing_allocator
Windows.Win32.Storage.VirtualDiskService,IVdsVolumeOnline,1be2275a-b315-4f70-9e44-879b3a2a53f2,true,standard_derived,
Windows.Win32.Storage.VirtualDiskService,IVdsVolumePlex,4daa0135-e1d1-40f1-aaa5-3cc1e53221c3,false,,missing_allocator
Windows.Win32.Storage.VirtualDiskService,IVdsVolumeShrink,d68168c9-82a2-4f85-b6e9-74707c49a58f,true,standard_derived,
Windows.Win32.Storage.Vss,IVssAdmin,77ed5996-2f63-11d3-8a39-00c04f72d8e3,true,standard_derived,
Windows.Win32.Storage.Vss,IVssAdminEx,7858a9f8-b1fa-41a6-964f-b9b36b8cd8d8,true,standard_derived,
Windows.Win32.Storage.Vss,IVssAsync,507c37b4-cf5b-4e95-b0af-14eb9767467e,true,standard_derived,
Windows.Win32.Storage.Vss,IVssBackupComponents,665c1d5f-c218-414d-a05d-7fef5f9d5c86,false,,missing_interface_iid
Windows.Win32.Storage.Vss,IVssBackupComponentsEx,963f03ad-9e4c-4a34-ac15-e4b6174e5036,false,,missing_interface_iid
Windows.Win32.Storage.Vss,IVssBackupComponentsEx2,acfe2b3a-22c9-4ef8-bd03-2f9ca230084e,false,,missing_interface_iid
Windows.Win32.Storage.Vss,IVssBackupComponentsEx3,c191bfbc-b602-4675-8bd1-67d642f529d5,false,,missing_interface_iid
Windows.Win32.Storage.Vss,IVssBackupComponentsEx4,f434c2fd-b553-4961-a9f9-a8e90b673e53,false,,missing_interface_iid
Windows.Win32.Storage.Vss,IVssComponent,d2c72c96-c121-4518-b627-e5a93d010ead,false,,missing_interface_iid
Windows.Win32.Storage.Vss,IVssComponentEx,156c8b5e-f131-4bd7-9c97-d1923be7e1fa,false,,missing_interface_iid
Windows.Win32.Storage.Vss,IVssComponentEx2,3b5be0f2-07a9-4e4b-bdd3-cfdc8e2c0d2d,false,,missing_interface_iid
Windows.Win32.Storage.Vss,IVssCreateExpressWriterMetadata,9c772e77-b26e-427f-92dd-c996f41ea5e3,true,standard_derived,
Windows.Win32.Storage.Vss,IVssDifferentialSoftwareSnapshotMgmt,214a0f28-b737-4026-b847-4f9e37d79529,true,standard_derived,
Windows.Win32.Storage.Vss,IVssDifferentialSoftwareSnapshotMgmt2,949d7353-675f-4275-8969-f044c6277815,true,standard_derived,
Windows.Win32.Storage.Vss,IVssDifferentialSoftwareSnapshotMgmt3,383f7e71-a4c5-401f-b27f-f826289f8458,false,,missing_allocator
Windows.Win32.Storage.Vss,IVssEnumMgmtObject,01954e6b-9254-4e6e-808c-c9e05d007696,false,,incomplete_pointee_layout_for_storage
Windows.Win32.Storage.Vss,IVssEnumObject,ae1c7110-2f60-11d3-8a39-00c04f72d8e3,false,,incomplete_pointee_layout_for_storage
Windows.Win32.Storage.Vss,IVssExamineWriterMetadata,902fcf7f-b7fd-42f8-81f1-b2e400b1e5bd,false,,missing_interface_iid
Windows.Win32.Storage.Vss,IVssExamineWriterMetadataEx,0c0e5ec0-ca44-472b-b702-e652db1c0451,false,,missing_interface_iid
Windows.Win32.Storage.Vss,IVssExamineWriterMetadataEx2,ce115780-a611-431b-b57f-c38303ab6aee,false,,missing_interface_iid
Windows.Win32.Storage.Vss,IVssExpressWriter,e33affdc-59c7-47b1-97d5-4266598f6235,true,standard_derived,
Windows.Win32.Storage.Vss,IVssFileShareSnapshotProvider,c8636060-7c2e-11df-8c4a-0800200c9a66,false,,nested_pointer_lifetime
Windows.Win32.Storage.Vss,IVssHardwareSnapshotProvider,9593a157-44e9-4344-bbeb-44fbf9b06b10,false,,nested_pointer_lifetime
Windows.Win32.Storage.Vss,IVssHardwareSnapshotProviderEx,7f5ba925-cdb1-4d11-a71f-339eb7e709fd,false,,nested_pointer_lifetime
Windows.Win32.Storage.Vss,IVssProviderCreateSnapshotSet,5f894e5b-1e39-4778-8e23-9abad9f0e08c,true,standard_derived,
Windows.Win32.Storage.Vss,IVssProviderNotifications,e561901f-03a5-4afe-86d0-72baeece7004,true,standard_derived,
Windows.Win32.Storage.Vss,IVssSnapshotMgmt,fa7df749-66e7-4986-a27f-e2f04ae53772,true,standard_derived,
Windows.Win32.Storage.Vss,IVssSnapshotMgmt2,0f61ec39-fe82-45f2-a3f0-768b5d427102,true,standard_derived,
Windows.Win32.Storage.Vss,IVssSoftwareSnapshotProvider,609e123e-2c5a-44d3-8f01-0b1d9a47d1ff,false,,nested_pointer_lifetime
Windows.Win32.Storage.Vss,IVssWMComponent,,false,,missing_declaring_iid
Windows.Win32.Storage.Vss,IVssWMDependency,,false,,missing_declaring_iid
Windows.Win32.Storage.Vss,IVssWMFiledesc,,false,,missing_declaring_iid
Windows.Win32.Storage.Vss,IVssWriterComponentsExt,,false,,missing_interface_iid
Windows.Win32.Storage.Xps,IXpsDocumentPackageTarget,3b0b6d38-53ad-41da-b212-d37637a6714e,true,standard_derived,
Windows.Win32.Storage.Xps,IXpsDocumentPackageTarget3D,60ba71b8-3101-4984-9199-f4ea775ff01d,true,standard_derived,
Windows.Win32.Storage.Xps,IXpsOMBrush,56a3f80c-ea4c-4187-a57b-a2a473b2b42b,true,standard_derived,
Windows.Win32.Storage.Xps,IXpsOMCanvas,221d1452-331e-47c6-87e9-6ccefb9b5ba3,false,,missing_allocator
Windows.Win32.Storage.Xps,IXpsOMColorProfileResource,67bd7d69-1eef-4bb1-b5e7-6f4f87be8abe,true,standard_derived,
Windows.Win32.Storage.Xps,IXpsOMColorProfileResourceCollection,12759630-5fba-4283-8f7d-cca849809edb,true,standard_derived,
Windows.Win32.Storage.Xps,IXpsOMCoreProperties,3340fe8f-4027-4aa1-8f5f-d35ae45fe597,false,,missing_allocator
Windows.Win32.Storage.Xps,IXpsOMDashCollection,081613f4-74eb-48f2-83b3-37a9ce2d7dc6,true,standard_derived,
Windows.Win32.Storage.Xps,IXpsOMDictionary,897c86b8-8eaf-4ae3-bdde-56419fcf4236,false,,missing_allocator
Windows.Win32.Storage.Xps,IXpsOMDocument,2c2c94cb-ac5f-4254-8ee9-23948309d9f0,true,standard_derived,
Windows.Win32.Storage.Xps,IXpsOMDocumentCollection,d1c87f0d-e947-4754-8a25-971478f7e83e,true,standard_derived,
Windows.Win32.Storage.Xps,IXpsOMDocumentSequence,56492eb4-d8d5-425e-8256-4c2b64ad0264,true,standard_derived,
Windows.Win32.Storage.Xps,IXpsOMDocumentStructureResource,85febc8a-6b63-48a9-af07-7064e4ecff30,true,standard_derived,
Windows.Win32.Storage.Xps,IXpsOMFontResource,a8c45708-47d9-4af4-8d20-33b48c9b8485,true,standard_derived,
Windows.Win32.Storage.Xps,IXpsOMFontResourceCollection,70b4a6bb-88d4-4fa8-aaf9-6d9c596fdbad,true,standard_derived,
Windows.Win32.Storage.Xps,IXpsOMGeometry,64fcf3d7-4d58-44ba-ad73-a13af6492072,false,,missing_allocator
Windows.Win32.Storage.Xps,IXpsOMGeometryFigure,d410dc83-908c-443e-8947-b1795d3c165a,true,standard_derived,
Windows.Win32.Storage.Xps,IXpsOMGeometryFigureCollection,fd48c3f3-a58e-4b5a-8826-1de54abe72b2,true,standard_derived,
Windows.Win32.Storage.Xps,IXpsOMGlyphs,819b3199-0a5a-4b64-bec7-a9e17e780de2,false,,missing_allocator
Windows.Win32.Storage.Xps,IXpsOMGlyphsEditor,a5ab8616-5b16-4b9f-9629-89b323ed7909,false,,missing_allocator
Windows.Win32.Storage.Xps,IXpsOMGradientBrush,edb59622-61a2-42c3-bace-acf2286c06bf,false,,missing_allocator
Windows.Win32.Storage.Xps,IXpsOMGradientStop,5cf4f5cc-3969-49b5-a70a-5550b618fe49,false,,incomplete_pointee_layout_for_storage
Windows.Win32.Storage.Xps,IXpsOMGradientStopCollection,c9174c3a-3cd3-4319-bda4-11a39392ceef,true,standard_derived,
Windows.Win32.Storage.Xps,IXpsOMImageBrush,3df0b466-d382-49ef-8550-dd94c80242e4,false,,missing_allocator
Windows.Win32.Storage.Xps,IXpsOMImageResource,3db8417d-ae50-485e-9a44-d7758f78a23f,true,standard_derived,
Windows.Win32.Storage.Xps,IXpsOMImageResourceCollection,7a4a1a71-9cde-4b71-b33f-62de843eabfe,true,standard_derived,
Windows.Win32.Storage.Xps,IXpsOMLinearGradientBrush,005e279f-c30d-40ff-93ec-1950d3c528db,false,,missing_allocator
Windows.Win32.Storage.Xps,IXpsOMMatrixTransform,b77330ff-bb37-4501-a93e-f1b1e50bfc46,true,standard_derived,
Windows.Win32.Storage.Xps,IXpsOMNameCollection,4bddf8ec-c915-421b-a166-d173d25653d2,false,,missing_allocator
Windows.Win32.Storage.Xps,IXpsOMObjectFactory,f9b2a685-a50d-4fc2-b764-b56e093ea0ca,false,,external_pointee_storage
Windows.Win32.Storage.Xps,IXpsOMObjectFactory1,0a91b617-d612-4181-bf7c-be5824e9cc8f,false,,external_pointee_storage
Windows.Win32.Storage.Xps,IXpsOMPackage,18c3df65-81e1-4674-91dc-fc452f5a416f,true,standard_derived,
Windows.Win32.Storage.Xps,IXpsOMPackage1,95a9435e-12bb-461b-8e7f-c6adb04cd96a,true,standard_derived,
Windows.Win32.Storage.Xps,IXpsOMPackageTarget,219a9db0-4959-47d0-8034-b1ce84f41a4d,true,standard_derived,
Windows.Win32.Storage.Xps,IXpsOMPackageWriter,4e2aa182-a443-42c6-b41b-4f8e9de73ff9,true,standard_derived,
Windows.Win32.Storage.Xps,IXpsOMPackageWriter3D,e8a45033-640e-43fa-9bdf-fddeaa31c6a0,true,standard_derived,
Windows.Win32.Storage.Xps,IXpsOMPage,d3e18888-f120-4fee-8c68-35296eae91d4,false,,missing_allocator
Windows.Win32.Storage.Xps,IXpsOMPage1,305b60ef-6892-4dda-9cbb-3aa65974508a,false,,missing_allocator
Windows.Win32.Storage.Xps,IXpsOMPageReference,ed360180-6f92-4998-890d-2f208531a0a0,true,standard_derived,
Windows.Win32.Storage.Xps,IXpsOMPageReferenceCollection,ca16ba4d-e7b9-45c5-958b-f98022473745,true,standard_derived,
Windows.Win32.Storage.Xps,IXpsOMPart,74eb2f0b-a91e-4486-afac-0fabeca3dfc6,true,standard_derived,
Windows.Win32.Storage.Xps,IXpsOMPartResources,f4cf7729-4864-4275-99b3-a8717163ecaf,true,standard_derived,
Windows.Win32.Storage.Xps,IXpsOMPartUriCollection,57c650d4-067c-4893-8c33-f62a0633730f,true,standard_derived,
Windows.Win32.Storage.Xps,IXpsOMPath,37d38bb6-3ee9-4110-9312-14b194163337,false,,missing_allocator
Windows.Win32.Storage.Xps,IXpsOMPrintTicketResource,e7ff32d2-34aa-499b-bbe9-9cd4ee6c59f7,true,standard_derived,
Windows.Win32.Storage.Xps,IXpsOMRadialGradientBrush,75f207e5-08bf-413c-96b1-b82b4064176b,false,,missing_allocator
Windows.Win32.Storage.Xps,IXpsOMRemoteDictionaryResource,c9bd7cd4-e16a-4bf8-8c84-c950af7a3061,true,standard_derived,
Windows.Win32.Storage.Xps,IXpsOMRemoteDictionaryResource1,bf8fc1d4-9d46-4141-ba5f-94bb9250d041,true,standard_derived,
Windows.Win32.Storage.Xps,IXpsOMRemoteDictionaryResourceCollection,5c38db61-7fec-464a-87bd-41e3bef018be,true,standard_derived,
Windows.Win32.Storage.Xps,IXpsOMResource,da2ac0a2-73a2-4975-ad14-74097c3ff3a5,true,standard_derived,
Windows.Win32.Storage.Xps,IXpsOMShareable,7137398f-2fc1-454d-8c6a-2c3115a16ece,true,standard_derived,
Windows.Win32.Storage.Xps,IXpsOMSignatureBlockResource,4776ad35-2e04-4357-8743-ebf6c171a905,true,standard_derived,
Windows.Win32.Storage.Xps,IXpsOMSignatureBlockResourceCollection,ab8f5d8e-351b-4d33-aaed-fa56f0022931,true,standard_derived,
Windows.Win32.Storage.Xps,IXpsOMSolidColorBrush,a06f9f05-3be9-4763-98a8-094fc672e488,false,,incomplete_pointee_layout_for_storage
Windows.Win32.Storage.Xps,IXpsOMStoryFragmentsResource,c2b3ca09-0473-4282-87ae-1780863223f0,true,standard_derived,
Windows.Win32.Storage.Xps,IXpsOMThumbnailGenerator,15b873d5-1971-41e8-83a3-6578403064c7,true,standard_derived,
Windows.Win32.Storage.Xps,IXpsOMTileBrush,0fc2328d-d722-4a54-b2ec-be90218a789e,false,,missing_allocator
Windows.Win32.Storage.Xps,IXpsOMVisual,bc3e7333-fb0b-4af3-a819-0b4eaad0d2fd,false,,missing_allocator
Windows.Win32.Storage.Xps,IXpsOMVisualBrush,97e294af-5b37-46b4-8057-874d2f64119b,false,,missing_allocator
Windows.Win32.Storage.Xps,IXpsOMVisualCollection,94d8abde-ab91-46a8-82b7-f5b05ef01a96,true,standard_derived,
Windows.Win32.Storage.Xps,IXpsSignature,6ae4c93e-1ade-42fb-898b-3a5658284857,false,,missing_allocator
Windows.Win32.Storage.Xps,IXpsSignatureBlock,151fac09-0b97-4ac6-a323-5e4297d4322b,true,standard_derived,
Windows.Win32.Storage.Xps,IXpsSignatureBlockCollection,23397050-fe99-467a-8dce-9237f074ffe4,true,standard_derived,
Windows.Win32.Storage.Xps,IXpsSignatureCollection,a2d1d95d-add2-4dff-ab27-6b9c645ff322,true,standard_derived,
Windows.Win32.Storage.Xps,IXpsSignatureManager,d3e8d338-fdc4-4afc-80b5-d532a1782ee1,false,,nested_pointer_lifetime
Windows.Win32.Storage.Xps,IXpsSignatureRequest,ac58950b-7208-4b2d-b2c4-951083d3b8eb,false,,missing_allocator
Windows.Win32.Storage.Xps,IXpsSignatureRequestCollection,f0253e68-9f19-412e-9b4f-54d3b0ac6cd9,true,standard_derived,
Windows.Win32.Storage.Xps,IXpsSigningOptions,7718eae4-3215-49be-af5b-594fef7fcfa6,false,,missing_allocator
Windows.Win32.Storage.Xps.Printing,IPrintDocumentPackageStatusEvent,ed90c8ad-5c34-4d05-a1ec-0e8a9b3ad7af,true,standard_derived,
Windows.Win32.Storage.Xps.Printing,IPrintDocumentPackageTarget,1b8efec4-3019-4c27-964e-367202156906,false,,missing_allocator
Windows.Win32.Storage.Xps.Printing,IPrintDocumentPackageTarget2,c560298a-535c-48f9-866a-632540660cb4,true,standard_derived,
Windows.Win32.Storage.Xps.Printing,IPrintDocumentPackageTargetFactory,d2959bf7-b31b-4a3d-9600-712eb1335ba4,true,standard_derived,
Windows.Win32.Storage.Xps.Printing,IXpsPrintJob,5ab89b06-8194-425f-ab3b-d7a96e350161,true,standard_derived,
Windows.Win32.Storage.Xps.Printing,IXpsPrintJobStream,7a77dc5f-45d6-4dff-9307-d8cb846347ca,true,exact_registry_dependent,
Windows.Win32.System.AddressBook,IABContainer,,false,,incomplete_pointee_layout_for_storage
Windows.Win32.System.AddressBook,IAddrBook,,false,,incomplete_pointee_layout_for_storage
Windows.Win32.System.AddressBook,IAttach,,false,,incomplete_pointee_layout_for_storage
Windows.Win32.System.AddressBook,IDistList,,false,,incomplete_pointee_layout_for_storage
Windows.Win32.System.AddressBook,IMAPIAdviseSink,,false,,incomplete_pointee_layout_for_storage
Windows.Win32.System.AddressBook,IMAPIContainer,,false,,incomplete_pointee_layout_for_storage
Windows.Win32.System.AddressBook,IMAPIControl,,false,,missing_declaring_iid
Windows.Win32.System.AddressBook,IMAPIFolder,,false,,incomplete_pointee_layout_for_storage
Windows.Win32.System.AddressBook,IMAPIProgress,,false,,missing_declaring_iid
Windows.Win32.System.AddressBook,IMAPIProp,,false,,incomplete_pointee_layout_for_storage
Windows.Win32.System.AddressBook,IMAPIStatus,,false,,incomplete_pointee_layout_for_storage
Windows.Win32.System.AddressBook,IMAPITable,,false,,incomplete_pointee_layout_for_storage
Windows.Win32.System.AddressBook,IMailUser,,false,,incomplete_pointee_layout_for_storage
Windows.Win32.System.AddressBook,IMessage,,false,,incomplete_pointee_layout_for_storage
Windows.Win32.System.AddressBook,IMsgStore,,false,,incomplete_pointee_layout_for_storage
Windows.Win32.System.AddressBook,IProfSect,,false,,incomplete_pointee_layout_for_storage
Windows.Win32.System.AddressBook,IPropData,,false,,incomplete_pointee_layout_for_storage
Windows.Win32.System.AddressBook,IProviderAdmin,,false,,missing_declaring_iid
Windows.Win32.System.AddressBook,ITableData,,false,,incomplete_pointee_layout_for_storage
Windows.Win32.System.AddressBook,IWABExtInit,ea22ebf0-87a4-11d1-9acf-00a0c91f9c8b,false,,incomplete_pointee_layout_for_storage
Windows.Win32.System.AddressBook,IWABObject,,false,,missing_declaring_iid
Windows.Win32.System.Antimalware,IAmsiStream,3e47f2e5-81d4-4d3b-897f-545096770373,true,standard_derived,
Windows.Win32.System.Antimalware,IAntimalware,82d29c2e-f062-44e6-b5c9-3d9a2f24a2df,true,standard_derived,
Windows.Win32.System.Antimalware,IAntimalware2,301035b5-2d42-4f56-8c65-2dcaa7fb3cdc,true,standard_derived,
Windows.Win32.System.Antimalware,IAntimalwareProvider,b2cabfe3-fe04-42b1-a5df-08d483d4d125,false,,missing_allocator
Windows.Win32.System.Antimalware,IAntimalwareProvider2,7c1e6570-3f73-4e0f-8ad4-98b94cd3290f,false,,external_pointee_storage
Windows.Win32.System.Antimalware,IAntimalwareUacProvider,b2cabfe4-fe04-42b1-a5df-08d483d4d125,false,,external_pointee_storage
Windows.Win32.System.ApplicationInstallationAndServicing,IAssemblyCache,e707dcde-d1cd-11d2-bab9-00c04f8eceae,false,,external_pointee_storage
Windows.Win32.System.ApplicationInstallationAndServicing,IAssemblyCacheItem,9e3aaeb4-d1cd-11d2-bab9-00c04f8eceae,true,standard_derived,
Windows.Win32.System.ApplicationInstallationAndServicing,IAssemblyName,cd193bc0-b4bc-11d2-9833-00c04fc31d2e,false,,external_pointee_storage
Windows.Win32.System.ApplicationInstallationAndServicing,IEnumMsmDependency,0adda82c-2c26-11d2-ad65-00a0c9af11a6,true,standard_derived,
Windows.Win32.System.ApplicationInstallationAndServicing,IEnumMsmError,0adda829-2c26-11d2-ad65-00a0c9af11a6,true,standard_derived,
Windows.Win32.System.ApplicationInstallationAndServicing,IEnumMsmString,0adda826-2c26-11d2-ad65-00a0c9af11a6,true,standard_derived,
Windows.Win32.System.ApplicationInstallationAndServicing,IMsmDependencies,0adda82d-2c26-11d2-ad65-00a0c9af11a6,true,standard_derived,
Windows.Win32.System.ApplicationInstallationAndServicing,IMsmDependency,0adda82b-2c26-11d2-ad65-00a0c9af11a6,true,standard_derived,
Windows.Win32.System.ApplicationInstallationAndServicing,IMsmError,0adda828-2c26-11d2-ad65-00a0c9af11a6,true,standard_derived,
Windows.Win32.System.ApplicationInstallationAndServicing,IMsmErrors,0adda82a-2c26-11d2-ad65-00a0c9af11a6,true,standard_derived,
Windows.Win32.System.ApplicationInstallationAndServicing,IMsmGetFiles,7041ae26-2d78-11d2-888a-00a0c981b015,true,standard_derived,
Windows.Win32.System.ApplicationInstallationAndServicing,IMsmMerge,0adda82e-2c26-11d2-ad65-00a0c9af11a6,true,standard_derived,
Windows.Win32.System.ApplicationInstallationAndServicing,IMsmStrings,0adda827-2c26-11d2-ad65-00a0c9af11a6,true,standard_derived,
Windows.Win32.System.ApplicationInstallationAndServicing,IPMApplicationInfo,50afb58a-438c-4088-9789-f8c4899829c7,false,,safe_projection_incomplete
Windows.Win32.System.ApplicationInstallationAndServicing,IPMApplicationInfoEnumerator,0ec42a96-4d46-4dc6-a3d9-a7acaac0f5fa,true,standard_derived,
Windows.Win32.System.ApplicationInstallationAndServicing,IPMBackgroundServiceAgentInfo,3a8b46da-928c-4879-998c-09dc96f3d490,true,standard_derived,
Windows.Win32.System.ApplicationInstallationAndServicing,IPMBackgroundServiceAgentInfoEnumerator,18eb2072-ab56-43b3-872c-beafb7a6b391,true,standard_derived,
Windows.Win32.System.ApplicationInstallationAndServicing,IPMBackgroundWorkerInfo,7dd4531b-d3bf-4b6b-94f3-69c098b1497d,true,standard_derived,
Windows.Win32.System.ApplicationInstallationAndServicing,IPMBackgroundWorkerInfoEnumerator,87f479f8-90d8-4ec7-92b9-72787e2f636b,true,standard_derived,
Windows.Win32.System.ApplicationInstallationAndServicing,IPMDeploymentManager,35f785fa-1979-4a8b-bc8f-fd70eb0d1544,false,,missing_allocator
Windows.Win32.System.ApplicationInstallationAndServicing,IPMEnumerationManager,698d57c2-292d-4cf3-b73c-d95a6922ed9a,false,,missing_layout
Windows.Win32.System.ApplicationInstallationAndServicing,IPMExtensionCachedFileUpdaterInfo,e2d77509-4e58-4ba9-af7e-b642e370e1b0,true,standard_derived,
Windows.Win32.System.ApplicationInstallationAndServicing,IPMExtensionContractInfo,e5666373-7ba1-467c-b819-b175db1c295b,true,standard_derived,
Windows.Win32.System.ApplicationInstallationAndServicing,IPMExtensionFileExtensionInfo,6b87cb6c-0b88-4989-a4ec-033714f710d4,false,,safe_projection_incomplete
Windows.Win32.System.ApplicationInstallationAndServicing,IPMExtensionFileOpenPickerInfo,6dc91d25-9606-420c-9a78-e034a3418345,false,,safe_projection_incomplete
Windows.Win32.System.ApplicationInstallationAndServicing,IPMExtensionFileSavePickerInfo,38005cba-f81a-493e-a0f8-922c8680da43,false,,safe_projection_incomplete
Windows.Win32.System.ApplicationInstallationAndServicing,IPMExtensionInfo,49acde79-9788-4d0a-8aa0-1746afdb9e9d,true,standard_derived,
Windows.Win32.System.ApplicationInstallationAndServicing,IPMExtensionInfoEnumerator,403b9e82-1171-4573-8e6f-6f33f39b83dd,true,standard_derived,
Windows.Win32.System.ApplicationInstallationAndServicing,IPMExtensionProtocolInfo,1e3fa036-51eb-4453-baff-b8d8e4b46c8e,true,standard_derived,
Windows.Win32.System.ApplicationInstallationAndServicing,IPMExtensionShareTargetInfo,5471f48b-c65c-4656-8c70-242e31195fea,false,,safe_projection_incomplete
Windows.Win32.System.ApplicationInstallationAndServicing,IPMLiveTileJobInfo,6009a81f-4710-4697-b5f6-2208f6057b8e,false,,missing_allocator
Windows.Win32.System.ApplicationInstallationAndServicing,IPMLiveTileJobInfoEnumerator,bc042582-9415-4f36-9f99-06f104c07c03,true,standard_derived,
Windows.Win32.System.ApplicationInstallationAndServicing,IPMTaskInfo,bf1d8c33-1bf5-4ee0-b549-6b9dd3834942,true,standard_derived,
Windows.Win32.System.ApplicationInstallationAndServicing,IPMTaskInfoEnumerator,0630b0f8-0bbc-4821-be74-c7995166ed2a,true,standard_derived,
Windows.Win32.System.ApplicationInstallationAndServicing,IPMTileInfo,d1604833-2b08-4001-82cd-183ad734f752,false,,nested_pointer_lifetime
Windows.Win32.System.ApplicationInstallationAndServicing,IPMTileInfoEnumerator,ded83065-e462-4b2c-acb5-e39cea61c874,true,standard_derived,
Windows.Win32.System.ApplicationInstallationAndServicing,IPMTilePropertyEnumerator,cc4cd629-9047-4250-aac8-930e47812421,true,standard_derived,
Windows.Win32.System.ApplicationInstallationAndServicing,IPMTilePropertyInfo,6c2b8017-1efa-42a7-86c0-6d4b640bf528,true,standard_derived,
Windows.Win32.System.ApplicationInstallationAndServicing,IValidate,e482e5c6-e31e-4143-a2e6-dbc3d8e4b8d3,false,,external_pointee_storage
Windows.Win32.System.AssessmentTool,IAccessibleWinSAT,30e6018a-94a8-4ff8-a69a-71b67413f07b,true,standard_derived,
Windows.Win32.System.AssessmentTool,IInitiateWinSATAssessment,d983fc50-f5bf-49d5-b5ed-cccb18aa7fc1,true,standard_derived,
Windows.Win32.System.AssessmentTool,IProvideWinSATAssessmentInfo,0cd1c380-52d3-4678-ac6f-e929e480be9e,true,standard_derived,
Windows.Win32.System.AssessmentTool,IProvideWinSATResultsInfo,f8334d5d-568e-4075-875f-9df341506640,true,standard_derived,
Windows.Win32.System.AssessmentTool,IProvideWinSATVisuals,a9f4ade0-871a-42a3-b813-3078d25162c9,false,,missing_handle_ownership
Windows.Win32.System.AssessmentTool,IQueryAllWinSATAssessments,0b89ed1d-6398-4fea-87fc-567d8d19176f,true,standard_derived,
Windows.Win32.System.AssessmentTool,IQueryOEMWinSATCustomization,bc9a6a9f-ad4e-420e-9953-b34671e9df22,true,standard_derived,
Windows.Win32.System.AssessmentTool,IQueryRecentWinSATAssessment,f8ad5d1f-3b47-4bdc-9375-7c6b1da4eca7,true,standard_derived,
Windows.Win32.System.AssessmentTool,IWinSATInitiateEvents,262a1918-ba0d-41d5-92c2-fab4633ee74f,true,standard_derived,
Windows.Win32.System.ClrHosting,IActionOnCLREvent,607be24b-d91b-4e28-a242-61871ce56e35,true,standard_derived,
Windows.Win32.System.ClrHosting,IApartmentCallback,178e5337-1528-4591-b1c9-1c6e484686d8,true,standard_derived,
Windows.Win32.System.ClrHosting,IAppDomainBinding,5c2b07a7-1e98-11d3-872f-00c04f79ed0d,true,standard_derived,
Windows.Win32.System.ClrHosting,ICLRAppDomainResourceMonitor,c62de18c-2e23-4aea-8423-b40c1fc59eae,true,standard_derived,
Windows.Win32.System.ClrHosting,ICLRAssemblyIdentityManager,15f0a9da-3ff6-4393-9da9-fdfd284e6972,false,,safe_projection_incomplete
Windows.Win32.System.ClrHosting,ICLRAssemblyReferenceList,1b2c9750-2e66-4bda-8b44-0a642c5cd733,true,standard_derived,
Windows.Win32.System.ClrHosting,ICLRControl,9065597e-d1a1-4fb2-b6ba-7e1fce230f61,true,standard_derived,
Windows.Win32.System.ClrHosting,ICLRDebugManager,00dcaec6-2ac0-43a9-acf9-1e36c139b10d,false,,missing_allocator
Windows.Win32.System.ClrHosting,ICLRDebugging,d28f3c5a-9634-4206-a509-477552eefb10,true,standard_derived,
Windows.Win32.System.ClrHosting,ICLRDebuggingLibraryProvider,3151c08d-4d09-4f9b-8838-2880bf18fe51,false,,missing_handle_ownership
Windows.Win32.System.ClrHosting,ICLRDomainManager,270d00a2-8e15-4d0b-adeb-37bc3e47df77,true,standard_derived,
Windows.Win32.System.ClrHosting,ICLRErrorReportingManager,980d2f1a-bf79-4c08-812a-bb9778928f78,false,,external_pointee_storage
Windows.Win32.System.ClrHosting,ICLRGCManager,54d9007e-a8e2-4885-b7bf-f998deee4f2a,true,standard_derived,
Windows.Win32.System.ClrHosting,ICLRGCManager2,0603b793-a97a-4712-9cb4-0cd1c74c0f7c,true,standard_derived,
Windows.Win32.System.ClrHosting,ICLRHostBindingPolicyManager,4b3545e7-1856-48c9-a8ba-24b21a753c09,false,,safe_projection_incomplete
Windows.Win32.System.ClrHosting,ICLRHostProtectionManager,89f25f5c-ceef-43e1-9cfa-a68ce863aaac,true,standard_derived,
Windows.Win32.System.ClrHosting,ICLRIoCompletionManager,2d74ce86-b8d6-4c84-b3a7-9768933b3c12,true,standard_derived,
Windows.Win32.System.ClrHosting,ICLRMemoryNotificationCallback,47eb8e57-0846-4546-af76-6f42fcfc2649,true,standard_derived,
Windows.Win32.System.ClrHosting,ICLRMetaHost,d332db9e-b9b3-4125-8207-a14884f53216,false,,missing_allocator
Windows.Win32.System.ClrHosting,ICLRMetaHostPolicy,e2190695-77b2-492e-8e14-c4b3a7fdd593,false,,missing_allocator
Windows.Win32.System.ClrHosting,ICLROnEventManager,1d0e0132-e64f-493d-9260-025c0e32c175,true,standard_derived,
Windows.Win32.System.ClrHosting,ICLRPolicyManager,7d290010-d781-45da-a6f8-aa5d711a730e,true,standard_derived,
Windows.Win32.System.ClrHosting,ICLRProbingAssemblyEnum,d0c5fb1f-416b-4f97-81f4-7ac7dc24dd5d,false,,safe_projection_incomplete
Windows.Win32.System.ClrHosting,ICLRProfiling,b349abe3-b56f-4689-bfcd-76bf39d888ea,false,,safe_projection_incomplete
Windows.Win32.System.ClrHosting,ICLRReferenceAssemblyEnum,d509cb5d-cf32-4876-ae61-67770cf91973,false,,safe_projection_incomplete
Windows.Win32.System.ClrHosting,ICLRRuntimeHost,90f1a06c-7712-4762-86b5-7a5eba6bdb02,false,,external_pointee_storage
Windows.Win32.System.ClrHosting,ICLRRuntimeInfo,bd39d1d2-ba2f-486a-89b0-b4b0cb466891,false,,missing_allocator
Windows.Win32.System.ClrHosting,ICLRStrongName,9fd93ccf-3280-4391-b3a9-96e1cde77c8d,false,,missing_allocator
Windows.Win32.System.ClrHosting,ICLRStrongName2,c22ed5c5-4b59-4975-90eb-85ea55c0069b,false,,missing_allocator
Windows.Win32.System.ClrHosting,ICLRStrongName3,22c7089b-bbd3-414a-b698-210f263f1fed,false,,missing_allocator
Windows.Win32.System.ClrHosting,ICLRSyncManager,55ff199d-ad21-48f9-a16c-f24ebbb8727d,true,standard_derived,
Windows.Win32.System.ClrHosting,ICLRTask,28e66a4a-9906-4225-b231-9187c3eb8611,true,standard_derived,
Windows.Win32.System.ClrHosting,ICLRTask2,28e66a4a-9906-4225-b231-9187c3eb8612,true,standard_derived,
Windows.Win32.System.ClrHosting,ICLRTaskManager,4862efbe-3ae5-44f8-8feb-346190ee8a34,true,standard_derived,
Windows.Win32.System.ClrHosting,ICatalogServices,04c6be1e-1db1-4058-ab7a-700cccfbf254,true,standard_derived,
Windows.Win32.System.ClrHosting,ICorConfiguration,5c2b07a5-1e98-11d3-872f-00c04f79ed0d,true,standard_derived,
Windows.Win32.System.ClrHosting,ICorRuntimeHost,cb2f6722-ab3a-11d2-9c40-00c04fa30a3e,false,,external_pointee_storage
Windows.Win32.System.ClrHosting,ICorThreadpool,84680d3a-b2c1-46e8-acc2-dbc0a359159a,false,,external_pointee_storage
Windows.Win32.System.ClrHosting,IDebuggerInfo,bf24142d-a47d-4d24-a66d-8c2141944e44,true,standard_derived,
Windows.Win32.System.ClrHosting,IDebuggerThreadControl,23d86786-0bb5-4774-8fb5-e3522add6246,true,standard_derived,
Windows.Win32.System.ClrHosting,IGCHost,fac34f6e-0dcd-47b5-8021-531bc5ecca63,true,standard_derived,
Windows.Win32.System.ClrHosting,IGCHost2,a1d70cec-2dbe-4e2f-9291-fdf81438a1df,true,standard_derived,
Windows.Win32.System.ClrHosting,IGCHostControl,5513d564-8374-4cb9-aed9-0083f4160a1d,true,standard_derived,
Windows.Win32.System.ClrHosting,IGCThreadControl,f31d1788-c397-4725-87a5-6af3472c2791,true,standard_derived,
Windows.Win32.System.ClrHosting,IHostAssemblyManager,613dabd7-62b2-493e-9e65-c1e32a1e0c5e,true,standard_derived,
Windows.Win32.System.ClrHosting,IHostAssemblyStore,7b102a88-3f7f-496d-8fa2-c35374e01af3,true,standard_derived,
Windows.Win32.System.ClrHosting,IHostAutoEvent,50b0cfce-4063-4278-9673-e5cb4ed0bdb8,true,standard_derived,
Windows.Win32.System.ClrHosting,IHostControl,02ca073c-7079-4860-880a-c2f7a449c991,true,standard_derived,
Windows.Win32.System.ClrHosting,IHostCrst,6df710a6-26a4-4a65-8cd5-7237b8bda8dc,true,standard_derived,
Windows.Win32.System.ClrHosting,IHostGCManager,5d4ec34e-f248-457b-b603-255faaba0d21,true,standard_derived,
Windows.Win32.System.ClrHosting,IHostIoCompletionManager,8bde9d80-ec06-41d6-83e6-22580effcc20,false,,external_pointee_storage
Windows.Win32.System.ClrHosting,IHostMalloc,1831991c-cc53-4a31-b218-04e910446479,false,,external_pointee_storage
Windows.Win32.System.ClrHosting,IHostManualEvent,1bf4ec38-affe-4fb9-85a6-525268f15b54,true,standard_derived,
Windows.Win32.System.ClrHosting,IHostMemoryManager,7bc698d1-f9e3-4460-9cde-d04248e9fa25,false,,external_pointee_storage
Windows.Win32.System.ClrHosting,IHostPolicyManager,7ae49844-b1e3-4683-ba7c-1e8212ea3b79,true,standard_derived,
Windows.Win32.System.ClrHosting,IHostSecurityContext,7e573ce4-0343-4423-98d7-6318348a1d3c,true,standard_derived,
Windows.Win32.System.ClrHosting,IHostSecurityManager,75ad2468-a349-4d02-a764-76a68aee0c4f,false,,missing_handle_ownership
Windows.Win32.System.ClrHosting,IHostSemaphore,855efd47-cc09-463a-a97d-16acab882661,true,standard_derived,
Windows.Win32.System.ClrHosting,IHostSyncManager,234330c7-5f10-4f20-9615-5122dab7a0ac,true,standard_derived,
Windows.Win32.System.ClrHosting,IHostTask,c2275828-c4b1-4b55-82c9-92135f74df1a,true,standard_derived,
Windows.Win32.System.ClrHosting,IHostTaskManager,997ff24c-43b7-4352-8667-0dc04fafd354,false,,external_pointee_storage
Windows.Win32.System.ClrHosting,IHostThreadpoolManager,983d50e2-cb15-466b-80fc-845dc6e8c5fd,false,,external_pointee_storage
Windows.Win32.System.ClrHosting,IManagedObject,c3fcc19e-a970-11d2-8b5a-00a0c9b7c9c4,true,standard_derived,
Windows.Win32.System.ClrHosting,IObjectHandle,c460e2b4-e199-412a-8456-84dc3e4838c3,true,standard_derived,
Windows.Win32.System.ClrHosting,ITypeName,b81ff171-20f3-11d2-8dcc-00a0c9b00522,true,standard_derived,
Windows.Win32.System.ClrHosting,ITypeNameBuilder,b81ff171-20f3-11d2-8dcc-00a0c9b00523,true,standard_derived,
Windows.Win32.System.ClrHosting,ITypeNameFactory,b81ff171-20f3-11d2-8dcc-00a0c9b00521,true,standard_derived,
Windows.Win32.System.Com,AsyncIAdviseSink,00000150-0000-0000-c000-000000000046,false,,external_pointee_storage
Windows.Win32.System.Com,AsyncIAdviseSink2,00000151-0000-0000-c000-000000000046,false,,external_pointee_storage
Windows.Win32.System.Com,AsyncIMultiQI,000e0020-0000-0000-c000-000000000046,false,,incomplete_pointee_layout_for_storage
Windows.Win32.System.Com,AsyncIPipeByte,db2f3acb-2f86-11d1-8e04-00c04fb9989a,true,standard_derived,
Windows.Win32.System.Com,AsyncIPipeDouble,db2f3acf-2f86-11d1-8e04-00c04fb9989a,true,standard_derived,
Windows.Win32.System.Com,AsyncIPipeLong,db2f3acd-2f86-11d1-8e04-00c04fb9989a,true,standard_derived,
Windows.Win32.System.Com,AsyncIUnknown,000e0000-0000-0000-c000-000000000046,false,,missing_allocator
Windows.Win32.System.Com.CallObj,ICallFrame,d573b4b0-894e-11d2-b8b6-00c04fb9618a,false,,external_pointee_storage
Windows.Win32.System.Com.CallObj,ICallFrameEvents,fd5e0843-fc91-11d0-97d7-00c04fb9618a,true,standard_derived,
Windows.Win32.System.Com.CallObj,ICallFrameWalker,08b23919-392d-11d2-b8a4-00c04fb9618a,true,standard_derived,
Windows.Win32.System.Com.CallObj,ICallIndirect,d573b4b1-894e-11d2-b8b6-00c04fb9618a,false,,external_pointee_storage
Windows.Win32.System.Com.CallObj,ICallInterceptor,60c7ca75-896d-11d2-b8b6-00c04fb9618a,false,,external_pointee_storage
Windows.Win32.System.Com.CallObj,ICallUnmarshal,5333b003-2e42-11d2-b89d-00c04fb9618a,false,,external_pointee_storage
Windows.Win32.System.Com.CallObj,IInterfaceRelated,d1fb5a79-7706-11d1-adba-00c04fc2adc0,true,standard_derived,
Windows.Win32.System.Com.ChannelCredentials,IChannelCredentials,181b448c-c17c-4b17-ac6d-06699b93198f,true,standard_derived,
Windows.Win32.System.Com.Events,IDontSupportEventSubscription,784121f1-62a6-4b89-855f-d65f296de83a,true,standard_derived,
Windows.Win32.System.Com.Events,IEnumEventObject,f4a07d63-2e25-11d1-9964-00c04fbbb345,true,exact_registry_dependent,
Windows.Win32.System.Com.Events,IEventClass,fb2b72a0-7a68-11d1-88f9-0080c7d771bf,true,standard_derived,
Windows.Win32.System.Com.Events,IEventClass2,fb2b72a1-7a68-11d1-88f9-0080c7d771bf,true,standard_derived,
Windows.Win32.System.Com.Events,IEventControl,0343e2f4-86f6-11d1-b760-00c04fb926af,true,standard_derived,
Windows.Win32.System.Com.Events,IEventObjectChange,f4a07d70-2e25-11d1-9964-00c04fbbb345,true,standard_derived,
Windows.Win32.System.Com.Events,IEventObjectChange2,7701a9c3-bd68-438f-83e0-67bf4f53a422,false,,safe_projection_incomplete
Windows.Win32.System.Com.Events,IEventObjectCollection,f89ac270-d4eb-11d1-b682-00805fc79216,true,standard_derived,
Windows.Win32.System.Com.Events,IEventProperty,da538ee2-f4de-11d1-b6bb-00805fc79216,true,standard_derived,
Windows.Win32.System.Com.Events,IEventPublisher,e341516b-2e32-11d1-9964-00c04fbbb345,true,standard_derived,
Windows.Win32.System.Com.Events,IEventSubscription,4a6b0e15-2e38-11d1-9965-00c04fbbb345,true,standard_derived,
Windows.Win32.System.Com.Events,IEventSystem,4e14fb9f-2e22-11d1-9964-00c04fbbb345,true,standard_derived,
Windows.Win32.System.Com.Events,IFiringControl,e0498c93-4efe-11d1-9971-00c04fbbb345,true,standard_derived,
Windows.Win32.System.Com.Events,IMultiInterfaceEventControl,0343e2f5-86f6-11d1-b760-00c04fb926af,true,standard_derived,
Windows.Win32.System.Com.Events,IMultiInterfacePublisherFilter,465e5cc1-7b26-11d1-88fb-0080c7d771bf,true,standard_derived,
Windows.Win32.System.Com.Events,IPublisherFilter,465e5cc0-7b26-11d1-88fb-0080c7d771bf,true,standard_derived,
Windows.Win32.System.Com,IActivationFilter,00000017-0000-0000-c000-000000000046,true,standard_derived,
Windows.Win32.System.Com,IAddrExclusionControl,00000148-0000-0000-c000-000000000046,true,standard_derived,
Windows.Win32.System.Com,IAddrTrackingControl,00000147-0000-0000-c000-000000000046,true,standard_derived,
Windows.Win32.System.Com,IAdviseSink,0000010f-0000-0000-c000-000000000046,false,,external_pointee_storage
Windows.Win32.System.Com,IAdviseSink2,00000125-0000-0000-c000-000000000046,false,,external_pointee_storage
Windows.Win32.System.Com,IAgileObject,94ea2b94-e9cc-49e0-c0ff-ee64ca8f5b90,true,standard_derived,
Windows.Win32.System.Com,IAsyncManager,0000002a-0000-0000-c000-000000000046,true,standard_derived,
Windows.Win32.System.Com,IAsyncRpcChannelBuffer,a5029fb6-3c34-11d1-9c99-00c04fb998aa,false,,missing_allocator
Windows.Win32.System.Com,IAuthenticate,79eac9d0-baf9-11ce-8c82-00aa004ba90b,false,,missing_allocator
Windows.Win32.System.Com,IAuthenticateEx,2ad1edaf-d83d-48b5-9adf-03dbe19f53bd,false,,missing_allocator
Windows.Win32.System.Com,IBindCtx,0000000e-0000-0000-c000-000000000046,true,standard_derived,
Windows.Win32.System.Com,IBindHost,fc4801a1-2ba9-11cf-a229-00aa003d7352,true,standard_derived,
Windows.Win32.System.Com,IBindStatusCallback,79eac9c1-baf9-11ce-8c82-00aa004ba90b,false,,incomplete_pointee_layout_for_storage
Windows.Win32.System.Com,IBindStatusCallbackEx,aaa74ef9-8ee7-4659-88d9-f8c504da73cc,false,,incomplete_pointee_layout_for_storage
Windows.Win32.System.Com,IBinding,79eac9c0-baf9-11ce-8c82-00aa004ba90b,false,,missing_allocator
Windows.Win32.System.Com,IBlockingLock,30f3d47a-6447-11d1-8e3c-00c04fb9386d,true,standard_derived,
Windows.Win32.System.Com,ICallFactory,1c733a30-2a1c-11ce-ade5-00aa0044773d,true,standard_derived,
Windows.Win32.System.Com,ICancelMethodCalls,00000029-0000-0000-c000-000000000046,true,standard_derived,
Windows.Win32.System.Com,ICatInformation,0002e013-0000-0000-c000-000000000046,false,,missing_allocator
Windows.Win32.System.Com,ICatRegister,0002e012-0000-0000-c000-000000000046,true,standard_derived,
Windows.Win32.System.Com,IChannelHook,1008c4a0-7613-11cf-9af1-0020af6e72f4,true,standard_derived,
Windows.Win32.System.Com,IClassActivator,00000140-0000-0000-c000-000000000046,true,standard_derived,
Windows.Win32.System.Com,IClassFactory,00000001-0000-0000-c000-000000000046,true,standard_derived,
Windows.Win32.System.Com,IClientSecurity,0000013d-0000-0000-c000-000000000046,false,,external_pointee_storage
Windows.Win32.System.Com,IComThreadingInfo,000001ce-0000-0000-c000-000000000046,true,standard_derived,
Windows.Win32.System.Com,IConnectionPoint,b196b286-bab4-101a-b69c-00aa00341d07,true,standard_derived,
Windows.Win32.System.Com,IConnectionPointContainer,b196b284-bab4-101a-b69c-00aa00341d07,true,standard_derived,
Windows.Win32.System.Com,IContext,000001c0-0000-0000-c000-000000000046,true,standard_derived,
Windows.Win32.System.Com,IContextCallback,000001da-0000-0000-c000-000000000046,false,,nested_pointer_lifetime
Windows.Win32.System.Com,IDataAdviseHolder,00000110-0000-0000-c000-000000000046,false,,external_pointee_storage
Windows.Win32.System.Com,IDataObject,0000010e-0000-0000-c000-000000000046,false,,incomplete_pointee_layout_for_storage
Windows.Win32.System.Com,IDispatch,00020400-0000-0000-c000-000000000046,true,exact_registry_dependent,
Windows.Win32.System.Com,IEnumCATEGORYINFO,0002e011-0000-0000-c000-000000000046,false,,safe_projection_incomplete
Windows.Win32.System.Com,IEnumConnectionPoints,b196b285-bab4-101a-b69c-00aa00341d07,true,exact_registry_dependent,
Windows.Win32.System.Com,IEnumConnections,b196b287-bab4-101a-b69c-00aa00341d07,false,,incomplete_pointee_layout_for_storage
Windows.Win32.System.Com,IEnumContextProps,000001c1-0000-0000-c000-000000000046,false,,incomplete_pointee_layout_for_storage
Windows.Win32.System.Com,IEnumFORMATETC,00000103-0000-0000-c000-000000000046,false,,external_pointee_storage
Windows.Win32.System.Com,IEnumGUID,0002e000-0000-0000-c000-000000000046,true,exact_registry_dependent,
Windows.Win32.System.Com,IEnumMoniker,00000102-0000-0000-c000-000000000046,true,exact_registry_dependent,
Windows.Win32.System.Com,IEnumSTATDATA,00000105-0000-0000-c000-000000000046,false,,incomplete_pointee_layout_for_storage
Windows.Win32.System.Com,IEnumString,00000101-0000-0000-c000-000000000046,true,exact_registry_dependent,
Windows.Win32.System.Com,IEnumUnknown,00000100-0000-0000-c000-000000000046,true,exact_registry_dependent,
Windows.Win32.System.Com,IErrorInfo,1cf2b120-547d-101b-8e65-08002b2bd119,true,standard_derived,
Windows.Win32.System.Com,IErrorLog,3127ca40-446e-11ce-8135-00aa004bb851,false,,safe_projection_incomplete
Windows.Win32.System.Com,IExternalConnection,00000019-0000-0000-c000-000000000046,true,standard_derived,
Windows.Win32.System.Com,IFastRundown,00000040-0000-0000-c000-000000000046,true,standard_derived,
Windows.Win32.System.Com,IForegroundTransfer,00000145-0000-0000-c000-000000000046,true,standard_derived,
Windows.Win32.System.Com,IGlobalInterfaceTable,00000146-0000-0000-c000-000000000046,true,standard_derived,
Windows.Win32.System.Com,IGlobalOptions,0000015b-0000-0000-c000-000000000046,true,standard_derived,
Windows.Win32.System.Com,IInitializeSpy,00000034-0000-0000-c000-000000000046,true,standard_derived,
Windows.Win32.System.Com,IInternalUnknown,00000021-0000-0000-c000-000000000046,true,standard_derived,
Windows.Win32.System.Com,IMachineGlobalObjectTable,26d709ac-f70b-4421-a96f-d2878fafb00d,false,,missing_allocator
Windows.Win32.System.Com,IMalloc,00000002-0000-0000-c000-000000000046,true,exact_registry_dependent,
Windows.Win32.System.Com,IMallocSpy,0000001d-0000-0000-c000-000000000046,false,,external_pointee_storage
Windows.Win32.System.Com,IMoniker,0000000f-0000-0000-c000-000000000046,false,,missing_allocator
Windows.Win32.System.Com,IMultiQI,00000020-0000-0000-c000-000000000046,false,,incomplete_pointee_layout_for_storage
Windows.Win32.System.Com,INoMarshal,ecc8691b-c1db-4dc0-855e-65f6c551af49,true,standard_derived,
Windows.Win32.System.Com,IOplockStorage,8d19c834-8879-11d1-83e9-00c04fc2c6d4,true,standard_derived,
Windows.Win32.System.Com,IPSFactoryBuffer,d5f569d0-593b-101a-b569-08002b2dbf7a,true,standard_derived,
Windows.Win32.System.Com,IPackagedComSyntaxSupport,8f146474-b228-48fb-a58c-105ebb273abc,true,standard_derived,
Windows.Win32.System.Com,IPersist,0000010c-0000-0000-c000-000000000046,true,standard_derived,
Windows.Win32.System.Com,IPersistFile,0000010b-0000-0000-c000-000000000046,true,exact_registry_dependent,
Windows.Win32.System.Com,IPersistMemory,bd1ae5e0-a6ae-11ce-bd37-504200c10000,false,,safe_projection_incomplete
Windows.Win32.System.Com,IPersistStream,00000109-0000-0000-c000-000000000046,true,standard_derived,
Windows.Win32.System.Com,IPersistStreamInit,7fd52380-4e07-101b-ae2d-08002b2ec713,true,standard_derived,
Windows.Win32.System.Com,IPipeByte,db2f3aca-2f86-11d1-8e04-00c04fb9989a,true,standard_derived,
Windows.Win32.System.Com,IPipeDouble,db2f3ace-2f86-11d1-8e04-00c04fb9989a,true,standard_derived,
Windows.Win32.System.Com,IPipeLong,db2f3acc-2f86-11d1-8e04-00c04fb9989a,true,standard_derived,
Windows.Win32.System.Com,IProcessInitControl,72380d55-8d2b-43a3-8513-2b6ef31434e9,true,standard_derived,
Windows.Win32.System.Com,IProcessLock,000001d5-0000-0000-c000-000000000046,true,standard_derived,
Windows.Win32.System.Com,IProgressNotify,a9d758a0-4617-11cf-95fc-00aa00680db4,true,standard_derived,
Windows.Win32.System.Com,IROTData,f29f6bc0-5021-11ce-aa15-00006901293f,true,standard_derived,
Windows.Win32.System.Com,IReleaseMarshalBuffers,eb0cb9e8-7996-11d2-872e-0000f8080859,false,,nested_pointer_lifetime
Windows.Win32.System.Com,IRpcChannelBuffer,d5f56b60-593b-101a-b569-08002b2dbf7a,false,,missing_allocator
Windows.Win32.System.Com,IRpcChannelBuffer2,594f31d0-7f19-11d0-b194-00a0c90dc8bf,false,,missing_allocator
Windows.Win32.System.Com,IRpcChannelBuffer3,25b15600-0115-11d0-bf0d-00aa00b8dfd2,false,,missing_allocator
Windows.Win32.System.Com,IRpcHelper,00000149-0000-0000-c000-000000000046,false,,external_pointee_storage
Windows.Win32.System.Com,IRpcOptions,00000144-0000-0000-c000-000000000046,true,standard_derived,
Windows.Win32.System.Com,IRpcProxyBuffer,d5f56a34-593b-101a-b569-08002b2dbf7a,true,standard_derived,
Windows.Win32.System.Com,IRpcStubBuffer,d5f56afc-593b-101a-b569-08002b2dbf7a,false,,external_pointee_storage
Windows.Win32.System.Com,IRpcSyntaxNegotiate,58a08519-24c8-4935-b482-3fd823333a4f,false,,nested_pointer_lifetime
Windows.Win32.System.Com,IRunnableObject,00000126-0000-0000-c000-000000000046,true,standard_derived,
Windows.Win32.System.Com,IRunningObjectTable,00000010-0000-0000-c000-000000000046,true,standard_derived,
Windows.Win32.System.Com,ISequentialStream,0c733a30-2a1c-11ce-ade5-00aa0044773d,true,exact_registry_dependent,
Windows.Win32.System.Com,IServerSecurity,0000013e-0000-0000-c000-000000000046,false,,missing_allocator
Windows.Win32.System.Com,IServiceProvider,6d5140c1-7436-11ce-8034-00aa006009fa,true,standard_derived,
Windows.Win32.System.Com,IStdMarshalInfo,00000018-0000-0000-c000-000000000046,true,standard_derived,
Windows.Win32.System.Com,IStream,0000000c-0000-0000-c000-000000000046,true,exact_registry_dependent,
Windows.Win32.System.Com,ISupportActivateAsActivatorPackaged,765d1df2-f0af-4ef8-aa50-84789ca330ed,true,standard_derived,
Windows.Win32.System.Com,ISupportActivationFromPackage,0a18aae5-5caa-48c5-a9f4-6e46dcd58ad5,true,standard_derived,
Windows.Win32.System.Com,ISupportAllowLowerTrustActivation,e9956ef2-3828-4b4b-8fa9-7db61dee4954,true,standard_derived,
Windows.Win32.System.Com,ISupportCoAddComDependencyOnPackage,c8059efc-4e98-4fd0-bfc6-44190b80b823,true,standard_derived,
Windows.Win32.System.Com,ISupportDoNotElevateServerActivation,40aefe22-3ff6-43dc-8108-c8c402d57b5c,true,standard_derived,
Windows.Win32.System.Com,ISupportErrorInfo,df0b3d60-548f-101b-8e65-08002b2bd119,true,standard_derived,
Windows.Win32.System.Com,ISupportPackagedComElevationEnabledClasses,b4219019-f712-4d4f-ade7-f468276af0b8,true,standard_derived,
Windows.Win32.System.Com,ISupportPackagedComRegistrationVisibility,8dc3444e-c7ee-449a-9fb8-b9173988d66a,true,standard_derived,
Windows.Win32.System.Com,ISupportServerMustBeEqualOrGreaterPrivilegeActivation,5bdb3ee2-46bc-4313-b5fb-801c360ba5f9,true,standard_derived,
Windows.Win32.System.Com,ISurrogate,00000022-0000-0000-c000-000000000046,true,standard_derived,
Windows.Win32.System.Com,ISurrogateService,000001d4-0000-0000-c000-000000000046,true,standard_derived,
Windows.Win32.System.Com,ISynchronize,00000030-0000-0000-c000-000000000046,true,standard_derived,
Windows.Win32.System.Com,ISynchronizeContainer,00000033-0000-0000-c000-000000000046,true,standard_derived,
Windows.Win32.System.Com,ISynchronizeEvent,00000032-0000-0000-c000-000000000046,false,,missing_handle_ownership
Windows.Win32.System.Com,ISynchronizeHandle,00000031-0000-0000-c000-000000000046,false,,missing_handle_ownership
Windows.Win32.System.Com,ISynchronizeMutex,00000025-0000-0000-c000-000000000046,true,standard_derived,
Windows.Win32.System.Com,ITimeAndNoticeControl,bc0bf6ae-8878-11d1-83e9-00c04fc2c6d4,true,standard_derived,
Windows.Win32.System.Com,ITypeComp,00020403-0000-0000-c000-000000000046,false,,incomplete_pointee_layout_for_storage
Windows.Win32.System.Com,ITypeInfo,00020401-0000-0000-c000-000000000046,false,,external_pointee_storage
Windows.Win32.System.Com,ITypeInfo2,00020412-0000-0000-c000-000000000046,false,,external_pointee_storage
Windows.Win32.System.Com,ITypeLib,00020402-0000-0000-c000-000000000046,false,,missing_allocator
Windows.Win32.System.Com,ITypeLib2,00020411-0000-0000-c000-000000000046,false,,external_pointee_storage
Windows.Win32.System.Com,ITypeLibRegistration,76a3e735-02df-4a12-98eb-043ad3600af3,true,standard_derived,
Windows.Win32.System.Com,ITypeLibRegistrationReader,ed6a8a2a-b160-4e77-8f73-aa7435cd5c27,true,standard_derived,
Windows.Win32.System.Com,IUri,a39ee748-6a27-4817-a6f2-13914bef5890,true,standard_derived,
Windows.Win32.System.Com,IUriBuilder,4221b2e1-8955-46c0-bd5b-de9897565de7,false,,missing_allocator
Windows.Win32.System.Com,IUrlMon,00000026-0000-0000-c000-000000000046,true,standard_derived,
Windows.Win32.System.Com,IWaitMultiple,0000002b-0000-0000-c000-000000000046,true,standard_derived,
Windows.Win32.System.Com.Marshal,IMarshal,00000003-0000-0000-c000-000000000046,true,standard_derived,
Windows.Win32.System.Com.Marshal,IMarshal2,000001cf-0000-0000-c000-000000000046,true,standard_derived,
Windows.Win32.System.Com.Marshal,IMarshalingStream,d8f2f5e6-6102-4863-9f26-389a4676efde,true,exact_registry_dependent,
Windows.Win32.System.Com.StructuredStorage,IDirectWriterLock,0e6d4d92-6738-11cf-9608-00aa00680db4,true,standard_derived,
Windows.Win32.System.Com.StructuredStorage,IEnumSTATPROPSETSTG,0000013b-0000-0000-c000-000000000046,false,,safe_projection_incomplete
Windows.Win32.System.Com.StructuredStorage,IEnumSTATPROPSTG,00000139-0000-0000-c000-000000000046,false,,safe_projection_incomplete
Windows.Win32.System.Com.StructuredStorage,IEnumSTATSTG,0000000d-0000-0000-c000-000000000046,false,,safe_projection_incomplete
Windows.Win32.System.Com.StructuredStorage,IFillLockBytes,99caf010-415e-11cf-8814-00aa00b569f5,true,standard_derived,
Windows.Win32.System.Com.StructuredStorage,ILayoutStorage,0e6d4d90-6738-11cf-9608-00aa00680db4,true,standard_derived,
Windows.Win32.System.Com.StructuredStorage,ILockBytes,0000000a-0000-0000-c000-000000000046,false,,external_pointee_storage
Windows.Win32.System.Com.StructuredStorage,IPersistStorage,0000010a-0000-0000-c000-000000000046,true,standard_derived,
Windows.Win32.System.Com.StructuredStorage,IPropertyBag,55272a00-42cb-11ce-8135-00aa004bb851,false,,safe_projection_incomplete
Windows.Win32.System.Com.StructuredStorage,IPropertyBag2,22f55882-280b-11d0-a8a9-00a0c90c2004,false,,safe_projection_incomplete
Windows.Win32.System.Com.StructuredStorage,IPropertySetStorage,0000013a-0000-0000-c000-000000000046,true,standard_derived,
Windows.Win32.System.Com.StructuredStorage,IPropertyStorage,00000138-0000-0000-c000-000000000046,false,,external_pointee_storage
Windows.Win32.System.Com.StructuredStorage,IRootStorage,00000012-0000-0000-c000-000000000046,true,standard_derived,
Windows.Win32.System.Com.StructuredStorage,IStorage,0000000b-0000-0000-c000-000000000046,false,,external_pointee_storage
Windows.Win32.System.Com.UI,IDummyHICONIncluder,947990de-cc28-11d2-a0f7-00805f858fb1,true,standard_derived,
Windows.Win32.System.Com.UI,IThumbnailExtractor,969dc708-5c76-11d1-8d86-0000f804b057,false,,missing_handle_ownership
Windows.Win32.System.Com.Urlmon,IBindCallbackRedirect,11c81bc2-121e-4ed5-b9c4-b430bd54f2c0,true,standard_derived,
Windows.Win32.System.Com.Urlmon,IBindHttpSecurity,a9eda967-f50e-4a33-b358-206f6ef3086d,true,standard_derived,
Windows.Win32.System.Com.Urlmon,IBindProtocol,79eac9cd-baf9-11ce-8c82-00aa004ba90b,true,standard_derived,
Windows.Win32.System.Com.Urlmon,ICatalogFileInfo,711c7600-6b48-11d1-b403-00aa00b92af1,false,,missing_allocator
Windows.Win32.System.Com.Urlmon,ICodeInstall,79eac9d1-baf9-11ce-8c82-00aa004ba90b,false,,missing_handle_ownership
Windows.Win32.System.Com.Urlmon,IDataFilter,69d14c80-c18e-11d0-a9ce-006097942311,true,standard_derived,
Windows.Win32.System.Com.Urlmon,IEncodingFilterFactory,70bdde00-c18e-11d0-a9ce-006097942311,true,standard_derived,
Windows.Win32.System.Com.Urlmon,IGetBindHandle,af0ff408-129d-4b20-91f0-02bd23d88352,false,,missing_handle_ownership
Windows.Win32.System.Com.Urlmon,IHttpNegotiate,79eac9d2-baf9-11ce-8c82-00aa004ba90b,false,,missing_allocator
Windows.Win32.System.Com.Urlmon,IHttpNegotiate2,4f9f9fcb-e0f4-48eb-b7ab-fa2ea9365cb4,false,,missing_allocator
Windows.Win32.System.Com.Urlmon,IHttpNegotiate3,57b6c80a-34c2-4602-bc26-66a02fc57153,false,,missing_allocator
Windows.Win32.System.Com.Urlmon,IHttpSecurity,79eac9d7-bafa-11ce-8c82-00aa004ba90b,false,,missing_handle_ownership
Windows.Win32.System.Com.Urlmon,IInternet,79eac9e0-baf9-11ce-8c82-00aa004ba90b,true,standard_derived,
Windows.Win32.System.Com.Urlmon,IInternetBindInfo,79eac9e1-baf9-11ce-8c82-00aa004ba90b,false,,incomplete_pointee_layout_for_storage
Windows.Win32.System.Com.Urlmon,IInternetBindInfoEx,a3e015b7-a82c-4dcd-a150-569aeeed36ab,false,,incomplete_pointee_layout_for_storage
Windows.Win32.System.Com.Urlmon,IInternetHostSecurityManager,3af280b6-cb3f-11d0-891e-00c04fb6bfc4,false,,missing_allocator
Windows.Win32.System.Com.Urlmon,IInternetPriority,79eac9eb-baf9-11ce-8c82-00aa004ba90b,true,standard_derived,
Windows.Win32.System.Com.Urlmon,IInternetProtocol,79eac9e4-baf9-11ce-8c82-00aa004ba90b,false,,nested_pointer_lifetime
Windows.Win32.System.Com.Urlmon,IInternetProtocolEx,c7a98e66-1010-492c-a1c8-c809e1f75905,false,,nested_pointer_lifetime
Windows.Win32.System.Com.Urlmon,IInternetProtocolInfo,79eac9ec-baf9-11ce-8c82-00aa004ba90b,false,,safe_projection_incomplete
Windows.Win32.System.Com.Urlmon,IInternetProtocolRoot,79eac9e3-baf9-11ce-8c82-00aa004ba90b,true,standard_derived,
Windows.Win32.System.Com.Urlmon,IInternetProtocolSink,79eac9e5-baf9-11ce-8c82-00aa004ba90b,true,standard_derived,
Windows.Win32.System.Com.Urlmon,IInternetProtocolSinkStackable,79eac9f0-baf9-11ce-8c82-00aa004ba90b,true,standard_derived,
Windows.Win32.System.Com.Urlmon,IInternetSecurityManager,79eac9ee-baf9-11ce-8c82-00aa004ba90b,false,,missing_allocator
Windows.Win32.System.Com.Urlmon,IInternetSecurityManagerEx,f164edf1-cc7c-4f0d-9a94-34222625c393,false,,missing_allocator
Windows.Win32.System.Com.Urlmon,IInternetSecurityManagerEx2,f1e50292-a795-4117-8e09-2b560a72ac60,false,,missing_allocator
Windows.Win32.System.Com.Urlmon,IInternetSecurityMgrSite,79eac9ed-baf9-11ce-8c82-00aa004ba90b,false,,missing_handle_ownership
Windows.Win32.System.Com.Urlmon,IInternetSession,79eac9e7-baf9-11ce-8c82-00aa004ba90b,false,,external_pointee_storage
Windows.Win32.System.Com.Urlmon,IInternetThreadSwitch,79eac9e8-baf9-11ce-8c82-00aa004ba90b,true,standard_derived,
Windows.Win32.System.Com.Urlmon,IInternetZoneManager,79eac9ef-baf9-11ce-8c82-00aa004ba90b,false,,missing_allocator
Windows.Win32.System.Com.Urlmon,IInternetZoneManagerEx,a4c23339-8e06-431e-9bf4-7e711c085648,false,,missing_allocator
Windows.Win32.System.Com.Urlmon,IInternetZoneManagerEx2,edc17559-dd5d-4846-8eef-8becba5a4abf,false,,missing_allocator
Windows.Win32.System.Com.Urlmon,IMonikerProp,a5ca5f7f-1847-4d87-9c5b-918509f7511d,true,standard_derived,
Windows.Win32.System.Com.Urlmon,IPersistMoniker,79eac9c9-baf9-11ce-8c82-00aa004ba90b,true,standard_derived,
Windows.Win32.System.Com.Urlmon,ISoftDistExt,b15b8dc1-c7e1-11d0-8680-00aa00bdcb71,false,,external_pointee_storage
Windows.Win32.System.Com.Urlmon,IUriBuilderFactory,e982ce48-0b96-440c-bc37-0c869b27a29e,true,standard_derived,
Windows.Win32.System.Com.Urlmon,IUriContainer,a158a630-ed6f-45fb-b987-f68676f57752,true,standard_derived,
Windows.Win32.System.Com.Urlmon,IWinInetCacheHints,dd1ec3b3-8391-4fdb-a9e6-347c3caaa7dd,false,,safe_projection_incomplete
Windows.Win32.System.Com.Urlmon,IWinInetCacheHints2,7857aeac-d31f-49bf-884e-dd46df36780a,false,,safe_projection_incomplete
Windows.Win32.System.Com.Urlmon,IWinInetFileStream,f134c4b7-b1f8-4e75-b886-74b90943becb,true,standard_derived,
Windows.Win32.System.Com.Urlmon,IWinInetHttpInfo,79eac9d8-bafa-11ce-8c82-00aa004ba90b,false,,safe_projection_incomplete
Windows.Win32.System.Com.Urlmon,IWinInetHttpTimeouts,f286fa56-c1fd-4270-8e67-b3eb790a81e8,true,standard_derived,
Windows.Win32.System.Com.Urlmon,IWinInetInfo,79eac9d6-bafa-11ce-8c82-00aa004ba90b,false,,safe_projection_incomplete
Windows.Win32.System.Com.Urlmon,IWindowForBindingUI,79eac9d5-bafa-11ce-8c82-00aa004ba90b,false,,missing_handle_ownership
Windows.Win32.System.Com.Urlmon,IWrappedProtocol,53c84785-8425-4dc5-971b-e58d9c19f9b6,true,standard_derived,
Windows.Win32.System.Com.Urlmon,IZoneIdentifier,cd45f185-1b21-48e2-967b-ead743a8914e,true,standard_derived,
Windows.Win32.System.Com.Urlmon,IZoneIdentifier2,eb5e760c-09ef-45c0-b510-70830ce31e6a,false,,missing_allocator
Windows.Win32.System.ComponentServices,ContextInfo,19a5a02c-0ac8-11d2-b286-00c04f8ef934,true,standard_derived,
Windows.Win32.System.ComponentServices,ContextInfo2,c99d6e75-2375-11d4-8331-00c04f605588,true,standard_derived,
Windows.Win32.System.ComponentServices,IAppDomainHelper,c7b67079-8255-42c6-9ec0-6994a3548780,false,,external_pointee_storage
Windows.Win32.System.ComponentServices,IAssemblyLocator,391ffbb9-a8ee-432a-abc8-baa238dab90f,false,,safe_projection_incomplete
Windows.Win32.System.ComponentServices,IAsyncErrorNotify,fe6777fb-a674-4177-8f32-6d707e113484,true,standard_derived,
Windows.Win32.System.ComponentServices,ICOMAdminCatalog,dd662187-dfc2-11d1-a2cf-00805fc79235,false,,variant_safearray_element_contract
Windows.Win32.System.ComponentServices,ICOMAdminCatalog2,790c6e0b-9194-4cc9-9426-a48a63185696,false,,variant_safearray_element_contract
Windows.Win32.System.ComponentServices,ICOMLBArguments,3a0f150f-8ee5-4b94-b40e-aef2f9e42ed2,false,,safe_projection_incomplete
Windows.Win32.System.ComponentServices,ICatalogCollection,6eb22872-8a19-11d0-81b6-00a0c9231c29,true,exact_registry_dependent,
Windows.Win32.System.ComponentServices,ICatalogObject,6eb22871-8a19-11d0-81b6-00a0c9231c29,true,standard_derived,
Windows.Win32.System.ComponentServices,ICheckSxsConfig,0ff5a96f-11fc-47d1-baa6-25dd347e7242,true,standard_derived,
Windows.Win32.System.ComponentServices,IComActivityEvents,683130b0-2e50-11d2-98a5-00c04f8ee1c4,true,standard_derived,
Windows.Win32.System.ComponentServices,IComApp2Events,1290bc1a-b219-418d-b078-5934ded08242,true,standard_derived,
Windows.Win32.System.ComponentServices,IComAppEvents,683130a6-2e50-11d2-98a5-00c04f8ee1c4,true,standard_derived,
Windows.Win32.System.ComponentServices,IComCRMEvents,683130b5-2e50-11d2-98a5-00c04f8ee1c4,false,,missing_count_relation
Windows.Win32.System.ComponentServices,IComExceptionEvents,683130b3-2e50-11d2-98a5-00c04f8ee1c4,true,standard_derived,
Windows.Win32.System.ComponentServices,IComIdentityEvents,683130b1-2e50-11d2-98a5-00c04f8ee1c4,true,standard_derived,
Windows.Win32.System.ComponentServices,IComInstance2Events,20e3bf07-b506-4ad5-a50c-d2ca5b9c158e,true,standard_derived,
Windows.Win32.System.ComponentServices,IComInstanceEvents,683130a7-2e50-11d2-98a5-00c04f8ee1c4,true,standard_derived,
Windows.Win32.System.ComponentServices,IComLTxEvents,605cf82c-578e-4298-975d-82babcd9e053,true,standard_derived,
Windows.Win32.System.ComponentServices,IComMethod2Events,fb388aaa-567d-4024-af8e-6e93ee748573,true,standard_derived,
Windows.Win32.System.ComponentServices,IComMethodEvents,683130a9-2e50-11d2-98a5-00c04f8ee1c4,true,standard_derived,
Windows.Win32.System.ComponentServices,IComMtaThreadPoolKnobs,f9a76d2e-76a5-43eb-a0c4-49bec8e48480,true,standard_derived,
Windows.Win32.System.ComponentServices,IComObjectConstruction2Events,4b5a7827-8df2-45c0-8f6f-57ea1f856a9f,true,standard_derived,
Windows.Win32.System.ComponentServices,IComObjectConstructionEvents,683130af-2e50-11d2-98a5-00c04f8ee1c4,true,standard_derived,
Windows.Win32.System.ComponentServices,IComObjectEvents,683130aa-2e50-11d2-98a5-00c04f8ee1c4,true,standard_derived,
Windows.Win32.System.ComponentServices,IComObjectPool2Events,65bf6534-85ea-4f64-8cf4-3d974b2ab1cf,true,standard_derived,
Windows.Win32.System.ComponentServices,IComObjectPoolEvents,683130ad-2e50-11d2-98a5-00c04f8ee1c4,true,standard_derived,
Windows.Win32.System.ComponentServices,IComObjectPoolEvents2,683130ae-2e50-11d2-98a5-00c04f8ee1c4,true,standard_derived,
Windows.Win32.System.ComponentServices,IComQCEvents,683130b2-2e50-11d2-98a5-00c04f8ee1c4,false,,missing_count_relation
Windows.Win32.System.ComponentServices,IComResourceEvents,683130ab-2e50-11d2-98a5-00c04f8ee1c4,true,standard_derived,
Windows.Win32.System.ComponentServices,IComSecurityEvents,683130ac-2e50-11d2-98a5-00c04f8ee1c4,true,standard_derived,
Windows.Win32.System.ComponentServices,IComStaThreadPoolKnobs,324b64fa-33b6-11d2-98b7-00c04f8ee1c4,true,standard_derived,
Windows.Win32.System.ComponentServices,IComStaThreadPoolKnobs2,73707523-ff9a-4974-bf84-2108dc213740,true,standard_derived,
Windows.Win32.System.ComponentServices,IComThreadEvents,683130a5-2e50-11d2-98a5-00c04f8ee1c4,true,standard_derived,
Windows.Win32.System.ComponentServices,IComTrackingInfoCollection,c266c677-c9ad-49ab-9fd9-d9661078588a,true,standard_derived,
Windows.Win32.System.ComponentServices,IComTrackingInfoEvents,4e6cdcc9-fb25-4fd5-9cc5-c9f4b6559cec,true,standard_derived,
Windows.Win32.System.ComponentServices,IComTrackingInfoObject,116e42c5-d8b1-47bf-ab1e-c895ed3e2372,true,standard_derived,
Windows.Win32.System.ComponentServices,IComTrackingInfoProperties,789b42be-6f6b-443a-898e-67abf390aa14,false,,missing_allocator
Windows.Win32.System.ComponentServices,IComTransaction2Events,a136f62a-2f94-4288-86e0-d8a1fa4c0299,true,standard_derived,
Windows.Win32.System.ComponentServices,IComTransactionEvents,683130a8-2e50-11d2-98a5-00c04f8ee1c4,true,standard_derived,
Windows.Win32.System.ComponentServices,IComUserEvent,683130a4-2e50-11d2-98a5-00c04f8ee1c4,true,standard_derived,
Windows.Win32.System.ComponentServices,IContextProperties,d396da85-bf8f-11d1-bbae-00c04fc2fa5f,false,,safe_projection_incomplete
Windows.Win32.System.ComponentServices,IContextSecurityPerimeter,a7549a29-a7c4-42e1-8dc1-7e3d748dc24a,true,standard_derived,
Windows.Win32.System.ComponentServices,IContextState,3c05e54b-a42a-11d2-afc4-00c04f8ee1c4,true,standard_derived,
Windows.Win32.System.ComponentServices,ICreateWithLocalTransaction,227ac7a8-8423-42ce-b7cf-03061ec9aaa3,false,,missing_allocator
Windows.Win32.System.ComponentServices,ICreateWithTipTransactionEx,455acf59-5345-11d2-99cf-00c04f797bc9,true,standard_derived,
Windows.Win32.System.ComponentServices,ICreateWithTransactionEx,455acf57-5345-11d2-99cf-00c04f797bc9,true,standard_derived,
Windows.Win32.System.ComponentServices,ICrmCompensator,bbc01830-8d3b-11d1-82ec-00a0c91eede9,true,standard_derived,
Windows.Win32.System.ComponentServices,ICrmCompensatorVariants,f0baf8e4-7804-11d1-82e9-00a0c91eede9,true,standard_derived,
Windows.Win32.System.ComponentServices,ICrmFormatLogRecords,9c51d821-c98b-11d1-82fb-00a0c91eede9,true,standard_derived,
Windows.Win32.System.ComponentServices,ICrmLogControl,a0e174b3-d26e-11d2-8f84-00805fc7bcd9,true,standard_derived,
Windows.Win32.System.ComponentServices,ICrmMonitor,70c8e443-c7ed-11d1-82fb-00a0c91eede9,true,standard_derived,
Windows.Win32.System.ComponentServices,ICrmMonitorClerks,70c8e442-c7ed-11d1-82fb-00a0c91eede9,true,standard_derived,
Windows.Win32.System.ComponentServices,ICrmMonitorLogRecords,70c8e441-c7ed-11d1-82fb-00a0c91eede9,false,,safe_projection_incomplete
Windows.Win32.System.ComponentServices,IDispenserDriver,208b3651-2b48-11cf-be10-00aa00a2fa25,true,standard_derived,
Windows.Win32.System.ComponentServices,IDispenserManager,5cb31e10-2b5f-11cf-be10-00aa00a2fa25,true,standard_derived,
Windows.Win32.System.ComponentServices,IEnumNames,51372af2-cae7-11cf-be81-00aa00a2fa25,true,exact_registry_dependent,
Windows.Win32.System.ComponentServices,IEventServerTrace,9a9f12b8-80af-47ab-a579-35ea57725370,true,standard_derived,
Windows.Win32.System.ComponentServices,IGetAppTrackerData,507c3ac8-3e12-4cb0-9366-653d3e050638,false,,missing_allocator
Windows.Win32.System.ComponentServices,IGetContextProperties,51372af4-cae7-11cf-be81-00aa00a2fa25,false,,safe_projection_incomplete
Windows.Win32.System.ComponentServices,IGetSecurityCallContext,cafc823f-b441-11d1-b82b-0000f8757e2a,true,standard_derived,
Windows.Win32.System.ComponentServices,IHolder,bf6a1850-2b45-11cf-be10-00aa00a2fa25,true,standard_derived,
Windows.Win32.System.ComponentServices,ILBEvents,683130b4-2e50-11d2-98a5-00c04f8ee1c4,true,standard_derived,
Windows.Win32.System.ComponentServices,IMTSActivity,51372af0-cae7-11cf-be81-00aa00a2fa25,true,standard_derived,
Windows.Win32.System.ComponentServices,IMTSCall,51372aef-cae7-11cf-be81-00aa00a2fa25,true,standard_derived,
Windows.Win32.System.ComponentServices,IMTSLocator,d19b8bfd-7f88-11d0-b16e-00aa00ba3258,true,standard_derived,
Windows.Win32.System.ComponentServices,IManagedActivationEvents,a5f325af-572f-46da-b8ab-827c3d95d99e,true,standard_derived,
Windows.Win32.System.ComponentServices,IManagedObjectInfo,1427c51a-4584-49d8-90a0-c50d8086cbe9,true,standard_derived,
Windows.Win32.System.ComponentServices,IManagedPoolAction,da91b74e-5388-4783-949d-c1cd5fb00506,true,standard_derived,
Windows.Win32.System.ComponentServices,IManagedPooledObj,c5da4bea-1b42-4437-8926-b6a38860a770,true,standard_derived,
Windows.Win32.System.ComponentServices,IMessageMover,588a085a-b795-11d1-8054-00c04fc340ee,true,standard_derived,
Windows.Win32.System.ComponentServices,IMtsEventInfo,d56c3dc1-8482-11d0-b170-00aa00ba3258,true,standard_derived,
Windows.Win32.System.ComponentServices,IMtsEvents,bacedf4d-74ab-11d0-b162-00aa00ba3258,true,standard_derived,
Windows.Win32.System.ComponentServices,IMtsGrp,4b2e958c-0393-11d1-b1ab-00aa00ba3258,true,standard_derived,
Windows.Win32.System.ComponentServices,IObjPool,7d8805a0-2ea7-11d1-b1cc-00aa00ba3258,true,standard_derived,
Windows.Win32.System.ComponentServices,IObjectConstruct,41c4f8b3-7439-11d2-98cb-00c04f8ee1c4,true,standard_derived,
Windows.Win32.System.ComponentServices,IObjectConstructString,41c4f8b2-7439-11d2-98cb-00c04f8ee1c4,true,standard_derived,
Windows.Win32.System.ComponentServices,IObjectContext,51372ae0-cae7-11cf-be81-00aa00a2fa25,false,,missing_allocator
Windows.Win32.System.ComponentServices,IObjectContextActivity,51372afc-cae7-11cf-be81-00aa00a2fa25,false,,safe_projection_incomplete
Windows.Win32.System.ComponentServices,IObjectContextInfo,75b52ddb-e8ed-11d1-93ad-00aa00ba3258,false,,safe_projection_incomplete
Windows.Win32.System.ComponentServices,IObjectContextInfo2,594be71a-4bc4-438b-9197-cfd176248b09,false,,safe_projection_incomplete
Windows.Win32.System.ComponentServices,IObjectContextTip,92fd41ca-bad9-11d2-9a2d-00c04f797bc9,true,standard_derived,
Windows.Win32.System.ComponentServices,IObjectControl,51372aec-cae7-11cf-be81-00aa00a2fa25,true,standard_derived,
Windows.Win32.System.ComponentServices,IPlaybackControl,51372afd-cae7-11cf-be81-00aa00a2fa25,true,standard_derived,
Windows.Win32.System.ComponentServices,IPoolManager,0a469861-5a91-43a0-99b6-d5e179bb0631,true,standard_derived,
Windows.Win32.System.ComponentServices,IProcessInitializer,1113f52d-dc7f-4943-aed6-88d04027e32a,true,standard_derived,
Windows.Win32.System.ComponentServices,ISecurityCallContext,cafc823e-b441-11d1-b82b-0000f8757e2a,true,standard_derived,
Windows.Win32.System.ComponentServices,ISecurityCallersColl,cafc823d-b441-11d1-b82b-0000f8757e2a,true,standard_derived,
Windows.Win32.System.ComponentServices,ISecurityIdentityColl,cafc823c-b441-11d1-b82b-0000f8757e2a,true,standard_derived,
Windows.Win32.System.ComponentServices,ISecurityProperty,51372aea-cae7-11cf-be81-00aa00a2fa25,false,,external_pointee_storage
Windows.Win32.System.ComponentServices,ISelectCOMLBServer,dcf443f4-3f8a-4872-b9f0-369a796d12d6,true,standard_derived,
Windows.Win32.System.ComponentServices,ISendMethodEvents,2732fd59-b2b4-4d44-878c-8b8f09626008,true,standard_derived,
Windows.Win32.System.ComponentServices,IServiceActivity,67532e0c-9e2f-4450-a354-035633944e17,true,standard_derived,
Windows.Win32.System.ComponentServices,IServiceCall,bd3e2e12-42dd-40f4-a09a-95a50c58304b,true,standard_derived,
Windows.Win32.System.ComponentServices,IServiceComTIIntrinsicsConfig,09e6831e-04e1-4ed4-9d0f-e8b168bafeaf,true,standard_derived,
Windows.Win32.System.ComponentServices,IServiceIISIntrinsicsConfig,1a0cf920-d452-46f4-bc36-48118d54ea52,true,standard_derived,
Windows.Win32.System.ComponentServices,IServiceInheritanceConfig,92186771-d3b4-4d77-a8ea-ee842d586f35,true,standard_derived,
Windows.Win32.System.ComponentServices,IServicePartitionConfig,80182d03-5ea4-4831-ae97-55beffc2e590,true,standard_derived,
Windows.Win32.System.ComponentServices,IServicePool,b302df81-ea45-451e-99a2-09f9fd1b1e13,false,,missing_allocator
Windows.Win32.System.ComponentServices,IServicePoolConfig,a9690656-5bca-470c-8451-250c1f43a33e,true,standard_derived,
Windows.Win32.System.ComponentServices,IServiceSxsConfig,c7cd7379-f3f2-4634-811b-703281d73e08,true,standard_derived,
Windows.Win32.System.ComponentServices,IServiceSynchronizationConfig,fd880e81-6dce-4c58-af83-a208846c0030,true,standard_derived,
Windows.Win32.System.ComponentServices,IServiceSysTxnConfig,33caf1a1-fcb8-472b-b45e-967448ded6d8,true,standard_derived,
Windows.Win32.System.ComponentServices,IServiceThreadPoolConfig,186d89bc-f277-4bcc-80d5-4df7b836ef4a,true,standard_derived,
Windows.Win32.System.ComponentServices,IServiceTrackerConfig,6c3a3e1d-0ba6-4036-b76f-d0404db816c9,true,standard_derived,
Windows.Win32.System.ComponentServices,IServiceTransactionConfig,59f4c2a3-d3d7-4a31-b6e4-6ab3177c50b9,true,standard_derived,
Windows.Win32.System.ComponentServices,IServiceTransactionConfigBase,772b3fbe-6ffd-42fb-b5f8-8f9b260f3810,true,standard_derived,
Windows.Win32.System.ComponentServices,ISharedProperty,2a005c01-a5de-11cf-9e66-00aa00a3f464,true,standard_derived,
Windows.Win32.System.ComponentServices,ISharedPropertyGroup,2a005c07-a5de-11cf-9e66-00aa00a3f464,true,standard_derived,
Windows.Win32.System.ComponentServices,ISharedPropertyGroupManager,2a005c0d-a5de-11cf-9e66-00aa00a3f464,true,standard_derived,
Windows.Win32.System.ComponentServices,ISystemAppEventData,d6d48a3c-d5c5-49e7-8c74-99e4889ed52f,true,standard_derived,
Windows.Win32.System.ComponentServices,IThreadPoolKnobs,51372af7-cae7-11cf-be81-00aa00a2fa25,true,standard_derived,
Windows.Win32.System.ComponentServices,ITransactionContext,7999fc21-d3c6-11cf-acab-00a024a55aef,true,standard_derived,
Windows.Win32.System.ComponentServices,ITransactionContextEx,7999fc22-d3c6-11cf-acab-00a024a55aef,true,standard_derived,
Windows.Win32.System.ComponentServices,ITransactionProperty,788ea814-87b1-11d1-bba6-00c04fc2fa5f,true,standard_derived,
Windows.Win32.System.ComponentServices,ITransactionProxy,02558374-df2e-4dae-bd6b-1d5c994f9bdc,false,,safe_projection_incomplete
Windows.Win32.System.ComponentServices,ITransactionResourcePool,c5feb7c1-346a-11d1-b1cc-00aa00ba3258,true,standard_derived,
Windows.Win32.System.ComponentServices,ITransactionStatus,61f589e8-3724-4898-a0a4-664ae9e1d1b4,true,standard_derived,
Windows.Win32.System.ComponentServices,ITxProxyHolder,13d86f31-0139-41af-bcad-c7d50435fe9f,false,,safe_projection_incomplete
Windows.Win32.System.ComponentServices,ObjectContext,74c08646-cedb-11cf-8b49-00aa00b8a790,true,standard_derived,
Windows.Win32.System.ComponentServices,ObjectControl,7dc41850-0c31-11d0-8b79-00aa00b8a790,true,standard_derived,
Windows.Win32.System.ComponentServices,SecurityProperty,e74a7215-014d-11d1-a63c-00a0c911b4e0,true,standard_derived,
Windows.Win32.System.Contacts,IContact,f941b671-bda7-4f77-884a-f46462f226a7,false,,safe_projection_incomplete
Windows.Win32.System.Contacts,IContactAggregationAggregate,7ed1c814-cd30-43c8-9b8d-2e489e53d54b,false,,missing_allocator
Windows.Win32.System.Contacts,IContactAggregationAggregateCollection,2359f3a6-3a68-40af-98db-0f9eb143c3bb,true,standard_derived,
Windows.Win32.System.Contacts,IContactAggregationContact,1eb22e86-4c86-41f0-9f9f-c251e9fda6c3,false,,missing_allocator
Windows.Win32.System.Contacts,IContactAggregationContactCollection,826e66fa-81de-43ca-a6fb-8c785cd996c6,true,standard_derived,
Windows.Win32.System.Contacts,IContactAggregationGroup,c93c545f-1284-499b-96af-07372af473e0,false,,missing_allocator
Windows.Win32.System.Contacts,IContactAggregationGroupCollection,20a19a9c-d2f3-4b83-9143-beffd2cc226d,true,standard_derived,
Windows.Win32.System.Contacts,IContactAggregationLink,b6813323-a183-4654-8627-79b30de3a0ec,false,,missing_allocator
Windows.Win32.System.Contacts,IContactAggregationLinkCollection,f8bc0e93-fb55-4f28-b9fa-b1c274153292,true,standard_derived,
Windows.Win32.System.Contacts,IContactAggregationManager,1d865989-4b1f-4b60-8f34-c2ad468b2b50,true,standard_derived,
Windows.Win32.System.Contacts,IContactAggregationServerPerson,7fdc3d4b-1b82-4334-85c5-25184ee5a5f2,false,,missing_allocator
Windows.Win32.System.Contacts,IContactAggregationServerPersonCollection,4f730a4a-6604-47b6-a987-669ecf1e5751,true,standard_derived,
Windows.Win32.System.Contacts,IContactCollection,b6afa338-d779-11d9-8bde-f66bad1e3f3a,true,standard_derived,
Windows.Win32.System.Contacts,IContactManager,ad553d98-deb1-474a-8e17-fc0c2075b738,true,standard_derived,
Windows.Win32.System.Contacts,IContactProperties,70dd27dd-5cbd-46e8-bef0-23b6b346288f,false,,safe_projection_incomplete
Windows.Win32.System.Contacts,IContactPropertyCollection,ffd3adf8-fa64-4328-b1b6-2e0db509cb3c,false,,safe_projection_incomplete
Windows.Win32.System.DeploymentServices,IWdsTransportCacheable,46ad894b-0bab-47dc-84b2-7b553f1d8f80,true,standard_derived,
Windows.Win32.System.DeploymentServices,IWdsTransportClient,b5dbc93a-cabe-46ca-837f-3e44e93c6545,true,standard_derived,
Windows.Win32.System.DeploymentServices,IWdsTransportCollection,b8ba4b1a-2ff4-43ab-996c-b2b10a91a6eb,true,standard_derived,
Windows.Win32.System.DeploymentServices,IWdsTransportConfigurationManager,84cc4779-42dd-4792-891e-1321d6d74b44,true,standard_derived,
Windows.Win32.System.DeploymentServices,IWdsTransportConfigurationManager2,d0d85caf-a153-4f1d-a9dd-96f431c50717,true,standard_derived,
Windows.Win32.System.DeploymentServices,IWdsTransportContent,d405d711-0296-4ab4-a860-ac7d32e65798,true,standard_derived,
Windows.Win32.System.DeploymentServices,IWdsTransportContentProvider,b9489f24-f219-4acf-aad7-265c7c08a6ae,true,standard_derived,
Windows.Win32.System.DeploymentServices,IWdsTransportDiagnosticsPolicy,13b33efc-7856-4f61-9a59-8de67b6b87b6,true,standard_derived,
Windows.Win32.System.DeploymentServices,IWdsTransportManager,5b0d35f5-1b13-4afd-b878-6526dc340b5d,true,standard_derived,
Windows.Win32.System.DeploymentServices,IWdsTransportMulticastSessionPolicy,4e5753cf-68ec-4504-a951-4a003266606b,true,standard_derived,
Windows.Win32.System.DeploymentServices,IWdsTransportNamespace,fa561f57-fbef-4ed3-b056-127cb1b33b84,true,standard_derived,
Windows.Win32.System.DeploymentServices,IWdsTransportNamespaceAutoCast,ad931a72-c4bd-4c41-8fbc-59c9c748df9e,true,standard_derived,
Windows.Win32.System.DeploymentServices,IWdsTransportNamespaceManager,3e22d9f6-3777-4d98-83e1-f98696717ba3,true,standard_derived,
Windows.Win32.System.DeploymentServices,IWdsTransportNamespaceScheduledCast,3840cecf-d76c-416e-a4cc-31c741d2874b,true,standard_derived,
Windows.Win32.System.DeploymentServices,IWdsTransportNamespaceScheduledCastAutoStart,d606af3d-ea9c-4219-961e-7491d618d9b9,true,standard_derived,
Windows.Win32.System.DeploymentServices,IWdsTransportNamespaceScheduledCastManualStart,013e6e4c-e6a7-4fb5-b7ff-d9f5da805c31,true,standard_derived,
Windows.Win32.System.DeploymentServices,IWdsTransportServer,09ccd093-830d-4344-a30a-73ae8e8fca90,true,standard_derived,
Windows.Win32.System.DeploymentServices,IWdsTransportServer2,256e999f-6df4-4538-81b9-857b9ab8fb47,true,standard_derived,
Windows.Win32.System.DeploymentServices,IWdsTransportServicePolicy,b9468578-9f2b-48cc-b27a-a60799c2750c,true,standard_derived,
Windows.Win32.System.DeploymentServices,IWdsTransportServicePolicy2,65c19e5c-aa7e-4b91-8944-91e0e5572797,true,standard_derived,
Windows.Win32.System.DeploymentServices,IWdsTransportSession,f4efea88-65b1-4f30-a4b9-2793987796fb,true,standard_derived,
Windows.Win32.System.DeploymentServices,IWdsTransportSetupManager,f7238425-efa8-40a4-aef9-c98d969c0b75,true,standard_derived,
Windows.Win32.System.DeploymentServices,IWdsTransportSetupManager2,02be79da-7e9e-4366-8b6e-2aa9a91be47f,true,standard_derived,
Windows.Win32.System.DeploymentServices,IWdsTransportTftpClient,b022d3ae-884d-4d85-b146-53320e76ef62,true,standard_derived,
Windows.Win32.System.DeploymentServices,IWdsTransportTftpManager,1327a7c8-ae8a-4fb3-8150-136227c37e9a,true,standard_derived,
Windows.Win32.System.DesktopSharing,IRDPSRAPIApplication,41e7a09d-eb7a-436e-935d-780ca2628324,true,standard_derived,
Windows.Win32.System.DesktopSharing,IRDPSRAPIApplicationFilter,d20f10ca-6637-4f06-b1d5-277ea7e5160d,true,standard_derived,
Windows.Win32.System.DesktopSharing,IRDPSRAPIApplicationList,d4b4aeb3-22dc-4837-b3b6-42ea2517849a,true,standard_derived,
Windows.Win32.System.DesktopSharing,IRDPSRAPIAttendee,ec0671b3-1b78-4b80-a464-9132247543e3,true,standard_derived,
Windows.Win32.System.DesktopSharing,IRDPSRAPIAttendeeDisconnectInfo,c187689f-447c-44a1-9c14-fffbb3b7ec17,true,standard_derived,
Windows.Win32.System.DesktopSharing,IRDPSRAPIAttendeeManager,ba3a37e8-33da-4749-8da0-07fa34da7944,true,standard_derived,
Windows.Win32.System.DesktopSharing,IRDPSRAPIAudioStream,e3e30ef9-89c6-4541-ba3b-19336ac6d31c,false,,missing_allocator
Windows.Win32.System.DesktopSharing,IRDPSRAPIClipboardUseEvents,d559f59a-7a27-4138-8763-247ce5f659a8,true,standard_derived,
Windows.Win32.System.DesktopSharing,IRDPSRAPIDebug,aa1e42b5-496d-4ca4-a690-348dcb2ec4ad,true,standard_derived,
Windows.Win32.System.DesktopSharing,IRDPSRAPIFrameBuffer,3d67e7d2-b27b-448e-81b3-c6110ed8b4be,true,exact_registry_dependent,
Windows.Win32.System.DesktopSharing,IRDPSRAPIInvitation,4fac1d43-fc51-45bb-b1b4-2b53aa562fa3,true,standard_derived,
Windows.Win32.System.DesktopSharing,IRDPSRAPIInvitationManager,4722b049-92c3-4c2d-8a65-f7348f644dcf,true,standard_derived,
Windows.Win32.System.DesktopSharing,IRDPSRAPIPerfCounterLogger,071c2533-0fa4-4e8f-ae83-9c10b4305ab5,true,standard_derived,
Windows.Win32.System.DesktopSharing,IRDPSRAPIPerfCounterLoggingManager,9a512c86-ac6e-4a8e-b1a4-fcef363f6e64,true,standard_derived,
Windows.Win32.System.DesktopSharing,IRDPSRAPISessionProperties,339b24f2-9bc0-4f16-9aac-f165433d13d4,true,standard_derived,
Windows.Win32.System.DesktopSharing,IRDPSRAPISharingSession,eeb20886-e470-4cf6-842b-2739c0ec5cfb,true,standard_derived,
Windows.Win32.System.DesktopSharing,IRDPSRAPISharingSession2,fee4ee57-e3e8-4205-8fb0-8fd1d0675c21,true,standard_derived,
Windows.Win32.System.DesktopSharing,IRDPSRAPITcpConnectionInfo,f74049a4-3d06-4028-8193-0a8c29bc2452,true,standard_derived,
Windows.Win32.System.DesktopSharing,IRDPSRAPITransportStream,36cfa065-43bb-4ef7-aed7-9b88a5053036,true,standard_derived,
Windows.Win32.System.DesktopSharing,IRDPSRAPITransportStreamBuffer,81c80290-5085-44b0-b460-f865c39cb4a9,false,,missing_allocator
Windows.Win32.System.DesktopSharing,IRDPSRAPITransportStreamEvents,ea81c254-f5af-4e40-982e-3e63bb595276,true,standard_derived,
Windows.Win32.System.DesktopSharing,IRDPSRAPIViewer,c6bfcd38-8ce9-404d-8ae8-f31d00c65cb5,true,standard_derived,
Windows.Win32.System.DesktopSharing,IRDPSRAPIVirtualChannel,05e12f95-28b3-4c9a-8780-d0248574a1e0,true,standard_derived,
Windows.Win32.System.DesktopSharing,IRDPSRAPIVirtualChannelManager,0d11c661-5d0d-4ee4-89df-2166ae1fdfed,true,standard_derived,
Windows.Win32.System.DesktopSharing,IRDPSRAPIWindow,beafe0f9-c77b-4933-ba9f-a24cddcc27cf,true,standard_derived,
Windows.Win32.System.DesktopSharing,IRDPSRAPIWindowList,8a05ce44-715a-4116-a189-a118f30a07bd,true,standard_derived,
Windows.Win32.System.DesktopSharing,IRDPViewerInputSink,bb590853-a6c5-4a7b-8dd4-76b69eea12d5,true,standard_derived,
Windows.Win32.System.DesktopSharing,_IRDPSessionEvents,98a97042-6698-40e9-8efd-b3200990004b,true,standard_derived,
Windows.Win32.System.Diagnostics.ClrProfiling,ICorProfilerAssemblyReferenceProvider,66a78c24-2eef-4f65-b45f-dd1d8038bf3c,true,standard_derived,
Windows.Win32.System.Diagnostics.ClrProfiling,ICorProfilerCallback,176fbed1-a55c-4796-98ca-a9da0ef883e7,true,standard_derived,
Windows.Win32.System.Diagnostics.ClrProfiling,ICorProfilerCallback10,cec5b60e-c69c-495f-87f6-84d28ee16ffb,true,standard_derived,
Windows.Win32.System.Diagnostics.ClrProfiling,ICorProfilerCallback11,42350846-aaed-47f7-b128-fd0c98881cde,true,standard_derived,
Windows.Win32.System.Diagnostics.ClrProfiling,ICorProfilerCallback2,8a8cc829-ccf2-49fe-bbae-0f022228071a,true,standard_derived,
Windows.Win32.System.Diagnostics.ClrProfiling,ICorProfilerCallback3,4fd2ed52-7731-4b8d-9469-03d2cc3086c5,true,standard_derived,
Windows.Win32.System.Diagnostics.ClrProfiling,ICorProfilerCallback4,7b63b2e3-107d-4d48-b2f6-f61e229470d2,true,standard_derived,
Windows.Win32.System.Diagnostics.ClrProfiling,ICorProfilerCallback5,8dfba405-8c9f-45f8-bffa-83b14cef78b5,true,standard_derived,
Windows.Win32.System.Diagnostics.ClrProfiling,ICorProfilerCallback6,fc13df4b-4448-4f4f-950c-ba8d19d00c36,true,standard_derived,
Windows.Win32.System.Diagnostics.ClrProfiling,ICorProfilerCallback7,f76a2dba-1d52-4539-866c-2aa518f9efc3,true,standard_derived,
Windows.Win32.System.Diagnostics.ClrProfiling,ICorProfilerCallback8,5bed9b15-c079-4d47-bfe2-215a140c07e0,true,standard_derived,
Windows.Win32.System.Diagnostics.ClrProfiling,ICorProfilerCallback9,27583ec3-c8f5-482f-8052-194b8ce4705a,true,standard_derived,
Windows.Win32.System.Diagnostics.ClrProfiling,ICorProfilerFunctionControl,f0963021-e1ea-4732-8581-e01b0bd3c0c6,true,standard_derived,
Windows.Win32.System.Diagnostics.ClrProfiling,ICorProfilerFunctionEnum,ff71301a-b994-429d-a10b-b345a65280ef,false,,safe_projection_incomplete
Windows.Win32.System.Diagnostics.ClrProfiling,ICorProfilerInfo,28b5557d-3f3f-48b4-90b2-5f9eea2f6c48,false,,missing_allocator
Windows.Win32.System.Diagnostics.ClrProfiling,ICorProfilerInfo10,2f1b5152-c869-40c9-aa5f-3abe026bd720,false,,incomplete_pointee_layout_for_storage
Windows.Win32.System.Diagnostics.ClrProfiling,ICorProfilerInfo11,06398876-8987-4154-b621-40a00d6e4d04,false,,incomplete_pointee_layout_for_storage
Windows.Win32.System.Diagnostics.ClrProfiling,ICorProfilerInfo12,27b24ccd-1cb1-47c5-96ee-98190dc30959,false,,incomplete_pointee_layout_for_storage
Windows.Win32.System.Diagnostics.ClrProfiling,ICorProfilerInfo13,6e6c7ee2-0701-4ec2-9d29-2e8733b66934,false,,incomplete_pointee_layout_for_storage
Windows.Win32.System.Diagnostics.ClrProfiling,ICorProfilerInfo14,f460e352-d76d-4fe9-835f-f6af9d6e862d,false,,incomplete_pointee_layout_for_storage
Windows.Win32.System.Diagnostics.ClrProfiling,ICorProfilerInfo2,cc0935cd-a518-487d-b0bb-a93214e65478,false,,external_pointee_storage
Windows.Win32.System.Diagnostics.ClrProfiling,ICorProfilerInfo3,b555ed4f-452a-4e54-8b39-b5360bad32a0,false,,incomplete_pointee_layout_for_storage
Windows.Win32.System.Diagnostics.ClrProfiling,ICorProfilerInfo4,0d8fdcaa-6257-47bf-b1bf-94dac88466ee,false,,incomplete_pointee_layout_for_storage
Windows.Win32.System.Diagnostics.ClrProfiling,ICorProfilerInfo5,07602928-ce38-4b83-81e7-74adaf781214,false,,incomplete_pointee_layout_for_storage
Windows.Win32.System.Diagnostics.ClrProfiling,ICorProfilerInfo6,f30a070d-bffb-46a7-b1d8-8781ef7b698a,false,,incomplete_pointee_layout_for_storage
Windows.Win32.System.Diagnostics.ClrProfiling,ICorProfilerInfo7,9aeecc0d-63e0-4187-8c00-e312f503f663,false,,incomplete_pointee_layout_for_storage
Windows.Win32.System.Diagnostics.ClrProfiling,ICorProfilerInfo8,c5ac80a6-782e-4716-8044-39598c60cfbf,false,,incomplete_pointee_layout_for_storage
Windows.Win32.System.Diagnostics.ClrProfiling,ICorProfilerInfo9,008170db-f8cc-4796-9a51-dc8aa0b47012,false,,incomplete_pointee_layout_for_storage
Windows.Win32.System.Diagnostics.ClrProfiling,ICorProfilerMethodEnum,fccee788-0088-454b-a811-c99f298d1942,false,,safe_projection_incomplete
Windows.Win32.System.Diagnostics.ClrProfiling,ICorProfilerModuleEnum,b0266d75-2081-4493-af7f-028ba34db891,true,standard_derived,
Windows.Win32.System.Diagnostics.ClrProfiling,ICorProfilerObjectEnum,2c6269bd-2d13-4321-ae12-6686365fd6af,true,standard_derived,
Windows.Win32.System.Diagnostics.ClrProfiling,ICorProfilerThreadEnum,571194f7-25ed-419f-aa8b-7016b3159701,true,standard_derived,
Windows.Win32.System.Diagnostics.ClrProfiling,IMethodMalloc,a0efb28b-6ee2-4d7b-b983-a75ef7beedb8,false,,missing_allocator
Windows.Win32.System.Diagnostics.Debug.ActiveScript,AsyncIDebugApplicationNodeEvents,a2e3aa3b-aa8d-4ebf-84cd-648b737b8c13,true,standard_derived,
Windows.Win32.System.Diagnostics.Debug.ActiveScript,IActiveScript,bb1a2ae1-a4f9-11cf-8f20-00805f2cd064,false,,missing_allocator
Windows.Win32.System.Diagnostics.Debug.ActiveScript,IActiveScriptAuthor,9c109da0-7006-11d1-b36c-00a0c911e8b2,false,,safe_projection_incomplete
Windows.Win32.System.Diagnostics.Debug.ActiveScript,IActiveScriptAuthorProcedure,7e2d4b70-bd9a-11d0-9336-00a0c90dcaa9,true,standard_derived,
Windows.Win32.System.Diagnostics.Debug.ActiveScript,IActiveScriptDebug32,51973c10-cb0c-11d0-b5c9-00a0244a0e7a,false,,safe_projection_incomplete
Windows.Win32.System.Diagnostics.Debug.ActiveScript,IActiveScriptDebug64,bc437e23-f5b8-47f4-bb79-7d1ce5483b86,false,,safe_projection_incomplete
Windows.Win32.System.Diagnostics.Debug.ActiveScript,IActiveScriptEncode,bb1a2ae3-a4f9-11cf-8f20-00805f2cd064,false,,safe_projection_incomplete
Windows.Win32.System.Diagnostics.Debug.ActiveScript,IActiveScriptError,eae1ba61-a4ed-11cf-8f20-00805f2cd064,true,standard_derived,
Windows.Win32.System.Diagnostics.Debug.ActiveScript,IActiveScriptError64,b21fb2a1-5b8f-4963-8c21-21450f84ed7f,true,standard_derived,
Windows.Win32.System.Diagnostics.Debug.ActiveScript,IActiveScriptErrorDebug,51973c12-cb0c-11d0-b5c9-00a0244a0e7a,true,standard_derived,
Windows.Win32.System.Diagnostics.Debug.ActiveScript,IActiveScriptErrorDebug110,516e42b6-89a8-4530-937b-5f0708431442,true,standard_derived,
Windows.Win32.System.Diagnostics.Debug.ActiveScript,IActiveScriptGarbageCollector,6aa2c4a0-2b53-11d4-a2a0-00104bd35090,true,standard_derived,
Windows.Win32.System.Diagnostics.Debug.ActiveScript,IActiveScriptHostEncode,bee9b76e-cfe3-11d1-b747-00c04fc2b085,true,standard_derived,
Windows.Win32.System.Diagnostics.Debug.ActiveScript,IActiveScriptParse32,bb1a2ae2-a4f9-11cf-8f20-00805f2cd064,true,standard_derived,
Windows.Win32.System.Diagnostics.Debug.ActiveScript,IActiveScriptParse64,c7ef7658-e1ee-480e-97ea-d52cb4d76d17,true,standard_derived,
Windows.Win32.System.Diagnostics.Debug.ActiveScript,IActiveScriptParseProcedure2_32,71ee5b20-fb04-11d1-b3a8-00a0c911e8b2,true,standard_derived,
Windows.Win32.System.Diagnostics.Debug.ActiveScript,IActiveScriptParseProcedure2_64,fe7c4271-210c-448d-9f54-76dab7047b28,true,standard_derived,
Windows.Win32.System.Diagnostics.Debug.ActiveScript,IActiveScriptParseProcedure32,aa5b6a80-b834-11d0-932f-00a0c90dcaa9,true,standard_derived,
Windows.Win32.System.Diagnostics.Debug.ActiveScript,IActiveScriptParseProcedure64,c64713b6-e029-4cc5-9200-438b72890b6a,true,standard_derived,
Windows.Win32.System.Diagnostics.Debug.ActiveScript,IActiveScriptParseProcedureOld32,1cff0050-6fdd-11d0-9328-00a0c90dcaa9,true,standard_derived,
Windows.Win32.System.Diagnostics.Debug.ActiveScript,IActiveScriptParseProcedureOld64,21f57128-08c9-4638-ba12-22d15d88dc5c,true,standard_derived,
Windows.Win32.System.Diagnostics.Debug.ActiveScript,IActiveScriptProfilerCallback,740eca23-7d9d-42e5-ba9d-f8b24b1c7a9b,true,standard_derived,
Windows.Win32.System.Diagnostics.Debug.ActiveScript,IActiveScriptProfilerCallback2,31b7f8ad-a637-409c-b22f-040995b6103d,true,standard_derived,
Windows.Win32.System.Diagnostics.Debug.ActiveScript,IActiveScriptProfilerCallback3,6ac5ad25-2037-4687-91df-b59979d93d73,true,standard_derived,
Windows.Win32.System.Diagnostics.Debug.ActiveScript,IActiveScriptProfilerControl,784b5ff0-69b0-47d1-a7dc-2518f4230e90,true,standard_derived,
Windows.Win32.System.Diagnostics.Debug.ActiveScript,IActiveScriptProfilerControl2,47810165-498f-40be-94f1-653557e9e7da,true,standard_derived,
Windows.Win32.System.Diagnostics.Debug.ActiveScript,IActiveScriptProfilerControl3,0b403015-f381-4023-a5d0-6fed076de716,true,standard_derived,
Windows.Win32.System.Diagnostics.Debug.ActiveScript,IActiveScriptProfilerControl4,160f94fd-9dbc-40d4-9eac-2b71db3132f4,true,standard_derived,
Windows.Win32.System.Diagnostics.Debug.ActiveScript,IActiveScriptProfilerControl5,1c01a2d1-8f0f-46a5-9720-0d7ed2c62f0a,true,standard_derived,
Windows.Win32.System.Diagnostics.Debug.ActiveScript,IActiveScriptProfilerHeapEnum,32e4694e-0d37-419b-b93d-fa20ded6e8ea,false,,incomplete_pointee_layout_for_storage
Windows.Win32.System.Diagnostics.Debug.ActiveScript,IActiveScriptProperty,4954e0d0-fbc7-11d1-8410-006008c3fbfc,true,standard_derived,
Windows.Win32.System.Diagnostics.Debug.ActiveScript,IActiveScriptSIPInfo,764651d0-38de-11d4-a2a3-00104bd35090,true,standard_derived,
Windows.Win32.System.Diagnostics.Debug.ActiveScript,IActiveScriptSite,db01a1e3-a42b-11cf-8f20-00805f2cd064,false,,safe_projection_incomplete
Windows.Win32.System.Diagnostics.Debug.ActiveScript,IActiveScriptSiteDebug32,51973c11-cb0c-11d0-b5c9-00a0244a0e7a,true,standard_derived,
Windows.Win32.System.Diagnostics.Debug.ActiveScript,IActiveScriptSiteDebug64,d6b96b0a-7463-402c-92ac-89984226942f,true,standard_derived,
Windows.Win32.System.Diagnostics.Debug.ActiveScript,IActiveScriptSiteDebugEx,bb722ccb-6ad2-41c6-b780-af9c03ee69f5,true,standard_derived,
Windows.Win32.System.Diagnostics.Debug.ActiveScript,IActiveScriptSiteInterruptPoll,539698a0-cdca-11cf-a5eb-00aa0047a063,true,standard_derived,
Windows.Win32.System.Diagnostics.Debug.ActiveScript,IActiveScriptSiteTraceInfo,4b7272ae-1955-4bfe-98b0-780621888569,true,standard_derived,
Windows.Win32.System.Diagnostics.Debug.ActiveScript,IActiveScriptSiteUIControl,aedae97e-d7ee-4796-b960-7f092ae844ab,true,standard_derived,
Windows.Win32.System.Diagnostics.Debug.ActiveScript,IActiveScriptSiteWindow,d10f6761-83e9-11cf-8f20-00805f2cd064,false,,missing_handle_ownership
Windows.Win32.System.Diagnostics.Debug.ActiveScript,IActiveScriptStats,b8da6310-e19b-11d0-933c-00a0c90dcaa9,true,standard_derived,
Windows.Win32.System.Diagnostics.Debug.ActiveScript,IActiveScriptStringCompare,58562769-ed52-42f7-8403-4963514e1f11,true,standard_derived,
Windows.Win32.System.Diagnostics.Debug.ActiveScript,IActiveScriptTraceInfo,c35456e7-bebf-4a1b-86a9-24d56be8b369,true,standard_derived,
Windows.Win32.System.Diagnostics.Debug.ActiveScript,IActiveScriptWinRTErrorDebug,73a3f82a-0fe9-4b33-ba3b-fe095f697e0a,true,standard_derived,
Windows.Win32.System.Diagnostics.Debug.ActiveScript,IApplicationDebugger,51973c2a-cb0c-11d0-b5c9-00a0244a0e7a,true,standard_derived,
Windows.Win32.System.Diagnostics.Debug.ActiveScript,IApplicationDebuggerUI,51973c2b-cb0c-11d0-b5c9-00a0244a0e7a,true,standard_derived,
Windows.Win32.System.Diagnostics.Debug.ActiveScript,IBindEventHandler,63cdbcb0-c1b1-11d0-9336-00a0c90dcaa9,true,standard_derived,
Windows.Win32.System.Diagnostics.Debug.ActiveScript,IDebugApplication11032,bdb3b5de-89f2-4e11-84a5-97445f941c7d,false,,nested_pointer_lifetime
Windows.Win32.System.Diagnostics.Debug.ActiveScript,IDebugApplication11064,2039d958-4eeb-496a-87bb-2e5201eadeef,false,,nested_pointer_lifetime
Windows.Win32.System.Diagnostics.Debug.ActiveScript,IDebugApplication32,51973c32-cb0c-11d0-b5c9-00a0244a0e7a,true,standard_derived,
Windows.Win32.System.Diagnostics.Debug.ActiveScript,IDebugApplication64,4dedc754-04c7-4f10-9e60-16a390fe6e62,true,standard_derived,
Windows.Win32.System.Diagnostics.Debug.ActiveScript,IDebugApplicationNode,51973c34-cb0c-11d0-b5c9-00a0244a0e7a,true,standard_derived,
Windows.Win32.System.Diagnostics.Debug.ActiveScript,IDebugApplicationNode100,90a7734e-841b-4f77-9384-a2891e76e7e2,false,,nested_pointer_lifetime
Windows.Win32.System.Diagnostics.Debug.ActiveScript,IDebugApplicationNodeEvents,51973c35-cb0c-11d0-b5c9-00a0244a0e7a,true,standard_derived,
Windows.Win32.System.Diagnostics.Debug.ActiveScript,IDebugApplicationThread,51973c38-cb0c-11d0-b5c9-00a0244a0e7a,true,standard_derived,
Windows.Win32.System.Diagnostics.Debug.ActiveScript,IDebugApplicationThread11032,2194ac5c-6561-404a-a2e9-f57d72de3702,true,standard_derived,
Windows.Win32.System.Diagnostics.Debug.ActiveScript,IDebugApplicationThread11064,420aa4cc-efd8-4dac-983b-47127826917d,true,standard_derived,
Windows.Win32.System.Diagnostics.Debug.ActiveScript,IDebugApplicationThread64,9dac5886-dbad-456d-9dee-5dec39ab3dda,true,standard_derived,
Windows.Win32.System.Diagnostics.Debug.ActiveScript,IDebugApplicationThreadEvents110,84e5e468-d5da-48a8-83f4-40366429007b,true,standard_derived,
Windows.Win32.System.Diagnostics.Debug.ActiveScript,IDebugAsyncOperation,51973c1b-cb0c-11d0-b5c9-00a0244a0e7a,true,standard_derived,
Windows.Win32.System.Diagnostics.Debug.ActiveScript,IDebugAsyncOperationCallBack,51973c1c-cb0c-11d0-b5c9-00a0244a0e7a,true,standard_derived,
Windows.Win32.System.Diagnostics.Debug.ActiveScript,IDebugCodeContext,51973c13-cb0c-11d0-b5c9-00a0244a0e7a,true,standard_derived,
Windows.Win32.System.Diagnostics.Debug.ActiveScript,IDebugCookie,51973c39-cb0c-11d0-b5c9-00a0244a0e7a,true,standard_derived,
Windows.Win32.System.Diagnostics.Debug.ActiveScript,IDebugDocument,51973c21-cb0c-11d0-b5c9-00a0244a0e7a,true,standard_derived,
Windows.Win32.System.Diagnostics.Debug.ActiveScript,IDebugDocumentContext,51973c28-cb0c-11d0-b5c9-00a0244a0e7a,true,standard_derived,
Windows.Win32.System.Diagnostics.Debug.ActiveScript,IDebugDocumentHelper32,51973c26-cb0c-11d0-b5c9-00a0244a0e7a,true,standard_derived,
Windows.Win32.System.Diagnostics.Debug.ActiveScript,IDebugDocumentHelper64,c4c7363c-20fd-47f9-bd82-4855e0150871,true,standard_derived,
Windows.Win32.System.Diagnostics.Debug.ActiveScript,IDebugDocumentHost,51973c27-cb0c-11d0-b5c9-00a0244a0e7a,false,,safe_projection_incomplete
Windows.Win32.System.Diagnostics.Debug.ActiveScript,IDebugDocumentInfo,51973c1f-cb0c-11d0-b5c9-00a0244a0e7a,true,standard_derived,
Windows.Win32.System.Diagnostics.Debug.ActiveScript,IDebugDocumentProvider,51973c20-cb0c-11d0-b5c9-00a0244a0e7a,true,standard_derived,
Windows.Win32.System.Diagnostics.Debug.ActiveScript,IDebugDocumentText,51973c22-cb0c-11d0-b5c9-00a0244a0e7a,false,,safe_projection_incomplete
Windows.Win32.System.Diagnostics.Debug.ActiveScript,IDebugDocumentTextAuthor,51973c24-cb0c-11d0-b5c9-00a0244a0e7a,false,,safe_projection_incomplete
Windows.Win32.System.Diagnostics.Debug.ActiveScript,IDebugDocumentTextEvents,51973c23-cb0c-11d0-b5c9-00a0244a0e7a,true,standard_derived,
Windows.Win32.System.Diagnostics.Debug.ActiveScript,IDebugDocumentTextExternalAuthor,51973c25-cb0c-11d0-b5c9-00a0244a0e7a,true,standard_derived,
Windows.Win32.System.Diagnostics.Debug.ActiveScript,IDebugExpression,51973c14-cb0c-11d0-b5c9-00a0244a0e7a,true,standard_derived,
Windows.Win32.System.Diagnostics.Debug.ActiveScript,IDebugExpressionCallBack,51973c16-cb0c-11d0-b5c9-00a0244a0e7a,true,standard_derived,
Windows.Win32.System.Diagnostics.Debug.ActiveScript,IDebugExpressionContext,51973c15-cb0c-11d0-b5c9-00a0244a0e7a,true,standard_derived,
Windows.Win32.System.Diagnostics.Debug.ActiveScript,IDebugFormatter,51973c05-cb0c-11d0-b5c9-00a0244a0e7a,false,,external_pointee_storage
Windows.Win32.System.Diagnostics.Debug.ActiveScript,IDebugHelper,51973c3f-cb0c-11d0-b5c9-00a0244a0e7a,true,standard_derived,
Windows.Win32.System.Diagnostics.Debug.ActiveScript,IDebugSessionProvider,51973c29-cb0c-11d0-b5c9-00a0244a0e7a,true,standard_derived,
Windows.Win32.System.Diagnostics.Debug.ActiveScript,IDebugStackFrame,51973c17-cb0c-11d0-b5c9-00a0244a0e7a,true,standard_derived,
Windows.Win32.System.Diagnostics.Debug.ActiveScript,IDebugStackFrame110,4b509611-b6ea-4b24-adcb-d0ccfd1a7e33,true,standard_derived,
Windows.Win32.System.Diagnostics.Debug.ActiveScript,IDebugStackFrameSniffer,51973c18-cb0c-11d0-b5c9-00a0244a0e7a,true,standard_derived,
Windows.Win32.System.Diagnostics.Debug.ActiveScript,IDebugStackFrameSnifferEx32,51973c19-cb0c-11d0-b5c9-00a0244a0e7a,true,standard_derived,
Windows.Win32.System.Diagnostics.Debug.ActiveScript,IDebugStackFrameSnifferEx64,8cd12af4-49c1-4d52-8d8a-c146f47581aa,true,standard_derived,
Windows.Win32.System.Diagnostics.Debug.ActiveScript,IDebugSyncOperation,51973c1a-cb0c-11d0-b5c9-00a0244a0e7a,true,standard_derived,
Windows.Win32.System.Diagnostics.Debug.ActiveScript,IDebugThreadCall32,51973c36-cb0c-11d0-b5c9-00a0244a0e7a,true,standard_derived,
Windows.Win32.System.Diagnostics.Debug.ActiveScript,IDebugThreadCall64,cb3fa335-e979-42fd-9fcf-a7546a0f3905,true,standard_derived,
Windows.Win32.System.Diagnostics.Debug.ActiveScript,IEnumDebugApplicationNodes,51973c3a-cb0c-11d0-b5c9-00a0244a0e7a,true,standard_derived,
Windows.Win32.System.Diagnostics.Debug.ActiveScript,IEnumDebugCodeContexts,51973c1d-cb0c-11d0-b5c9-00a0244a0e7a,true,standard_derived,
Windows.Win32.System.Diagnostics.Debug.ActiveScript,IEnumDebugExpressionContexts,51973c40-cb0c-11d0-b5c9-00a0244a0e7a,true,standard_derived,
Windows.Win32.System.Diagnostics.Debug.ActiveScript,IEnumDebugStackFrames,51973c1e-cb0c-11d0-b5c9-00a0244a0e7a,false,,incomplete_pointee_layout_for_storage
Windows.Win32.System.Diagnostics.Debug.ActiveScript,IEnumDebugStackFrames64,0dc38853-c1b0-4176-a984-b298361027af,false,,incomplete_pointee_layout_for_storage
Windows.Win32.System.Diagnostics.Debug.ActiveScript,IEnumJsStackFrames,5e7da34b-fb51-4791-abe7-cb5bdf419755,false,,safe_projection_incomplete
Windows.Win32.System.Diagnostics.Debug.ActiveScript,IEnumRemoteDebugApplicationThreads,51973c3c-cb0c-11d0-b5c9-00a0244a0e7a,true,standard_derived,
Windows.Win32.System.Diagnostics.Debug.ActiveScript,IEnumRemoteDebugApplications,51973c3b-cb0c-11d0-b5c9-00a0244a0e7a,true,standard_derived,
Windows.Win32.System.Diagnostics.Debug.ActiveScript,IJsDebug,be0e89da-2ac5-4c04-ac5e-59956aae3613,true,standard_derived,
Windows.Win32.System.Diagnostics.Debug.ActiveScript,IJsDebugBreakPoint,df6773e3-ed8d-488b-8a3e-5812577d1542,true,standard_derived,
Windows.Win32.System.Diagnostics.Debug.ActiveScript,IJsDebugDataTarget,53b28977-53a1-48e5-9000-5d0dfa893931,false,,safe_projection_incomplete
Windows.Win32.System.Diagnostics.Debug.ActiveScript,IJsDebugFrame,c9196637-ab9d-44b2-bad2-13b95b3f390e,true,standard_derived,
Windows.Win32.System.Diagnostics.Debug.ActiveScript,IJsDebugProcess,3d587168-6a2d-4041-bd3b-0de674502862,true,standard_derived,
Windows.Win32.System.Diagnostics.Debug.ActiveScript,IJsDebugProperty,f8ffcf2b-3aa4-4320-85c3-52a312ba9633,false,,safe_projection_incomplete
Windows.Win32.System.Diagnostics.Debug.ActiveScript,IJsDebugStackWalker,db24b094-73c4-456c-a4ec-e90ea00bdfe3,true,standard_derived,
Windows.Win32.System.Diagnostics.Debug.ActiveScript,IJsEnumDebugProperty,4092432f-2f0f-4fe1-b638-5b74a52cdcbe,true,standard_derived,
Windows.Win32.System.Diagnostics.Debug.ActiveScript,IMachineDebugManager,51973c2c-cb0c-11d0-b5c9-00a0244a0e7a,true,standard_derived,
Windows.Win32.System.Diagnostics.Debug.ActiveScript,IMachineDebugManagerCookie,51973c2d-cb0c-11d0-b5c9-00a0244a0e7a,true,standard_derived,
Windows.Win32.System.Diagnostics.Debug.ActiveScript,IMachineDebugManagerEvents,51973c2e-cb0c-11d0-b5c9-00a0244a0e7a,true,standard_derived,
Windows.Win32.System.Diagnostics.Debug.ActiveScript,IProcessDebugManager32,51973c2f-cb0c-11d0-b5c9-00a0244a0e7a,true,standard_derived,
Windows.Win32.System.Diagnostics.Debug.ActiveScript,IProcessDebugManager64,56b9fc1c-63a9-4cc1-ac21-087d69a17fab,true,standard_derived,
Windows.Win32.System.Diagnostics.Debug.ActiveScript,IProvideExpressionContexts,51973c41-cb0c-11d0-b5c9-00a0244a0e7a,true,standard_derived,
Windows.Win32.System.Diagnostics.Debug.ActiveScript,IRemoteDebugApplication,51973c30-cb0c-11d0-b5c9-00a0244a0e7a,true,standard_derived,
Windows.Win32.System.Diagnostics.Debug.ActiveScript,IRemoteDebugApplication110,d5fe005b-2836-485e-b1f9-89d91aa24fd4,true,standard_derived,
Windows.Win32.System.Diagnostics.Debug.ActiveScript,IRemoteDebugApplicationEvents,51973c33-cb0c-11d0-b5c9-00a0244a0e7a,true,standard_derived,
Windows.Win32.System.Diagnostics.Debug.ActiveScript,IRemoteDebugApplicationThread,51973c37-cb0c-11d0-b5c9-00a0244a0e7a,true,standard_derived,
Windows.Win32.System.Diagnostics.Debug.ActiveScript,IRemoteDebugCriticalErrorEvent110,2f69c611-6b14-47e8-9260-4bb7c52f504b,true,standard_derived,
Windows.Win32.System.Diagnostics.Debug.ActiveScript,IRemoteDebugInfoEvent110,9ff56bb6-eb89-4c0f-8823-cc2a4c0b7f26,true,standard_derived,
Windows.Win32.System.Diagnostics.Debug.ActiveScript,IScriptEntry,0aee2a95-bcbb-11d0-8c72-00c04fc2b085,true,standard_derived,
Windows.Win32.System.Diagnostics.Debug.ActiveScript,IScriptInvocationContext,5d7741b7-af7e-4a2a-85e5-c77f4d0659fb,true,standard_derived,
Windows.Win32.System.Diagnostics.Debug.ActiveScript,IScriptNode,0aee2a94-bcbb-11d0-8c72-00c04fc2b085,true,standard_derived,
Windows.Win32.System.Diagnostics.Debug.ActiveScript,IScriptScriptlet,0aee2a96-bcbb-11d0-8c72-00c04fc2b085,true,standard_derived,
Windows.Win32.System.Diagnostics.Debug.ActiveScript,ISimpleConnectionPoint,51973c3e-cb0c-11d0-b5c9-00a0244a0e7a,false,,safe_projection_incomplete
Windows.Win32.System.Diagnostics.Debug.ActiveScript,ITridentEventSink,1dc9ca50-06ef-11d2-8415-006008c3fbfc,true,standard_derived,
Windows.Win32.System.Diagnostics.Debug.ActiveScript,IWebAppDiagnosticsObjectInitialization,16ff3a42-a5f5-432b-b625-8e8e16f57e15,true,standard_derived,
Windows.Win32.System.Diagnostics.Debug.ActiveScript,IWebAppDiagnosticsSetup,379bfbe1-c6c9-432a-93e1-6d17656c538c,true,standard_derived,
Windows.Win32.System.Diagnostics.Debug.Extensions,DebugBaseEventCallbacks,,false,,missing_interface_iid
Windows.Win32.System.Diagnostics.Debug.Extensions,DebugBaseEventCallbacksWide,,false,,missing_interface_iid
Windows.Win32.System.Diagnostics.Debug.Extensions,IActionEnumerator,3dec5c44-f63a-4ca6-90f0-fd5c269fda59,true,standard_derived,
Windows.Win32.System.Diagnostics.Debug.Extensions,IActionQueryConcept,7fc09c9f-632d-48e8-a97b-2f4f2e5c1161,true,standard_derived,
Windows.Win32.System.Diagnostics.Debug.Extensions,IActionableConcept,2cd9906f-f1b3-4463-828a-0addafe8baae,true,standard_derived,
Windows.Win32.System.Diagnostics.Debug.Extensions,ICodeAddressConcept,c7371568-5c78-4a00-a4ab-6ef8823184cb,true,standard_derived,
Windows.Win32.System.Diagnostics.Debug.Extensions,IComparableConcept,a7830646-9f0c-4a31-ba19-503f33e6c8a3,true,standard_derived,
Windows.Win32.System.Diagnostics.Debug.Extensions,IConstructableConcept,1a9409f1-f0e0-4b48-9a4e-5783548fb57a,true,standard_derived,
Windows.Win32.System.Diagnostics.Debug.Extensions,IDataModelConcept,fcb98d1d-1114-4fbf-b24c-effcb5def0d3,true,standard_derived,
Windows.Win32.System.Diagnostics.Debug.Extensions,IDataModelManager,73fe19f4-a110-4500-8ed9-3c28896f508c,true,standard_derived,
Windows.Win32.System.Diagnostics.Debug.Extensions,IDataModelManager2,f412c5ea-2284-4622-a660-a697160d3312,true,standard_derived,
Windows.Win32.System.Diagnostics.Debug.Extensions,IDataModelManager3,8642daf8-6ef5-4753-b53f-d83a5cee8100,true,standard_derived,
Windows.Win32.System.Diagnostics.Debug.Extensions,IDataModelManager4,8898ad97-3a2e-421c-953f-035e15426b7c,true,standard_derived,
Windows.Win32.System.Diagnostics.Debug.Extensions,IDataModelNameBinder,af352b7b-8292-4c01-b360-2dc3696c65e7,true,standard_derived,
Windows.Win32.System.Diagnostics.Debug.Extensions,IDataModelScript,7b4d30fc-b14a-49f8-8d87-d9a1480c97f7,true,standard_derived,
Windows.Win32.System.Diagnostics.Debug.Extensions,IDataModelScript2,7d90cf81-bee2-4b91-9d49-8fec0f7d56d1,true,standard_derived,
Windows.Win32.System.Diagnostics.Debug.Extensions,IDataModelScriptClient,3b362b0e-89f0-46c6-a663-dfdc95194aef,true,standard_derived,
Windows.Win32.System.Diagnostics.Debug.Extensions,IDataModelScriptDebug,de8e0945-9750-4471-ab76-a8f79d6ec350,true,standard_derived,
Windows.Win32.System.Diagnostics.Debug.Extensions,IDataModelScriptDebug2,cbb10ed3-839e-426c-9243-e23535c1ae1a,true,standard_derived,
Windows.Win32.System.Diagnostics.Debug.Extensions,IDataModelScriptDebugBreakpoint,6bb27b35-02e6-47cb-90a0-5371244032de,true,standard_derived,
Windows.Win32.System.Diagnostics.Debug.Extensions,IDataModelScriptDebugBreakpointEnumerator,39484a75-b4f3-4799-86da-691afa57b299,true,standard_derived,
Windows.Win32.System.Diagnostics.Debug.Extensions,IDataModelScriptDebugClient,53159b6d-d4c4-471b-a863-5b110ca800ca,false,,external_pointee_storage
Windows.Win32.System.Diagnostics.Debug.Extensions,IDataModelScriptDebugStack,051364dd-e449-443e-9762-fe578f4a5473,true,standard_derived,
Windows.Win32.System.Diagnostics.Debug.Extensions,IDataModelScriptDebugStackFrame,dec6ed5e-6360-4941-ab4c-a26409de4f82,true,standard_derived,
Windows.Win32.System.Diagnostics.Debug.Extensions,IDataModelScriptDebugVariableSetEnumerator,0f9feed7-d045-4ac3-98a8-a98942cf6a35,true,standard_derived,
Windows.Win32.System.Diagnostics.Debug.Extensions,IDataModelScriptHostContext,014d366a-1f23-4981-9219-b2db8b402054,true,standard_derived,
Windows.Win32.System.Diagnostics.Debug.Extensions,IDataModelScriptManager,6fd11e33-e5ad-410b-8011-68c6bc4bf80d,true,standard_derived,
Windows.Win32.System.Diagnostics.Debug.Extensions,IDataModelScriptProvider,513461e0-4fca-48ce-8658-32f3e2056f3b,true,standard_derived,
Windows.Win32.System.Diagnostics.Debug.Extensions,IDataModelScriptProviderEnumerator,95ba00e2-704a-4fe2-a8f1-a7e7d8fb0941,true,standard_derived,
Windows.Win32.System.Diagnostics.Debug.Extensions,IDataModelScriptTemplate,1303dec4-fa3b-4f1b-9224-b953d16babb5,true,standard_derived,
Windows.Win32.System.Diagnostics.Debug.Extensions,IDataModelScriptTemplateEnumerator,69ce6ae2-2268-4e6f-b062-20ce62bfe677,true,standard_derived,
Windows.Win32.System.Diagnostics.Debug.Extensions,IDebugAdvanced,f2df5f53-071f-47bd-9de6-5734c3fed689,false,,external_pointee_storage
Windows.Win32.System.Diagnostics.Debug.Extensions,IDebugAdvanced2,716d14c9-119b-4ba5-af1f-0890e672416a,false,,external_pointee_storage
Windows.Win32.System.Diagnostics.Debug.Extensions,IDebugAdvanced3,cba4abb4-84c4-444d-87ca-a04e13286739,false,,external_pointee_storage
Windows.Win32.System.Diagnostics.Debug.Extensions,IDebugAdvanced4,d1069067-2a65-4bf0-ae97-76184b67856b,false,,external_pointee_storage
Windows.Win32.System.Diagnostics.Debug.Extensions,IDebugBreakpoint,5bd9d474-5975-423a-b88b-65a8e7110e65,false,,safe_projection_incomplete
Windows.Win32.System.Diagnostics.Debug.Extensions,IDebugBreakpoint2,1b278d20-79f2-426e-a3f9-c1ddf375d48e,false,,safe_projection_incomplete
Windows.Win32.System.Diagnostics.Debug.Extensions,IDebugBreakpoint3,38f5c249-b448-43bb-9835-579d4ec02249,false,,safe_projection_incomplete
Windows.Win32.System.Diagnostics.Debug.Extensions,IDebugClient,27fe5639-8407-4f47-8364-ee118fb08ac8,false,,external_pointee_storage
Windows.Win32.System.Diagnostics.Debug.Extensions,IDebugClient2,edbed635-372e-4dab-bbfe-ed0d2f63be81,false,,external_pointee_storage
Windows.Win32.System.Diagnostics.Debug.Extensions,IDebugClient3,dd492d7f-71b8-4ad6-a8dc-1c887479ff91,false,,external_pointee_storage
Windows.Win32.System.Diagnostics.Debug.Extensions,IDebugClient4,ca83c3de-5089-4cf8-93c8-d892387f2a5e,false,,external_pointee_storage
Windows.Win32.System.Diagnostics.Debug.Extensions,IDebugClient5,e3acb9d7-7ec2-4f0c-a0da-e81e0cbbe628,false,,external_pointee_storage
Windows.Win32.System.Diagnostics.Debug.Extensions,IDebugClient6,fd28b4c5-c498-4686-a28e-62cad2154eb3,false,,external_pointee_storage
Windows.Win32.System.Diagnostics.Debug.Extensions,IDebugClient7,13586be3-542e-481e-b1f2-8497ba74f9a9,false,,external_pointee_storage
Windows.Win32.System.Diagnostics.Debug.Extensions,IDebugClient8,cec43add-6375-469e-83d5-414e4033c19a,false,,external_pointee_storage
Windows.Win32.System.Diagnostics.Debug.Extensions,IDebugClient9,2c24cd5b-4d9e-4df4-8a70-3d37440d119f,false,,external_pointee_storage
Windows.Win32.System.Diagnostics.Debug.Extensions,IDebugControl,5182e668-105e-416e-ad92-24ef800424ba,false,,incomplete_pointee_layout_for_storage
Windows.Win32.System.Diagnostics.Debug.Extensions,IDebugControl2,d4366723-44df-4bed-8c7e-4c05424f4588,false,,incomplete_pointee_layout_for_storage
Windows.Win32.System.Diagnostics.Debug.Extensions,IDebugControl3,7df74a86-b03f-407f-90ab-a20dadcead08,false,,incomplete_pointee_layout_for_storage
Windows.Win32.System.Diagnostics.Debug.Extensions,IDebugControl4,94e60ce9-9b41-4b19-9fc0-6d9eb35272b3,false,,incomplete_pointee_layout_for_storage
Windows.Win32.System.Diagnostics.Debug.Extensions,IDebugControl5,b2ffe162-2412-429f-8d1d-5bf6dd824696,false,,incomplete_pointee_layout_for_storage
Windows.Win32.System.Diagnostics.Debug.Extensions,IDebugControl6,bc0d583f-126d-43a1-9cc4-a860ab1d537b,false,,incomplete_pointee_layout_for_storage
Windows.Win32.System.Diagnostics.Debug.Extensions,IDebugControl7,b86fb3b1-80d4-475b-aea3-cf06539cf63a,false,,incomplete_pointee_layout_for_storage
Windows.Win32.System.Diagnostics.Debug.Extensions,IDebugDataSpaces,88f7dfab-3ea7-4c3a-aefb-c4e8106173aa,false,,external_pointee_storage
Windows.Win32.System.Diagnostics.Debug.Extensions,IDebugDataSpaces2,7a5e852f-96e9-468f-ac1b-0b3addc4a049,false,,external_pointee_storage
Windows.Win32.System.Diagnostics.Debug.Extensions,IDebugDataSpaces3,23f79d6c-8aaf-4f7c-a607-9995f5407e63,false,,incomplete_pointee_layout_for_storage
Windows.Win32.System.Diagnostics.Debug.Extensions,IDebugDataSpaces4,d98ada1f-29e9-4ef5-a6c0-e53349883212,false,,incomplete_pointee_layout_for_storage
Windows.Win32.System.Diagnostics.Debug.Extensions,IDebugEventCallbacks,337be28b-5036-4d72-b6bf-c45fbb9f2eaa,true,standard_derived,
Windows.Win32.System.Diagnostics.Debug.Extensions,IDebugEventCallbacksWide,0690e046-9c23-45ac-a04f-987ac29ad0d3,true,standard_derived,
Windows.Win32.System.Diagnostics.Debug.Extensions,IDebugEventContextCallbacks,61a4905b-23f9-4247-b3c5-53d087529ab7,true,standard_derived,
Windows.Win32.System.Diagnostics.Debug.Extensions,IDebugFailureAnalysis,ed0de363-451f-4943-820c-62dccdfa7e6d,false,,external_pointee_storage
Windows.Win32.System.Diagnostics.Debug.Extensions,IDebugFailureAnalysis2,ea15c288-8226-4b70-acf6-0be6b189e3ad,false,,missing_interface_iid
Windows.Win32.System.Diagnostics.Debug.Extensions,IDebugFailureAnalysis3,3627dc67-fd45-42ff-9ba4-4a67ee64619f,false,,missing_interface_iid
Windows.Win32.System.Diagnostics.Debug.Extensions,IDebugHost,b8c74943-6b2c-4eeb-b5c5-35d378a6d99d,true,standard_derived,
Windows.Win32.System.Diagnostics.Debug.Extensions,IDebugHostBaseClass,b94d57d2-390b-40f7-b5b4-b6db897d974b,true,standard_derived,
Windows.Win32.System.Diagnostics.Debug.Extensions,IDebugHostBaseClass2,435460e2-fd3b-4275-b36c-88ef50188588,true,standard_derived,
Windows.Win32.System.Diagnostics.Debug.Extensions,IDebugHostConstant,62787edc-fa76-4690-bd71-5e8c3e2937ec,true,standard_derived,
Windows.Win32.System.Diagnostics.Debug.Extensions,IDebugHostContext,a68c70d8-5ec0-46e5-b775-3134a48ea2e3,true,standard_derived,
Windows.Win32.System.Diagnostics.Debug.Extensions,IDebugHostContext2,e92274a2-47f4-4538-a196-b83db25fe403,true,standard_derived,
Windows.Win32.System.Diagnostics.Debug.Extensions,IDebugHostContextAlternator,6301eee8-85e3-4058-a7c0-d37e0ea65f75,true,standard_derived,
Windows.Win32.System.Diagnostics.Debug.Extensions,IDebugHostContextControl,eeb8fb43-b44e-4b0f-b871-65f0886fcaf2,true,standard_derived,
Windows.Win32.System.Diagnostics.Debug.Extensions,IDebugHostContextExtensibility,35ae8e40-f234-4ef1-b8ea-0dfbc58a2043,false,,safe_projection_incomplete
Windows.Win32.System.Diagnostics.Debug.Extensions,IDebugHostContextExtension,5e67115d-5449-4553-a9e9-ca446578cab2,false,,safe_projection_incomplete
Windows.Win32.System.Diagnostics.Debug.Extensions,IDebugHostContextTargetComposition,3d06878f-97ab-4c5b-955e-fa647d3b137c,false,,missing_allocator
Windows.Win32.System.Diagnostics.Debug.Extensions,IDebugHostData,a3d64993-826c-44fa-897d-926f2fe7ad0b,true,standard_derived,
Windows.Win32.System.Diagnostics.Debug.Extensions,IDebugHostErrorSink,c8ff0f0b-fce9-467e-8bb3-5d69ef109c00,true,standard_derived,
Windows.Win32.System.Diagnostics.Debug.Extensions,IDebugHostEvaluator,0fef9a21-577e-4997-ac7b-1c4883241d99,true,standard_derived,
Windows.Win32.System.Diagnostics.Debug.Extensions,IDebugHostEvaluator2,a117a435-1fb4-4092-a2ab-a929576c1e87,true,standard_derived,
Windows.Win32.System.Diagnostics.Debug.Extensions,IDebugHostEvaluator3,d2419f4a-7e8d-4c15-a499-73902b015abb,true,standard_derived,
Windows.Win32.System.Diagnostics.Debug.Extensions,IDebugHostExtensibility,3c2b24e1-11d0-4f86-8ae5-4df166f73253,true,standard_derived,
Windows.Win32.System.Diagnostics.Debug.Extensions,IDebugHostExtensibility2,91cc55e7-2a22-4494-9710-b729dab48f71,true,standard_derived,
Windows.Win32.System.Diagnostics.Debug.Extensions,IDebugHostExtensibility3,4be234de-d397-4378-bbb4-9055a425d7d1,true,standard_derived,
Windows.Win32.System.Diagnostics.Debug.Extensions,IDebugHostField,e06f6495-16bc-4cc9-b11d-2a6b23fa72f3,true,standard_derived,
Windows.Win32.System.Diagnostics.Debug.Extensions,IDebugHostField2,99468a0b-ea92-4bd4-9efe-a266160578ca,true,standard_derived,
Windows.Win32.System.Diagnostics.Debug.Extensions,IDebugHostFunctionIntrospection,a754393c-4fbe-4178-8ad5-fe6079ac048d,true,standard_derived,
Windows.Win32.System.Diagnostics.Debug.Extensions,IDebugHostFunctionIntrospection2,8e1cb118-aa83-409a-aae9-c7ff78911a5f,true,standard_derived,
Windows.Win32.System.Diagnostics.Debug.Extensions,IDebugHostFunctionIntrospection3,a24e286b-891a-40fc-8a3a-89b66eddce57,true,standard_derived,
Windows.Win32.System.Diagnostics.Debug.Extensions,IDebugHostFunctionLocalDetails,89280ea8-b3b9-408c-be16-32ab28f5c0ac,true,standard_derived,
Windows.Win32.System.Diagnostics.Debug.Extensions,IDebugHostFunctionLocalDetails2,199a57b0-1967-4363-b25e-90c7e8a07f22,true,standard_derived,
Windows.Win32.System.Diagnostics.Debug.Extensions,IDebugHostFunctionLocalDetailsEnumerator,a61adc36-1ed5-40fe-a976-6a21cd81e811,true,standard_derived,
Windows.Win32.System.Diagnostics.Debug.Extensions,IDebugHostFunctionLocalStorage,2f2f303b-39be-4b6d-9bfb-4faa49dbbd45,true,standard_derived,
Windows.Win32.System.Diagnostics.Debug.Extensions,IDebugHostFunctionLocalStorage2,213b3725-36a2-45a0-9ea4-854d46d85195,true,standard_derived,
Windows.Win32.System.Diagnostics.Debug.Extensions,IDebugHostFunctionLocalStorageEnumerator,026c9e81-8b9f-4d32-9606-a394ec62b045,true,standard_derived,
Windows.Win32.System.Diagnostics.Debug.Extensions,IDebugHostMemory,212149c9-9183-4a3e-b00e-4fd1dc95339b,false,,external_pointee_storage
Windows.Win32.System.Diagnostics.Debug.Extensions,IDebugHostMemory2,eea033de-38f6-416b-a251-1d3771001270,false,,external_pointee_storage
Windows.Win32.System.Diagnostics.Debug.Extensions,IDebugHostMemory3,a515ed09-2bf3-4499-bb03-553790079f84,false,,external_pointee_storage
Windows.Win32.System.Diagnostics.Debug.Extensions,IDebugHostMemory4,fe6b3658-da4b-44e3-8a58-6201322280e6,false,,external_pointee_storage
Windows.Win32.System.Diagnostics.Debug.Extensions,IDebugHostMemory5,df033400-4912-46e9-ba62-6ef2eb4d87d4,false,,external_pointee_storage
Windows.Win32.System.Diagnostics.Debug.Extensions,IDebugHostModule,c9ba3e18-d070-4378-bbd0-34613b346e1e,true,standard_derived,
Windows.Win32.System.Diagnostics.Debug.Extensions,IDebugHostModule2,b51887e8-bcd0-4e8f-a8c7-434398b78c37,true,standard_derived,
Windows.Win32.System.Diagnostics.Debug.Extensions,IDebugHostModule3,68576417-9fab-4c69-8977-3a4d87cf08fd,true,standard_derived,
Windows.Win32.System.Diagnostics.Debug.Extensions,IDebugHostModule4,41415136-38a4-474f-8e98-57e2dc64e565,true,standard_derived,
Windows.Win32.System.Diagnostics.Debug.Extensions,IDebugHostModule5,ed36a63d-ad2b-467e-a0ca-4ca949357625,true,standard_derived,
Windows.Win32.System.Diagnostics.Debug.Extensions,IDebugHostModuleSignature,31e53a5a-01ee-4bbb-b899-4b46ae7d595c,true,standard_derived,
Windows.Win32.System.Diagnostics.Debug.Extensions,IDebugHostPublic,6c597ac9-fb4d-4f6d-9f39-22488539f8f4,true,standard_derived,
Windows.Win32.System.Diagnostics.Debug.Extensions,IDebugHostScriptHost,b70334a4-b92c-4570-93a1-d3eb686649a0,true,standard_derived,
Windows.Win32.System.Diagnostics.Debug.Extensions,IDebugHostStatus,4f3e1ce2-86b2-4c7a-9c65-d0a9d0eecf44,true,standard_derived,
Windows.Win32.System.Diagnostics.Debug.Extensions,IDebugHostStatus2,4a168d3f-04d0-49c4-8f9a-7b5b3108c6c6,true,standard_derived,
Windows.Win32.System.Diagnostics.Debug.Extensions,IDebugHostSymbol,0f819103-87de-4e96-8277-e05cd441fb22,true,standard_derived,
Windows.Win32.System.Diagnostics.Debug.Extensions,IDebugHostSymbol2,21515b67-6720-4257-8a68-077dc944471c,true,standard_derived,
Windows.Win32.System.Diagnostics.Debug.Extensions,IDebugHostSymbol3,1b3fc1b3-d03d-43e0-8eb0-9aa4baa21edb,true,standard_derived,
Windows.Win32.System.Diagnostics.Debug.Extensions,IDebugHostSymbolEnumerator,28d96c86-10a3-4976-b14e-eaef4790aa1f,true,standard_derived,
Windows.Win32.System.Diagnostics.Debug.Extensions,IDebugHostSymbolSubstitutionEnumerator,d49eece8-8d12-4ce1-ab73-e5b63df4f9d3,true,standard_derived,
Windows.Win32.System.Diagnostics.Debug.Extensions,IDebugHostSymbols,854fd751-c2e1-4eb2-b525-6619cb97a588,true,standard_derived,
Windows.Win32.System.Diagnostics.Debug.Extensions,IDebugHostSymbols2,6baf1f48-65ee-4ff2-b3af-10c7f21d38b2,true,standard_derived,
Windows.Win32.System.Diagnostics.Debug.Extensions,IDebugHostSymbolsTargetComposition,3c4b6add-80e1-4c2b-afe1-9a1132586dd0,true,standard_derived,
Windows.Win32.System.Diagnostics.Debug.Extensions,IDebugHostTaggedUnionRangeEnumerator,f4a035c0-4ca0-4b6d-bfd2-b378a0dbfe4c,true,standard_derived,
Windows.Win32.System.Diagnostics.Debug.Extensions,IDebugHostType,3aadc353-2b14-4abb-9893-5e03458e07ee,false,,safe_projection_incomplete
Windows.Win32.System.Diagnostics.Debug.Extensions,IDebugHostType2,b28632b9-8506-4676-87ce-8f7e05e59876,false,,safe_projection_incomplete
Windows.Win32.System.Diagnostics.Debug.Extensions,IDebugHostType3,8b0409ac-c1bb-433d-887a-ed12c3af0e7d,false,,safe_projection_incomplete
Windows.Win32.System.Diagnostics.Debug.Extensions,IDebugHostType4,77d3cdc6-bd55-42bf-a4fd-d9aa60e3c1e1,false,,safe_projection_incomplete
Windows.Win32.System.Diagnostics.Debug.Extensions,IDebugHostType5,db6716ce-8ee8-4c86-89db-a658915c87f4,false,,safe_projection_incomplete
Windows.Win32.System.Diagnostics.Debug.Extensions,IDebugHostType6,08b431ed-f684-4480-8c44-b543aa32ceb0,false,,safe_projection_incomplete
Windows.Win32.System.Diagnostics.Debug.Extensions,IDebugHostTypeSignature,3aadc353-2b14-4abb-9893-5e03458e07ee,true,standard_derived,
Windows.Win32.System.Diagnostics.Debug.Extensions,IDebugInputCallbacks,9f50e42c-f136-499e-9a97-73036c94ed2d,true,standard_derived,
Windows.Win32.System.Diagnostics.Debug.Extensions,IDebugOutputCallbacks,4bf58045-d654-4c40-b0af-683090f356dc,true,standard_derived,
Windows.Win32.System.Diagnostics.Debug.Extensions,IDebugOutputCallbacks2,67721fe9-56d2-4a44-a325-2b65513ce6eb,true,standard_derived,
Windows.Win32.System.Diagnostics.Debug.Extensions,IDebugOutputCallbacksWide,4c7fd663-c394-4e26-8ef1-34ad5ed3764c,true,standard_derived,
Windows.Win32.System.Diagnostics.Debug.Extensions,IDebugOutputStream,7782d8f2-2b85-4059-ab88-28ceddca1c80,true,standard_derived,
Windows.Win32.System.Diagnostics.Debug.Extensions,IDebugPlmClient,a02b66c4-aea3-4234-a9f7-fe4c383d4e29,true,standard_derived,
Windows.Win32.System.Diagnostics.Debug.Extensions,IDebugPlmClient2,597c980d-e7bd-4309-962c-9d9b69a7372c,true,standard_derived,
Windows.Win32.System.Diagnostics.Debug.Extensions,IDebugPlmClient3,d4a5dbd1-ca02-4d90-856a-2a92bfd0f20f,true,standard_derived,
Windows.Win32.System.Diagnostics.Debug.Extensions,IDebugRegisters,ce289126-9e84-45a7-937e-67bb18691493,false,,incomplete_pointee_layout_for_storage
Windows.Win32.System.Diagnostics.Debug.Extensions,IDebugRegisters2,1656afa9-19c6-4e3a-97e7-5dc9160cf9c4,false,,incomplete_pointee_layout_for_storage
Windows.Win32.System.Diagnostics.Debug.Extensions,IDebugSymbolGroup,f2528316-0f1a-4431-aeed-11d096e1e2ab,false,,safe_projection_incomplete
Windows.Win32.System.Diagnostics.Debug.Extensions,IDebugSymbolGroup2,6a7ccc5f-fb5e-4dcc-b41c-6c20307bccc7,false,,safe_projection_incomplete
Windows.Win32.System.Diagnostics.Debug.Extensions,IDebugSymbols,8c31e98c-983a-48a5-9016-6fe5d667a950,false,,external_pointee_storage
Windows.Win32.System.Diagnostics.Debug.Extensions,IDebugSymbols2,3a707211-afdd-4495-ad4f-56fecdf8163f,false,,external_pointee_storage
Windows.Win32.System.Diagnostics.Debug.Extensions,IDebugSymbols3,f02fbecc-50ac-4f36-9ad9-c975e8f32ff8,false,,external_pointee_storage
Windows.Win32.System.Diagnostics.Debug.Extensions,IDebugSymbols4,e391bbd8-9d8c-4418-840b-c006592a1752,false,,external_pointee_storage
Windows.Win32.System.Diagnostics.Debug.Extensions,IDebugSymbols5,c65fa83e-1e69-475e-8e0e-b5d79e9cc17e,false,,external_pointee_storage
Windows.Win32.System.Diagnostics.Debug.Extensions,IDebugSystemObjects,6b86fe2c-2c4f-4f0c-9da2-174311acc327,false,,safe_projection_incomplete
Windows.Win32.System.Diagnostics.Debug.Extensions,IDebugSystemObjects2,0ae9f5ff-1852-4679-b055-494bee6407ee,false,,safe_projection_incomplete
Windows.Win32.System.Diagnostics.Debug.Extensions,IDebugSystemObjects3,e9676e2f-e286-4ea3-b0f9-dfe5d9fc330e,false,,safe_projection_incomplete
Windows.Win32.System.Diagnostics.Debug.Extensions,IDebugSystemObjects4,489468e6-7d0f-4af5-87ab-25207454d553,false,,safe_projection_incomplete
Windows.Win32.System.Diagnostics.Debug.Extensions,IDeconstructableConcept,f798139e-1b2c-4077-8d87-9fa5d044f3eb,true,standard_derived,
Windows.Win32.System.Diagnostics.Debug.Extensions,IDynamicConceptProviderConcept,95a7f7dd-602e-483f-9d06-a15c0ee13174,true,standard_derived,
Windows.Win32.System.Diagnostics.Debug.Extensions,IDynamicKeyProviderConcept,e7983fa1-80a7-498c-988f-518ddc5d4025,true,standard_derived,
Windows.Win32.System.Diagnostics.Debug.Extensions,IEquatableConcept,c52d5d3d-609d-4d5d-8a82-46b0acdec4f4,true,standard_derived,
Windows.Win32.System.Diagnostics.Debug.Extensions,IFilteredNamespacePropertyToken,63832802-2db3-4de7-b76c-197ac15b5ec6,true,standard_derived,
Windows.Win32.System.Diagnostics.Debug.Extensions,IHostDataModelAccess,f2bce54e-4835-4f8a-836e-7981e29904d1,true,standard_derived,
Windows.Win32.System.Diagnostics.Debug.Extensions,IIndexableConcept,d1fad99f-3f53-4457-850c-8051df2d3fb5,true,standard_derived,
Windows.Win32.System.Diagnostics.Debug.Extensions,IIterableConcept,f5d49d0c-0b02-4301-9c9b-b3a6037628f3,true,standard_derived,
Windows.Win32.System.Diagnostics.Debug.Extensions,IKeyEnumerator,345fa92e-5e00-4319-9cae-971f7601cdcf,true,standard_derived,
Windows.Win32.System.Diagnostics.Debug.Extensions,IKeyStore,0fc7557d-401d-4fca-9365-da1e9850697c,true,standard_derived,
Windows.Win32.System.Diagnostics.Debug.Extensions,IModelIterator,e4622136-927d-4490-874f-581f3e4e3688,true,standard_derived,
Windows.Win32.System.Diagnostics.Debug.Extensions,IModelKeyReference,5253dcf8-5aff-4c62-b302-56a289e00998,true,standard_derived,
Windows.Win32.System.Diagnostics.Debug.Extensions,IModelKeyReference2,80e2f7c5-7159-4e92-887e-7e0347e88406,true,standard_derived,
Windows.Win32.System.Diagnostics.Debug.Extensions,IModelMethod,80600c1f-b90b-4896-82ad-1c00207909e8,true,standard_derived,
Windows.Win32.System.Diagnostics.Debug.Extensions,IModelObject,e28c7893-3f4b-4b96-baca-293cdc55f45d,true,standard_derived,
Windows.Win32.System.Diagnostics.Debug.Extensions,IModelObject2,d61e19f4-ab3d-4344-9f7b-0993f3d58745,true,standard_derived,
Windows.Win32.System.Diagnostics.Debug.Extensions,IModelPropertyAccessor,5a0c63d9-0526-42b8-960c-9516a3254c85,true,standard_derived,
Windows.Win32.System.Diagnostics.Debug.Extensions,INamedModelsEnumerator,47bbfc0b-0b20-4e0c-882b-465d6ccac97c,true,standard_derived,
Windows.Win32.System.Diagnostics.Debug.Extensions,IObjectWrapperConcept,a4952c59-7144-4c76-873b-6046c0955ffc,true,standard_derived,
Windows.Win32.System.Diagnostics.Debug.Extensions,IPreferredRuntimeTypeConcept,9d6c1d7b-a76f-4618-8068-5f76bd9a4e8a,true,standard_derived,
Windows.Win32.System.Diagnostics.Debug.Extensions,IRawEnumerator,e13613f9-3a3c-40b5-8f48-1e5ebfb9b21b,true,standard_derived,
Windows.Win32.System.Diagnostics.Debug.Extensions,IStringDisplayableConcept,d28e8d70-6c00-4205-940d-501016601ea3,true,standard_derived,
Windows.Win32.System.Diagnostics.Debug,IDebugExtendedProperty,51973c52-cb0c-11d0-b5c9-00a0244a0e7a,false,,incomplete_pointee_layout_for_storage
Windows.Win32.System.Diagnostics.Debug,IDebugProperty,51973c50-cb0c-11d0-b5c9-00a0244a0e7a,false,,incomplete_pointee_layout_for_storage
Windows.Win32.System.Diagnostics.Debug,IDebugPropertyEnumType_All,51973c55-cb0c-11d0-b5c9-00a0244a0e7a,true,standard_derived,
Windows.Win32.System.Diagnostics.Debug,IDebugPropertyEnumType_Arguments,51973c57-cb0c-11d0-b5c9-00a0244a0e7a,true,standard_derived,
Windows.Win32.System.Diagnostics.Debug,IDebugPropertyEnumType_Locals,51973c56-cb0c-11d0-b5c9-00a0244a0e7a,true,standard_derived,
Windows.Win32.System.Diagnostics.Debug,IDebugPropertyEnumType_LocalsPlusArgs,51973c58-cb0c-11d0-b5c9-00a0244a0e7a,true,standard_derived,
Windows.Win32.System.Diagnostics.Debug,IDebugPropertyEnumType_Registers,51973c59-cb0c-11d0-b5c9-00a0244a0e7a,true,standard_derived,
Windows.Win32.System.Diagnostics.Debug,IEnumDebugExtendedPropertyInfo,51973c53-cb0c-11d0-b5c9-00a0244a0e7a,false,,incomplete_pointee_layout_for_storage
Windows.Win32.System.Diagnostics.Debug,IEnumDebugPropertyInfo,51973c51-cb0c-11d0-b5c9-00a0244a0e7a,false,,incomplete_pointee_layout_for_storage
Windows.Win32.System.Diagnostics.Debug,IObjectSafety,cb5bdc81-93c1-11cf-8f20-00805f2cd064,true,standard_derived,
Windows.Win32.System.Diagnostics.Debug,IPerPropertyBrowsing2,51973c54-cb0c-11d0-b5c9-00a0244a0e7a,false,,nested_pointer_lifetime
Windows.Win32.System.Diagnostics.Debug.WebApp,IWebApplicationActivation,bcdcd0de-330e-481b-b843-4898a6a8ebac,true,standard_derived,
Windows.Win32.System.Diagnostics.Debug.WebApp,IWebApplicationAuthoringMode,720aea93-1964-4db0-b005-29eb9e2b18a9,true,standard_derived,
Windows.Win32.System.Diagnostics.Debug.WebApp,IWebApplicationHost,cecbd2c3-a3a5-4749-9681-20e9161c6794,false,,missing_handle_ownership
Windows.Win32.System.Diagnostics.Debug.WebApp,IWebApplicationNavigationEvents,c22615d2-d318-4da2-8422-1fcaf77b10e4,true,standard_derived,
Windows.Win32.System.Diagnostics.Debug.WebApp,IWebApplicationScriptEvents,7c3f6998-1567-4bba-b52b-48d32141d613,true,standard_derived,
Windows.Win32.System.Diagnostics.Debug.WebApp,IWebApplicationUIEvents,5b2b3f99-328c-41d5-a6f7-7483ed8e71dd,true,standard_derived,
Windows.Win32.System.Diagnostics.Debug.WebApp,IWebApplicationUpdateEvents,3e59e6b7-c652-4daf-ad5e-16feb350cde3,true,standard_derived,
Windows.Win32.System.Diagnostics.Etw,ITraceEvent,8cc97f40-9028-4ff3-9b62-7d1f79ca7bcb,false,,external_pointee_storage
Windows.Win32.System.Diagnostics.Etw,ITraceEventCallback,3ed25501-593f-43e9-8f38-3ab46f5a4a52,true,standard_derived,
Windows.Win32.System.Diagnostics.Etw,ITraceRelogger,f754ad43-3bcc-4286-8009-9c5da214e84e,true,standard_derived,
Windows.Win32.System.DistributedTransactionCoordinator,IDtcLuConfigure,4131e760-1aea-11d0-944b-00a0c905416e,true,standard_derived,
Windows.Win32.System.DistributedTransactionCoordinator,IDtcLuRecovery,ac2b8ad2-d6f0-11d0-b386-00a0c9083365,true,standard_derived,
Windows.Win32.System.DistributedTransactionCoordinator,IDtcLuRecoveryFactory,4131e762-1aea-11d0-944b-00a0c905416e,true,standard_derived,
Windows.Win32.System.DistributedTransactionCoordinator,IDtcLuRecoveryInitiatedByDtc,4131e764-1aea-11d0-944b-00a0c905416e,false,,missing_allocator
Windows.Win32.System.DistributedTransactionCoordinator,IDtcLuRecoveryInitiatedByDtcStatusWork,4131e766-1aea-11d0-944b-00a0c905416e,true,standard_derived,
Windows.Win32.System.DistributedTransactionCoordinator,IDtcLuRecoveryInitiatedByDtcTransWork,4131e765-1aea-11d0-944b-00a0c905416e,true,standard_derived,
Windows.Win32.System.DistributedTransactionCoordinator,IDtcLuRecoveryInitiatedByLu,4131e768-1aea-11d0-944b-00a0c905416e,true,standard_derived,
Windows.Win32.System.DistributedTransactionCoordinator,IDtcLuRecoveryInitiatedByLuWork,ac2b8ad1-d6f0-11d0-b386-00a0c9083365,true,standard_derived,
Windows.Win32.System.DistributedTransactionCoordinator,IDtcLuRmEnlistment,4131e769-1aea-11d0-944b-00a0c905416e,true,standard_derived,
Windows.Win32.System.DistributedTransactionCoordinator,IDtcLuRmEnlistmentFactory,4131e771-1aea-11d0-944b-00a0c905416e,true,standard_derived,
Windows.Win32.System.DistributedTransactionCoordinator,IDtcLuRmEnlistmentSink,4131e770-1aea-11d0-944b-00a0c905416e,true,standard_derived,
Windows.Win32.System.DistributedTransactionCoordinator,IDtcLuSubordinateDtc,4131e773-1aea-11d0-944b-00a0c905416e,true,standard_derived,
Windows.Win32.System.DistributedTransactionCoordinator,IDtcLuSubordinateDtcFactory,4131e775-1aea-11d0-944b-00a0c905416e,true,standard_derived,
Windows.Win32.System.DistributedTransactionCoordinator,IDtcLuSubordinateDtcSink,4131e774-1aea-11d0-944b-00a0c905416e,true,standard_derived,
Windows.Win32.System.DistributedTransactionCoordinator,IDtcNetworkAccessConfig,9797c15d-a428-4291-87b6-0995031a678d,true,standard_derived,
Windows.Win32.System.DistributedTransactionCoordinator,IDtcNetworkAccessConfig2,a7aa013b-eb7d-4f42-b41c-b2dec09ae034,true,standard_derived,
Windows.Win32.System.DistributedTransactionCoordinator,IDtcNetworkAccessConfig3,76e4b4f3-2ca5-466b-89d5-fd218ee75b49,true,standard_derived,
Windows.Win32.System.DistributedTransactionCoordinator,IDtcToXaHelper,a9861611-304a-11d1-9813-00a0c905416e,true,standard_derived,
Windows.Win32.System.DistributedTransactionCoordinator,IDtcToXaHelperFactory,a9861610-304a-11d1-9813-00a0c905416e,true,standard_derived,
Windows.Win32.System.DistributedTransactionCoordinator,IDtcToXaHelperSinglePipe,47ed4971-53b3-11d1-bbb9-00c04fd658f6,true,standard_derived,
Windows.Win32.System.DistributedTransactionCoordinator,IDtcToXaMapper,64ffabe0-7ce9-11d0-8ce6-00c04fdc877e,true,standard_derived,
Windows.Win32.System.DistributedTransactionCoordinator,IGetDispenser,c23cc370-87ef-11ce-8081-0080c758527e,true,standard_derived,
Windows.Win32.System.DistributedTransactionCoordinator,IKernelTransaction,79427a2b-f895-40e0-be79-b57dc82ed231,false,,missing_handle_ownership
Windows.Win32.System.DistributedTransactionCoordinator,ILastResourceManager,4d964ad4-5b33-11d3-8a91-00c04f79eb6d,true,standard_derived,
Windows.Win32.System.DistributedTransactionCoordinator,IPrepareInfo,80c7bfd0-87ee-11ce-8081-0080c758527e,true,standard_derived,
Windows.Win32.System.DistributedTransactionCoordinator,IPrepareInfo2,5fab2547-9779-11d1-b886-00c04fb9618a,true,standard_derived,
Windows.Win32.System.DistributedTransactionCoordinator,IRMHelper,e793f6d1-f53d-11cf-a60d-00a0c905416e,true,standard_derived,
Windows.Win32.System.DistributedTransactionCoordinator,IResourceManager,13741d21-87eb-11ce-8081-0080c758527e,true,standard_derived,
Windows.Win32.System.DistributedTransactionCoordinator,IResourceManager2,d136c69a-f749-11d1-8f47-00c04f8ee57d,true,standard_derived,
Windows.Win32.System.DistributedTransactionCoordinator,IResourceManagerFactory,13741d20-87eb-11ce-8081-0080c758527e,true,standard_derived,
Windows.Win32.System.DistributedTransactionCoordinator,IResourceManagerFactory2,6b369c21-fbd2-11d1-8f47-00c04f8ee57d,false,,missing_allocator
Windows.Win32.System.DistributedTransactionCoordinator,IResourceManagerRejoinable,6f6de620-b5df-4f3e-9cfa-c8aebd05172b,true,standard_derived,
Windows.Win32.System.DistributedTransactionCoordinator,IResourceManagerSink,0d563181-defb-11ce-aed1-00aa0051e2c4,true,standard_derived,
Windows.Win32.System.DistributedTransactionCoordinator,ITipHelper,17cf72d1-bac5-11d1-b1bf-00c04fc2f3ef,false,,missing_allocator
Windows.Win32.System.DistributedTransactionCoordinator,ITipPullSink,17cf72d2-bac5-11d1-b1bf-00c04fc2f3ef,true,standard_derived,
Windows.Win32.System.DistributedTransactionCoordinator,ITipTransaction,17cf72d0-bac5-11d1-b1bf-00c04fc2f3ef,false,,missing_allocator
Windows.Win32.System.DistributedTransactionCoordinator,ITmNodeName,30274f88-6ee4-474e-9b95-7807bc9ef8cf,false,,safe_projection_incomplete
Windows.Win32.System.DistributedTransactionCoordinator,ITransaction,0fb15084-af41-11ce-bd2b-204c4f4f5020,true,standard_derived,
Windows.Win32.System.DistributedTransactionCoordinator,ITransaction2,34021548-0065-11d3-bac1-00c04f797be2,true,standard_derived,
Windows.Win32.System.DistributedTransactionCoordinator,ITransactionCloner,02656950-2152-11d0-944c-00a0c905416e,true,standard_derived,
Windows.Win32.System.DistributedTransactionCoordinator,ITransactionDispenser,3a6ad9e1-23b9-11cf-ad60-00aa00a74ccd,true,standard_derived,
Windows.Win32.System.DistributedTransactionCoordinator,ITransactionEnlistmentAsync,0fb15081-af41-11ce-bd2b-204c4f4f5020,true,standard_derived,
Windows.Win32.System.DistributedTransactionCoordinator,ITransactionExport,0141fda5-8fc0-11ce-bd18-204c4f4f5020,true,standard_derived,
Windows.Win32.System.DistributedTransactionCoordinator,ITransactionExportFactory,e1cf9b53-8745-11ce-a9ba-00aa006c3706,true,standard_derived,
Windows.Win32.System.DistributedTransactionCoordinator,ITransactionImport,e1cf9b5a-8745-11ce-a9ba-00aa006c3706,false,,missing_allocator
Windows.Win32.System.DistributedTransactionCoordinator,ITransactionImportWhereabouts,0141fda4-8fc0-11ce-bd18-204c4f4f5020,true,standard_derived,
Windows.Win32.System.DistributedTransactionCoordinator,ITransactionLastEnlistmentAsync,c82bd533-5b30-11d3-8a91-00c04f79eb6d,true,standard_derived,
Windows.Win32.System.DistributedTransactionCoordinator,ITransactionLastResourceAsync,c82bd532-5b30-11d3-8a91-00c04f79eb6d,true,standard_derived,
Windows.Win32.System.DistributedTransactionCoordinator,ITransactionOptions,3a6ad9e0-23b9-11cf-ad60-00aa00a74ccd,true,standard_derived,
Windows.Win32.System.DistributedTransactionCoordinator,ITransactionOutcomeEvents,3a6ad9e2-23b9-11cf-ad60-00aa00a74ccd,true,standard_derived,
Windows.Win32.System.DistributedTransactionCoordinator,ITransactionPhase0EnlistmentAsync,82dc88e1-a954-11d1-8f88-00600895e7d5,true,standard_derived,
Windows.Win32.System.DistributedTransactionCoordinator,ITransactionPhase0Factory,82dc88e0-a954-11d1-8f88-00600895e7d5,true,standard_derived,
Windows.Win32.System.DistributedTransactionCoordinator,ITransactionPhase0NotifyAsync,ef081809-0c76-11d2-87a6-00c04f990f34,true,standard_derived,
Windows.Win32.System.DistributedTransactionCoordinator,ITransactionReceiver,59313e03-b36c-11cf-a539-00aa006887c3,true,standard_derived,
Windows.Win32.System.DistributedTransactionCoordinator,ITransactionReceiverFactory,59313e02-b36c-11cf-a539-00aa006887c3,true,standard_derived,
Windows.Win32.System.DistributedTransactionCoordinator,ITransactionResource,ee5ff7b3-4572-11d0-9452-00a0c905416e,true,standard_derived,
Windows.Win32.System.DistributedTransactionCoordinator,ITransactionResourceAsync,69e971f0-23ce-11cf-ad60-00aa00a74ccd,true,standard_derived,
Windows.Win32.System.DistributedTransactionCoordinator,ITransactionTransmitter,59313e01-b36c-11cf-a539-00aa006887c3,true,standard_derived,
Windows.Win32.System.DistributedTransactionCoordinator,ITransactionTransmitterFactory,59313e00-b36c-11cf-a539-00aa006887c3,true,standard_derived,
Windows.Win32.System.DistributedTransactionCoordinator,ITransactionVoterBallotAsync2,5433376c-414d-11d3-b206-00c04fc2f3ef,true,standard_derived,
Windows.Win32.System.DistributedTransactionCoordinator,ITransactionVoterFactory2,5433376a-414d-11d3-b206-00c04fc2f3ef,true,standard_derived,
Windows.Win32.System.DistributedTransactionCoordinator,ITransactionVoterNotifyAsync2,5433376b-414d-11d3-b206-00c04fc2f3ef,true,standard_derived,
Windows.Win32.System.DistributedTransactionCoordinator,IXAConfig,c8a6e3a1-9a8c-11cf-a308-00a0c905416e,true,standard_derived,
Windows.Win32.System.DistributedTransactionCoordinator,IXAObtainRMInfo,e793f6d2-f53d-11cf-a60d-00a0c905416e,true,standard_derived,
Windows.Win32.System.DistributedTransactionCoordinator,IXATransLookup,f3b1f131-eeda-11ce-aed4-00aa0051e2c4,true,standard_derived,
Windows.Win32.System.DistributedTransactionCoordinator,IXATransLookup2,bf193c85-0d1a-4290-b88f-d2cb8873d1e7,true,standard_derived,
Windows.Win32.System.EventNotificationService,ISensLogon,d597bab3-5b9f-11d1-8dd2-00aa004abd5e,true,standard_derived,
Windows.Win32.System.EventNotificationService,ISensLogon2,d597bab4-5b9f-11d1-8dd2-00aa004abd5e,true,standard_derived,
Windows.Win32.System.EventNotificationService,ISensNetwork,d597bab1-5b9f-11d1-8dd2-00aa004abd5e,true,standard_derived,
Windows.Win32.System.EventNotificationService,ISensOnNow,d597bab2-5b9f-11d1-8dd2-00aa004abd5e,true,standard_derived,
Windows.Win32.System.GroupPolicy,IGPEInformation,8fc0b735-a0e1-11d1-a7d3-0000f87571e3,false,,missing_handle_ownership
Windows.Win32.System.GroupPolicy,IGPM,f5fae809-3bd6-4da9-a65e-17665b41d763,true,standard_derived,
Windows.Win32.System.GroupPolicy,IGPM2,00238f8a-3d86-41ac-8f5e-06a6638a634a,true,standard_derived,
Windows.Win32.System.GroupPolicy,IGPMAsyncCancel,ddc67754-be67-4541-8166-f48166868c9c,true,standard_derived,
Windows.Win32.System.GroupPolicy,IGPMAsyncProgress,6aac29f8-5948-4324-bf70-423818942dbc,true,standard_derived,
Windows.Win32.System.GroupPolicy,IGPMBackup,d8a16a35-3b0d-416b-8d02-4df6f95a7119,true,standard_derived,
Windows.Win32.System.GroupPolicy,IGPMBackupCollection,c786fc0f-26d8-4bab-a745-39ca7e800cac,true,standard_derived,
Windows.Win32.System.GroupPolicy,IGPMBackupDir,b1568bed-0a93-4acc-810f-afe7081019b9,true,standard_derived,
Windows.Win32.System.GroupPolicy,IGPMBackupDirEx,f8dc55ed-3ba0-4864-aad4-d365189ee1d5,true,standard_derived,
Windows.Win32.System.GroupPolicy,IGPMCSECollection,2e52a97d-0a4a-4a6f-85db-201622455da0,true,standard_derived,
Windows.Win32.System.GroupPolicy,IGPMClientSideExtension,69da7488-b8db-415e-9266-901be4d49928,true,standard_derived,
Windows.Win32.System.GroupPolicy,IGPMConstants,50ef73e6-d35c-4c8d-be63-7ea5d2aac5c4,true,standard_derived,
Windows.Win32.System.GroupPolicy,IGPMConstants2,05ae21b0-ac09-4032-a26f-9e7da786dc19,true,standard_derived,
Windows.Win32.System.GroupPolicy,IGPMDomain,6b21cc14-5a00-4f44-a738-feec8a94c7e3,true,standard_derived,
Windows.Win32.System.GroupPolicy,IGPMDomain2,7ca6bb8b-f1eb-490a-938d-3c4e51c768e6,true,standard_derived,
Windows.Win32.System.GroupPolicy,IGPMDomain3,0077fdfe-88c7-4acf-a11d-d10a7c310a03,true,standard_derived,
Windows.Win32.System.GroupPolicy,IGPMGPO,58cc4352-1ca3-48e5-9864-1da4d6e0d60f,true,standard_derived,
Windows.Win32.System.GroupPolicy,IGPMGPO2,8a66a210-b78b-4d99-88e2-c306a817c925,true,standard_derived,
Windows.Win32.System.GroupPolicy,IGPMGPO3,7cf123a1-f94a-4112-bfae-6aa1db9cb248,true,standard_derived,
Windows.Win32.System.GroupPolicy,IGPMGPOCollection,f0f0d5cf-70ca-4c39-9e29-b642f8726c01,true,standard_derived,
Windows.Win32.System.GroupPolicy,IGPMGPOLink,434b99bd-5de7-478a-809c-c251721df70c,true,standard_derived,
Windows.Win32.System.GroupPolicy,IGPMGPOLinksCollection,189d7b68-16bd-4d0d-a2ec-2e6aa2288c7f,true,standard_derived,
Windows.Win32.System.GroupPolicy,IGPMMapEntry,8e79ad06-2381-4444-be4c-ff693e6e6f2b,true,standard_derived,
Windows.Win32.System.GroupPolicy,IGPMMapEntryCollection,bb0bf49b-e53f-443f-b807-8be22bfb6d42,true,standard_derived,
Windows.Win32.System.GroupPolicy,IGPMMigrationTable,48f823b1-efaf-470b-b6ed-40d14ee1a4ec,true,standard_derived,
Windows.Win32.System.GroupPolicy,IGPMPermission,35ebca40-e1a1-4a02-8905-d79416fb464a,true,standard_derived,
Windows.Win32.System.GroupPolicy,IGPMRSOP,49ed785a-3237-4ff2-b1f0-fdf5a8d5a1ee,true,standard_derived,
Windows.Win32.System.GroupPolicy,IGPMResult,86dff7e9-f76f-42ab-9570-cebc6be8a52d,true,standard_derived,
Windows.Win32.System.GroupPolicy,IGPMSOM,c0a7f09e-05a1-4f0c-8158-9e5c33684f6b,true,standard_derived,
Windows.Win32.System.GroupPolicy,IGPMSOMCollection,adc1688e-00e4-4495-abba-bed200df0cab,true,standard_derived,
Windows.Win32.System.GroupPolicy,IGPMSearchCriteria,d6f11c42-829b-48d4-83f5-3615b67dfc22,true,standard_derived,
Windows.Win32.System.GroupPolicy,IGPMSecurityInfo,b6c31ed4-1c93-4d3e-ae84-eb6d61161b60,true,standard_derived,
Windows.Win32.System.GroupPolicy,IGPMSitesContainer,4725a899-2782-4d27-a6bb-d499246ffd72,true,standard_derived,
Windows.Win32.System.GroupPolicy,IGPMStarterGPO,dfc3f61b-8880-4490-9337-d29c7ba8c2f0,true,standard_derived,
Windows.Win32.System.GroupPolicy,IGPMStarterGPOBackup,51d98eda-a87e-43dd-b80a-0b66ef1938d6,true,standard_derived,
Windows.Win32.System.GroupPolicy,IGPMStarterGPOBackupCollection,c998031d-add0-4bb5-8dea-298505d8423b,true,standard_derived,
Windows.Win32.System.GroupPolicy,IGPMStarterGPOCollection,2e522729-2219-44ad-933a-64dfd650c423,true,standard_derived,
Windows.Win32.System.GroupPolicy,IGPMStatusMessage,8496c22f-f3de-4a1f-8f58-603caaa93d7b,true,standard_derived,
Windows.Win32.System.GroupPolicy,IGPMStatusMsgCollection,9b6e1af0-1a92-40f3-a59d-f36ac1f728b7,true,standard_derived,
Windows.Win32.System.GroupPolicy,IGPMTrustee,3b466da8-c1a4-4b2a-999a-befcdd56cefb,true,standard_derived,
Windows.Win32.System.GroupPolicy,IGPMWMIFilter,ef2ff9b4-3c27-459a-b979-038305cec75d,true,standard_derived,
Windows.Win32.System.GroupPolicy,IGPMWMIFilterCollection,5782d582-1a36-4661-8a94-c3c32551945b,true,standard_derived,
Windows.Win32.System.GroupPolicy,IGroupPolicyObject,ea502723-a23d-11d1-a7d3-0000f87571e3,false,,missing_allocator
Windows.Win32.System.GroupPolicy,IRSOPInformation,9a5a81b5-d9c7-49ef-9d11-ddf50968c48d,false,,missing_allocator
Windows.Win32.System.Iis,AsyncIFtpAuthenticationProvider,c24efb65-9f3e-4996-8fb1-ce166916bab5,false,,missing_allocator
Windows.Win32.System.Iis,AsyncIFtpAuthorizationProvider,860dc339-07e5-4a5c-9c61-8820cea012bc,true,standard_derived,
Windows.Win32.System.Iis,AsyncIFtpHomeDirectoryProvider,73f81638-6295-42bd-a2be-4a657f7c479c,false,,missing_allocator
Windows.Win32.System.Iis,AsyncIFtpLogProvider,00a0ae46-2498-48b2-95e6-df678ed7d49f,true,standard_derived,
Windows.Win32.System.Iis,AsyncIFtpPostprocessProvider,a16b2542-9694-4eb1-a564-6c2e91fdc133,true,standard_derived,
Windows.Win32.System.Iis,AsyncIFtpPreprocessProvider,6ff5fd8f-fd8e-48b1-a3e0-bf7073db4db5,true,standard_derived,
Windows.Win32.System.Iis,AsyncIFtpRoleProvider,3e83bf99-70ec-41ca-84b6-aca7c7a62caf,true,standard_derived,
Windows.Win32.System.Iis,AsyncIMSAdminBaseSinkW,a9e69613-b80d-11d0-b9b9-00a0c922e750,true,standard_derived,
Windows.Win32.System.Iis,IADMEXT,51dfe970-f6f2-11d0-b9bd-00a0c922e750,false,,safe_projection_incomplete
Windows.Win32.System.Iis,IFtpAuthenticationProvider,4659f95c-d5a8-4707-b2fc-6fd5794246cf,false,,missing_allocator
Windows.Win32.System.Iis,IFtpAuthorizationProvider,a50ae7a1-a35a-42b4-a4f3-f4f7057a05d1,true,standard_derived,
Windows.Win32.System.Iis,IFtpHomeDirectoryProvider,0933b392-18dd-4097-8b9c-83325c35d9a6,false,,missing_allocator
Windows.Win32.System.Iis,IFtpLogProvider,a18a94cc-8299-4408-816c-7c3baca1a40e,true,standard_derived,
Windows.Win32.System.Iis,IFtpPostprocessProvider,4522cbc6-16cd-49ad-8653-9a2c579e4280,true,standard_derived,
Windows.Win32.System.Iis,IFtpPreprocessProvider,a3c19b60-5a28-471a-8f93-ab30411cee82,true,standard_derived,
Windows.Win32.System.Iis,IFtpProviderConstruct,4d1a3f7b-412d-447c-b199-64f967e9a2da,false,,safe_projection_incomplete
Windows.Win32.System.Iis,IFtpRoleProvider,909c850d-8ca0-4674-96b8-cc2941535725,true,standard_derived,
Windows.Win32.System.Iis,IMSAdminBase2W,8298d101-f992-43b7-8eca-5052d885b995,false,,missing_count_relation
Windows.Win32.System.Iis,IMSAdminBase3W,f612954d-3b0b-4c56-9563-227b7be624b4,false,,missing_count_relation
Windows.Win32.System.Iis,IMSAdminBaseSinkW,a9e69612-b80d-11d0-b9b9-00a0c922e750,true,standard_derived,
Windows.Win32.System.Iis,IMSAdminBaseW,70b51430-b6ca-11d0-b9b9-00a0c922e750,false,,missing_count_relation
Windows.Win32.System.Iis,IMSImpExpHelpW,29ff67ff-8050-480f-9f30-cc41635f2f9d,false,,safe_projection_incomplete
Windows.Win32.System.MessageQueuing,IMSMQApplication,d7d6e085-dccd-11d0-aa4b-0060970debae,true,standard_derived,
Windows.Win32.System.MessageQueuing,IMSMQApplication2,12a30900-7300-11d2-b0e6-00e02c074f6b,true,standard_derived,
Windows.Win32.System.MessageQueuing,IMSMQApplication3,eba96b1f-2168-11d3-898c-00e02c074f6b,true,standard_derived,
Windows.Win32.System.MessageQueuing,IMSMQCollection,0188ac2f-ecb3-4173-9779-635ca2039c72,true,standard_derived,
Windows.Win32.System.MessageQueuing,IMSMQCoordinatedTransactionDispenser,d7d6e081-dccd-11d0-aa4b-0060970debae,true,standard_derived,
Windows.Win32.System.MessageQueuing,IMSMQCoordinatedTransactionDispenser2,eba96b10-2168-11d3-898c-00e02c074f6b,true,standard_derived,
Windows.Win32.System.MessageQueuing,IMSMQCoordinatedTransactionDispenser3,eba96b14-2168-11d3-898c-00e02c074f6b,true,standard_derived,
Windows.Win32.System.MessageQueuing,IMSMQDestination,eba96b16-2168-11d3-898c-00e02c074f6b,true,standard_derived,
Windows.Win32.System.MessageQueuing,IMSMQEvent,d7d6e077-dccd-11d0-aa4b-0060970debae,true,standard_derived,
Windows.Win32.System.MessageQueuing,IMSMQEvent2,eba96b12-2168-11d3-898c-00e02c074f6b,true,standard_derived,
Windows.Win32.System.MessageQueuing,IMSMQEvent3,eba96b1c-2168-11d3-898c-00e02c074f6b,true,standard_derived,
Windows.Win32.System.MessageQueuing,IMSMQManagement,be5f0241-e489-4957-8cc4-a452fcf3e23e,true,standard_derived,
Windows.Win32.System.MessageQueuing,IMSMQMessage,d7d6e074-dccd-11d0-aa4b-0060970debae,true,standard_derived,
Windows.Win32.System.MessageQueuing,IMSMQMessage2,d9933be0-a567-11d2-b0f3-00e02c074f6b,true,standard_derived,
Windows.Win32.System.MessageQueuing,IMSMQMessage3,eba96b1a-2168-11d3-898c-00e02c074f6b,true,standard_derived,
Windows.Win32.System.MessageQueuing,IMSMQMessage4,eba96b23-2168-11d3-898c-00e02c074f6b,true,standard_derived,
Windows.Win32.System.MessageQueuing,IMSMQOutgoingQueueManagement,64c478fb-f9b0-4695-8a7f-439ac94326d3,true,standard_derived,
Windows.Win32.System.MessageQueuing,IMSMQPrivateDestination,eba96b17-2168-11d3-898c-00e02c074f6b,true,standard_derived,
Windows.Win32.System.MessageQueuing,IMSMQPrivateEvent,d7ab3341-c9d3-11d1-bb47-0080c7c5a2c0,true,standard_derived,
Windows.Win32.System.MessageQueuing,IMSMQQuery,d7d6e072-dccd-11d0-aa4b-0060970debae,true,standard_derived,
Windows.Win32.System.MessageQueuing,IMSMQQuery2,eba96b0e-2168-11d3-898c-00e02c074f6b,true,standard_derived,
Windows.Win32.System.MessageQueuing,IMSMQQuery3,eba96b19-2168-11d3-898c-00e02c074f6b,true,standard_derived,
Windows.Win32.System.MessageQueuing,IMSMQQuery4,eba96b24-2168-11d3-898c-00e02c074f6b,true,standard_derived,
Windows.Win32.System.MessageQueuing,IMSMQQueue,d7d6e076-dccd-11d0-aa4b-0060970debae,true,standard_derived,
Windows.Win32.System.MessageQueuing,IMSMQQueue2,ef0574e0-06d8-11d3-b100-00e02c074f6b,true,standard_derived,
Windows.Win32.System.MessageQueuing,IMSMQQueue3,eba96b1b-2168-11d3-898c-00e02c074f6b,true,standard_derived,
Windows.Win32.System.MessageQueuing,IMSMQQueue4,eba96b20-2168-11d3-898c-00e02c074f6b,true,standard_derived,
Windows.Win32.System.MessageQueuing,IMSMQQueueInfo,d7d6e07b-dccd-11d0-aa4b-0060970debae,true,standard_derived,
Windows.Win32.System.MessageQueuing,IMSMQQueueInfo2,fd174a80-89cf-11d2-b0f2-00e02c074f6b,true,standard_derived,
Windows.Win32.System.MessageQueuing,IMSMQQueueInfo3,eba96b1d-2168-11d3-898c-00e02c074f6b,true,standard_derived,
Windows.Win32.System.MessageQueuing,IMSMQQueueInfo4,eba96b21-2168-11d3-898c-00e02c074f6b,true,standard_derived,
Windows.Win32.System.MessageQueuing,IMSMQQueueInfos,d7d6e07d-dccd-11d0-aa4b-0060970debae,true,standard_derived,
Windows.Win32.System.MessageQueuing,IMSMQQueueInfos2,eba96b0f-2168-11d3-898c-00e02c074f6b,true,standard_derived,
Windows.Win32.System.MessageQueuing,IMSMQQueueInfos3,eba96b1e-2168-11d3-898c-00e02c074f6b,true,standard_derived,
Windows.Win32.System.MessageQueuing,IMSMQQueueInfos4,eba96b22-2168-11d3-898c-00e02c074f6b,true,standard_derived,
Windows.Win32.System.MessageQueuing,IMSMQQueueManagement,7fbe7759-5760-444d-b8a5-5e7ab9a84cce,true,standard_derived,
Windows.Win32.System.MessageQueuing,IMSMQTransaction,d7d6e07f-dccd-11d0-aa4b-0060970debae,true,standard_derived,
Windows.Win32.System.MessageQueuing,IMSMQTransaction2,2ce0c5b0-6e67-11d2-b0e6-00e02c074f6b,true,standard_derived,
Windows.Win32.System.MessageQueuing,IMSMQTransaction3,eba96b13-2168-11d3-898c-00e02c074f6b,true,standard_derived,
Windows.Win32.System.MessageQueuing,IMSMQTransactionDispenser,d7d6e083-dccd-11d0-aa4b-0060970debae,true,standard_derived,
Windows.Win32.System.MessageQueuing,IMSMQTransactionDispenser2,eba96b11-2168-11d3-898c-00e02c074f6b,true,standard_derived,
Windows.Win32.System.MessageQueuing,IMSMQTransactionDispenser3,eba96b15-2168-11d3-898c-00e02c074f6b,true,standard_derived,
Windows.Win32.System.MessageQueuing,_DMSMQEventEvents,d7d6e078-dccd-11d0-aa4b-0060970debae,true,standard_derived,
Windows.Win32.System.Mmc,AppEvents,fc7a4252-78ac-4532-8c5a-563cfe138863,true,standard_derived,
Windows.Win32.System.Mmc,Column,fd1c5f63-2b16-4d06-9ab3-f45350b940ab,true,standard_derived,
Windows.Win32.System.Mmc,Columns,383d4d97-fc44-478b-b139-6323dc48611c,true,standard_derived,
Windows.Win32.System.Mmc,ContextMenu,dab39ce0-25e6-4e07-8362-ba9c95706545,true,standard_derived,
Windows.Win32.System.Mmc,Document,225120d6-1e0f-40a3-93fe-1079e6a8017b,true,standard_derived,
Windows.Win32.System.Mmc,Extension,ad4d6ca6-912f-409b-a26e-7fd234aef542,true,standard_derived,
Windows.Win32.System.Mmc,Extensions,82dbea43-8ca4-44bc-a2ca-d18741059ec8,true,standard_derived,
Windows.Win32.System.Mmc,Frame,e5e2d970-5bb3-4306-8804-b0968a31c8e6,true,standard_derived,
Windows.Win32.System.Mmc,IColumnData,547c1354-024d-11d3-a707-00c04f8ef4cb,false,,external_pointee_storage
Windows.Win32.System.Mmc,IComponent,43136eb2-d36c-11cf-adbc-00aa00a80033,false,,missing_allocator
Windows.Win32.System.Mmc,IComponent2,79a2d615-4a10-4ed4-8c65-8633f9335095,false,,incomplete_pointee_layout_for_storage
Windows.Win32.System.Mmc,IComponentData,955ab28a-5218-11d0-a985-00c04fd8d565,false,,safe_projection_incomplete
Windows.Win32.System.Mmc,IComponentData2,cca0f2d2-82de-41b5-bf47-3b2076273d5c,false,,safe_projection_incomplete
Windows.Win32.System.Mmc,IConsole,43136eb1-d36c-11cf-adbc-00aa00a80033,true,exact_registry_dependent,
Windows.Win32.System.Mmc,IConsole2,103d842a-aa63-11d1-a7e1-00c04fd8d565,true,exact_registry_dependent,
Windows.Win32.System.Mmc,IConsole3,4f85efdb-d0e1-498c-8d4a-d010dfdd404f,true,exact_registry_dependent,
Windows.Win32.System.Mmc,IConsoleNameSpace,bedeb620-f24d-11cf-8afc-00aa003ca9f6,false,,safe_projection_incomplete
Windows.Win32.System.Mmc,IConsoleNameSpace2,255f18cc-65db-11d1-a7dc-00c04fd8d565,false,,safe_projection_incomplete
Windows.Win32.System.Mmc,IConsolePower,1cfbdd0e-62ca-49ce-a3af-dbb2de61b068,true,standard_derived,
Windows.Win32.System.Mmc,IConsolePowerSink,3333759f-fe4f-4975-b143-fec0a5dd6d65,true,standard_derived,
Windows.Win32.System.Mmc,IConsoleVerb,e49f7a60-74af-11d0-a286-00c04fd8fe93,true,standard_derived,
Windows.Win32.System.Mmc,IContextMenuCallback,43136eb7-d36c-11cf-adbc-00aa00a80033,true,standard_derived,
Windows.Win32.System.Mmc,IContextMenuCallback2,e178bc0e-2ed0-4b5e-8097-42c9087e8b33,true,standard_derived,
Windows.Win32.System.Mmc,IContextMenuProvider,43136eb6-d36c-11cf-adbc-00aa00a80033,true,standard_derived,
Windows.Win32.System.Mmc,IControlbar,69fb811e-6c1c-11d0-a2cb-00c04fd909dd,true,standard_derived,
Windows.Win32.System.Mmc,IDisplayHelp,cc593830-b926-11d1-8063-0000f875a9ce,true,standard_derived,
Windows.Win32.System.Mmc,IEnumTASK,338698b1-5a02-11d1-9fec-00600832db4a,false,,incomplete_pointee_layout_for_storage
Windows.Win32.System.Mmc,IExtendContextMenu,4f3b7a4f-cfac-11cf-b8e3-00c04fd8d5b0,true,standard_derived,
Windows.Win32.System.Mmc,IExtendControlbar,49506520-6f40-11d0-a98b-00c04fd8d565,true,standard_derived,
Windows.Win32.System.Mmc,IExtendPropertySheet,85de64dc-ef21-11cf-a285-00c04fd8dbe6,true,standard_derived,
Windows.Win32.System.Mmc,IExtendPropertySheet2,b7a87232-4a51-11d1-a7ea-00c04fd909dd,false,,missing_handle_ownership
Windows.Win32.System.Mmc,IExtendTaskPad,8dee6511-554d-11d1-9fea-00600832db4a,false,,incomplete_pointee_layout_for_storage
Windows.Win32.System.Mmc,IExtendView,89995cee-d2ed-4c0e-ae5e-df7e76f3fa53,true,standard_derived,
Windows.Win32.System.Mmc,IHeaderCtrl,43136eb3-d36c-11cf-adbc-00aa00a80033,false,,missing_allocator
Windows.Win32.System.Mmc,IHeaderCtrl2,9757abb8-1b32-11d1-a7ce-00c04fd8d565,false,,missing_allocator
Windows.Win32.System.Mmc,IImageList,43136eb8-d36c-11cf-adbc-00aa00a80033,true,standard_derived,
Windows.Win32.System.Mmc,IMMCVersionInfo,a8d2c5fe-cdcb-4b9d-bde5-a27343ff54bc,true,standard_derived,
Windows.Win32.System.Mmc,IMenuButton,951ed750-d080-11d0-b197-000000000000,true,standard_derived,
Windows.Win32.System.Mmc,IMessageView,80f94174-fccc-11d2-b991-00c04f8ecd78,true,standard_derived,
Windows.Win32.System.Mmc,INodeProperties,15bc4d24-a522-4406-aa55-0749537a6865,true,standard_derived,
Windows.Win32.System.Mmc,IPropertySheetCallback,85de64dd-ef21-11cf-a285-00c04fd8dbe6,false,,safe_projection_incomplete
Windows.Win32.System.Mmc,IPropertySheetProvider,85de64de-ef21-11cf-a285-00c04fd8dbe6,true,standard_derived,
Windows.Win32.System.Mmc,IRequiredExtensions,72782d7a-a4a0-11d1-af0f-00c04fb6dd2c,true,standard_derived,
Windows.Win32.System.Mmc,IResultData,31da5fa0-e0eb-11cf-9f21-00aa003ca9f6,false,,safe_projection_incomplete
Windows.Win32.System.Mmc,IResultData2,0f36e0eb-a7f1-4a81-be5a-9247f7de4b1b,false,,safe_projection_incomplete
Windows.Win32.System.Mmc,IResultDataCompare,e8315a52-7a1a-11d0-a2d2-00c04fd909dd,true,standard_derived,
Windows.Win32.System.Mmc,IResultDataCompareEx,96933476-0251-11d3-aeb0-00c04f8ecd78,true,standard_derived,
Windows.Win32.System.Mmc,IResultOwnerData,9cb396d8-ea83-11d0-aef1-00c04fb6dd2c,true,standard_derived,
Windows.Win32.System.Mmc,ISnapinAbout,1245208c-a151-11d0-a7d7-00c04fd909dd,false,,missing_allocator
Windows.Win32.System.Mmc,ISnapinHelp,a6b15ace-df59-11d0-a7dd-00c04fd909dd,false,,missing_allocator
Windows.Win32.System.Mmc,ISnapinHelp2,4861a010-20f9-11d2-a510-00c04fb6dd2c,false,,missing_allocator
Windows.Win32.System.Mmc,ISnapinProperties,f7889da9-4a02-4837-bf89-1a6f2a021010,false,,external_pointee_storage
Windows.Win32.System.Mmc,ISnapinPropertiesCallback,a50fa2e5-7e61-45eb-a8d4-9a07b3e851a8,true,standard_derived,
Windows.Win32.System.Mmc,IStringTable,de40b7a4-0f65-11d2-8e25-00c04f8ecd78,true,standard_derived,
Windows.Win32.System.Mmc,IToolbar,43136eb9-d36c-11cf-adbc-00aa00a80033,true,standard_derived,
Windows.Win32.System.Mmc,IViewExtensionCallback,34dd928a-7599-41e5-9f5e-d6bc3062c2da,true,standard_derived,
Windows.Win32.System.Mmc,MenuItem,0178fad1-b361-4b27-96ad-67c57ebf2e1d,true,standard_derived,
Windows.Win32.System.Mmc,Node,f81ed800-7839-4447-945d-8e15da59ca55,true,standard_derived,
Windows.Win32.System.Mmc,Nodes,313b01df-b22f-4d42-b1b8-483cdcf51d35,true,standard_derived,
Windows.Win32.System.Mmc,Properties,2886abc2-a425-42b2-91c6-e25c0e04581c,true,standard_derived,
Windows.Win32.System.Mmc,Property,4600c3a5-e301-41d8-b6d0-ef2e4212e0ca,true,standard_derived,
Windows.Win32.System.Mmc,ScopeNamespace,ebbb48dc-1a3b-4d86-b786-c21b28389012,true,standard_derived,
Windows.Win32.System.Mmc,SnapIn,3be910f6-3459-49c6-a1bb-41e6be9df3ea,true,standard_derived,
Windows.Win32.System.Mmc,SnapIns,2ef3de1d-b12a-49d1-92c5-0b00798768f1,true,standard_derived,
Windows.Win32.System.Mmc,View,6efc2da2-b38c-457e-9abb-ed2d189b8c38,true,standard_derived,
Windows.Win32.System.Mmc,Views,d6b8c29d-a1ff-4d72-aab0-e381e9b9338d,true,standard_derived,
Windows.Win32.System.Mmc,_AppEvents,de46cbdd-53f5-4635-af54-4fe71e923d3f,true,standard_derived,
Windows.Win32.System.Mmc,_Application,a3afb9cc-b653-4741-86ab-f0470ec1384c,true,standard_derived,
Windows.Win32.System.Mmc,_EventConnector,c0bccd30-de44-4528-8403-a05a6a1cc8ea,true,standard_derived,
Windows.Win32.System.Ole,IAdviseSinkEx,3af24290-0c96-11ce-a0cf-00aa00600ab8,false,,external_pointee_storage
Windows.Win32.System.Ole,ICanHandleException,c5598e60-b307-11d1-b27d-006008c3fbfb,false,,safe_projection_incomplete
Windows.Win32.System.Ole,IClassFactory2,b196b28f-bab4-101a-b69c-00aa00341d07,true,standard_derived,
Windows.Win32.System.Ole,IContinue,0000012a-0000-0000-c000-000000000046,true,standard_derived,
Windows.Win32.System.Ole,IContinueCallback,b722bcca-4e68-101b-a2bc-00aa00404770,true,standard_derived,
Windows.Win32.System.Ole,ICreateErrorInfo,22f03340-547d-101b-8e65-08002b2bd119,true,standard_derived,
Windows.Win32.System.Ole,ICreateTypeInfo,00020405-0000-0000-c000-000000000046,false,,external_pointee_storage
Windows.Win32.System.Ole,ICreateTypeInfo2,0002040e-0000-0000-c000-000000000046,false,,external_pointee_storage
Windows.Win32.System.Ole,ICreateTypeLib,00020406-0000-0000-c000-000000000046,true,standard_derived,
Windows.Win32.System.Ole,ICreateTypeLib2,0002040f-0000-0000-c000-000000000046,true,standard_derived,
Windows.Win32.System.Ole,IDispError,a6ef9861-c720-11d0-9337-00a0c90dcaa9,true,standard_derived,
Windows.Win32.System.Ole,IDispatchEx,a6ef9860-c720-11d0-9337-00a0c90dcaa9,true,standard_derived,
Windows.Win32.System.Ole,IDropSource,00000121-0000-0000-c000-000000000046,true,standard_derived,
Windows.Win32.System.Ole,IDropSourceNotify,0000012b-0000-0000-c000-000000000046,true,standard_derived,
Windows.Win32.System.Ole,IDropTarget,00000122-0000-0000-c000-000000000046,true,standard_derived,
Windows.Win32.System.Ole,IEnterpriseDropTarget,390e3878-fd55-4e18-819d-4682081c0cfd,true,standard_derived,
Windows.Win32.System.Ole,IEnumOLEVERB,00000104-0000-0000-c000-000000000046,false,,safe_projection_incomplete
Windows.Win32.System.Ole,IEnumOleDocumentViews,b722bcc8-4e68-101b-a2bc-00aa00404770,true,exact_registry_dependent,
Windows.Win32.System.Ole,IEnumOleUndoUnits,b3e7c340-ef97-11ce-9bc9-00aa00608e01,true,exact_registry_dependent,
Windows.Win32.System.Ole,IEnumVARIANT,00020404-0000-0000-c000-000000000046,true,exact_registry_dependent,
Windows.Win32.System.Ole,IFont,bef6e002-a874-101a-8bba-00aa00300cab,false,,incomplete_pointee_layout_for_storage
Windows.Win32.System.Ole,IFontDisp,bef6e003-a874-101a-8bba-00aa00300cab,true,standard_derived,
Windows.Win32.System.Ole,IFontEventsDisp,4ef6100a-af88-11d0-9846-00c04fc29993,true,standard_derived,
Windows.Win32.System.Ole,IGetOleObject,8a701da0-4feb-101b-a82e-08002b2b2337,false,,missing_allocator
Windows.Win32.System.Ole,IGetVBAObject,91733a60-3f4c-101b-a3f6-00aa0034e4e9,false,,missing_allocator
Windows.Win32.System.Ole,IObjectIdentity,ca04b7e6-0d21-11d1-8cc5-00c04fc2b085,true,standard_derived,
Windows.Win32.System.Ole,IObjectWithSite,fc4801a3-2ba9-11cf-a229-00aa003d7352,true,standard_derived,
Windows.Win32.System.Ole,IOleAdviseHolder,00000111-0000-0000-c000-000000000046,true,standard_derived,
Windows.Win32.System.Ole,IOleCache,0000011e-0000-0000-c000-000000000046,false,,external_pointee_storage
Windows.Win32.System.Ole,IOleCache2,00000128-0000-0000-c000-000000000046,false,,external_pointee_storage
Windows.Win32.System.Ole,IOleCacheControl,00000129-0000-0000-c000-000000000046,true,standard_derived,
Windows.Win32.System.Ole,IOleClientSite,00000118-0000-0000-c000-000000000046,true,standard_derived,
Windows.Win32.System.Ole,IOleCommandTarget,b722bccb-4e68-101b-a2bc-00aa00404770,false,,incomplete_pointee_layout_for_storage
Windows.Win32.System.Ole,IOleContainer,0000011b-0000-0000-c000-000000000046,true,standard_derived,
Windows.Win32.System.Ole,IOleControl,b196b288-bab4-101a-b69c-00aa00341d07,false,,safe_projection_incomplete
Windows.Win32.System.Ole,IOleControlSite,b196b289-bab4-101a-b69c-00aa00341d07,true,standard_derived,
Windows.Win32.System.Ole,IOleDocument,b722bcc5-4e68-101b-a2bc-00aa00404770,true,standard_derived,
Windows.Win32.System.Ole,IOleDocumentSite,b722bcc7-4e68-101b-a2bc-00aa00404770,true,standard_derived,
Windows.Win32.System.Ole,IOleDocumentView,b722bcc6-4e68-101b-a2bc-00aa00404770,true,standard_derived,
Windows.Win32.System.Ole,IOleInPlaceActiveObject,00000117-0000-0000-c000-000000000046,true,exact_registry_dependent,
Windows.Win32.System.Ole,IOleInPlaceFrame,00000116-0000-0000-c000-000000000046,true,exact_registry_dependent,
Windows.Win32.System.Ole,IOleInPlaceObject,00000113-0000-0000-c000-000000000046,true,exact_registry_dependent,
Windows.Win32.System.Ole,IOleInPlaceObjectWindowless,1c2056cc-5ef4-101b-8bc8-00aa003e3b29,true,exact_registry_dependent,
Windows.Win32.System.Ole,IOleInPlaceSite,00000119-0000-0000-c000-000000000046,false,,nested_pointer_lifetime
Windows.Win32.System.Ole,IOleInPlaceSiteEx,9c2cad80-3424-11cf-b670-00aa004cd6d8,false,,nested_pointer_lifetime
Windows.Win32.System.Ole,IOleInPlaceSiteWindowless,922eada0-3424-11cf-b670-00aa004cd6d8,false,,missing_handle_ownership
Windows.Win32.System.Ole,IOleInPlaceUIWindow,00000115-0000-0000-c000-000000000046,true,exact_registry_dependent,
Windows.Win32.System.Ole,IOleItemContainer,0000011c-0000-0000-c000-000000000046,true,standard_derived,
Windows.Win32.System.Ole,IOleLink,0000011d-0000-0000-c000-000000000046,false,,missing_allocator
Windows.Win32.System.Ole,IOleObject,00000112-0000-0000-c000-000000000046,false,,external_pointee_storage
Windows.Win32.System.Ole,IOleParentUndoUnit,a1faf330-ef97-11ce-9bc9-00aa00608e01,true,standard_derived,
Windows.Win32.System.Ole,IOleUILinkContainerA,,false,,missing_declaring_iid
Windows.Win32.System.Ole,IOleUILinkContainerW,,false,,missing_declaring_iid
Windows.Win32.System.Ole,IOleUILinkInfoA,,false,,missing_declaring_iid
Windows.Win32.System.Ole,IOleUILinkInfoW,,false,,missing_declaring_iid
Windows.Win32.System.Ole,IOleUIObjInfoA,,false,,missing_declaring_iid
Windows.Win32.System.Ole,IOleUIObjInfoW,,false,,missing_declaring_iid
Windows.Win32.System.Ole,IOleUndoManager,d001f200-ef97-11ce-9bc9-00aa00608e01,true,standard_derived,
Windows.Win32.System.Ole,IOleUndoUnit,894ad3b0-ef97-11ce-9bc9-00aa00608e01,true,standard_derived,
Windows.Win32.System.Ole,IOleWindow,00000114-0000-0000-c000-000000000046,true,exact_registry_dependent,
Windows.Win32.System.Ole,IParseDisplayName,0000011a-0000-0000-c000-000000000046,true,standard_derived,
Windows.Win32.System.Ole,IPerPropertyBrowsing,376bd3aa-3845-101b-84ed-08002b2ec713,false,,nested_pointer_lifetime
Windows.Win32.System.Ole,IPersistPropertyBag,37d84f60-42cb-11ce-8135-00aa004bb851,true,standard_derived,
Windows.Win32.System.Ole,IPersistPropertyBag2,22f55881-280b-11d0-a8a9-00a0c90c2004,true,standard_derived,
Windows.Win32.System.Ole,IPicture,7bf80980-bf32-101a-8bbb-00aa00300cab,false,,missing_handle_ownership
Windows.Win32.System.Ole,IPicture2,f5185dd8-2012-4b0b-aad9-f052c6bd482b,false,,missing_handle_ownership
Windows.Win32.System.Ole,IPictureDisp,7bf80981-bf32-101a-8bbb-00aa00300cab,true,standard_derived,
Windows.Win32.System.Ole,IPointerInactive,55980ba0-35aa-11cf-b671-00aa004cd6d8,true,standard_derived,
Windows.Win32.System.Ole,IPrint,b722bcc9-4e68-101b-a2bc-00aa00404770,false,,incomplete_pointee_layout_for_storage
Windows.Win32.System.Ole,IPropertyNotifySink,9bfbbc02-eff1-101a-84ed-00aa00341d07,true,standard_derived,
Windows.Win32.System.Ole,IPropertyPage,b196b28d-bab4-101a-b69c-00aa00341d07,false,,safe_projection_incomplete
Windows.Win32.System.Ole,IPropertyPage2,01e44665-24ac-101b-84ed-08002b2ec713,false,,safe_projection_incomplete
Windows.Win32.System.Ole,IPropertyPageSite,b196b28c-bab4-101a-b69c-00aa00341d07,true,standard_derived,
Windows.Win32.System.Ole,IProtectFocus,d81f90a3-8156-44f7-ad28-5abb87003274,true,standard_derived,
Windows.Win32.System.Ole,IProtectedModeMenuServices,73c105ee-9dff-4a07-b83c-7eff290c266e,false,,missing_handle_ownership
Windows.Win32.System.Ole,IProvideClassInfo,b196b283-bab4-101a-b69c-00aa00341d07,true,standard_derived,
Windows.Win32.System.Ole,IProvideClassInfo2,a6bc3ac0-dbaa-11ce-9de3-00aa004bb851,true,standard_derived,
Windows.Win32.System.Ole,IProvideMultipleClassInfo,a7aba9c1-8983-11cf-8f20-00805f2cd064,true,standard_derived,
Windows.Win32.System.Ole,IProvideRuntimeContext,10e2414a-ec59-49d2-bc51-5add2c36febc,true,standard_derived,
Windows.Win32.System.Ole,IQuickActivate,cf51ed10-62fe-11cf-bf86-00a0c9034836,false,,external_pointee_storage
Windows.Win32.System.Ole,IRecordInfo,0000002f-0000-0000-c000-000000000046,false,,external_pointee_storage
Windows.Win32.System.Ole,ISimpleFrameSite,742b0e01-14e6-101b-914e-00aa00300cab,true,standard_derived,
Windows.Win32.System.Ole,ISpecifyPropertyPages,b196b28b-bab4-101a-b69c-00aa00341d07,false,,nested_pointer_lifetime
Windows.Win32.System.Ole,ITypeChangeEvents,00020410-0000-0000-c000-000000000046,true,standard_derived,
Windows.Win32.System.Ole,ITypeFactory,0000002e-0000-0000-c000-000000000046,true,standard_derived,
Windows.Win32.System.Ole,ITypeMarshal,0000002d-0000-0000-c000-000000000046,false,,external_pointee_storage
Windows.Win32.System.Ole,IVBFormat,9849fd60-3768-101b-8d72-ae6164ffe3cf,false,,external_pointee_storage
Windows.Win32.System.Ole,IVBGetControl,40a050a0-3c31-101b-a82e-08002b2b2337,true,standard_derived,
Windows.Win32.System.Ole,IVariantChangeType,a6ef9862-c720-11d0-9337-00a0c90dcaa9,false,,safe_projection_incomplete
Windows.Win32.System.Ole,IViewObject,0000010d-0000-0000-c000-000000000046,false,,external_pointee_storage
Windows.Win32.System.Ole,IViewObject2,00000127-0000-0000-c000-000000000046,false,,external_pointee_storage
Windows.Win32.System.Ole,IViewObjectEx,3af24292-0c96-11ce-a0cf-00aa00600ab8,false,,external_pointee_storage
Windows.Win32.System.Ole,IZoomEvents,41b68150-904c-4e17-a0ba-a438182e359d,true,standard_derived,
Windows.Win32.System.ParentalControls,IWPCGamesSettings,95e87780-e158-489e-b452-bbb850790715,true,standard_derived,
Windows.Win32.System.ParentalControls,IWPCProviderConfig,bef54196-2d02-4a26-b6e5-d65af295d0f1,true,standard_derived,
Windows.Win32.System.ParentalControls,IWPCProviderState,50b6a267-c4bd-450b-adb5-759073837c9e,true,standard_derived,
Windows.Win32.System.ParentalControls,IWPCProviderSupport,41eba572-23ed-4779-bec1-8df96206c44c,true,standard_derived,
Windows.Win32.System.ParentalControls,IWPCSettings,8fdf6ca1-0189-47e4-b670-1a8a4636e340,true,standard_derived,
Windows.Win32.System.ParentalControls,IWPCWebSettings,ffccbdb8-0992-4c30-b0f1-1cbb09c240aa,false,,safe_projection_incomplete
Windows.Win32.System.ParentalControls,IWindowsParentalControls,28b4d88b-e072-49e6-804d-26edbe21a7b9,false,,missing_allocator
Windows.Win32.System.ParentalControls,IWindowsParentalControlsCore,4ff40a0f-3f3b-4d7c-a41b-4f39d7b44d05,false,,missing_allocator
Windows.Win32.System.Performance,DICounterItem,c08c4ff2-0e2e-11cf-942c-008029004347,true,standard_derived,
Windows.Win32.System.Performance,DILogFileItem,8d093ffc-f777-4917-82d1-833fbc54c58f,true,standard_derived,
Windows.Win32.System.Performance,DISystemMonitor,13d73d81-c32e-11cf-9398-00aa00a3ddea,true,standard_derived,
Windows.Win32.System.Performance,DISystemMonitorEvents,84979930-4ab3-11cf-943a-008029004347,true,standard_derived,
Windows.Win32.System.Performance,DISystemMonitorInternal,194eb242-c32c-11cf-9398-00aa00a3ddea,true,standard_derived,
Windows.Win32.System.Performance,IAlertDataCollector,03837516-098b-11d8-9414-505054503030,true,exact_registry_dependent,
Windows.Win32.System.Performance,IApiTracingDataCollector,0383751a-098b-11d8-9414-505054503030,true,exact_registry_dependent,
Windows.Win32.System.Performance,IConfigurationDataCollector,03837514-098b-11d8-9414-505054503030,true,exact_registry_dependent,
Windows.Win32.System.Performance,ICounterItem,771a9520-ee28-11ce-941e-008029004347,true,standard_derived,
Windows.Win32.System.Performance,ICounterItem2,eefcd4e1-ea1c-4435-b7f4-e341ba03b4f9,true,standard_derived,
Windows.Win32.System.Performance,ICounters,79167962-28fc-11cf-942f-008029004347,true,standard_derived,
Windows.Win32.System.Performance,IDataCollector,038374ff-098b-11d8-9414-505054503030,true,standard_derived,
Windows.Win32.System.Performance,IDataCollectorCollection,03837502-098b-11d8-9414-505054503030,true,standard_derived,
Windows.Win32.System.Performance,IDataCollectorSet,03837520-098b-11d8-9414-505054503030,true,exact_registry_dependent,
Windows.Win32.System.Performance,IDataCollectorSetCollection,03837524-098b-11d8-9414-505054503030,true,standard_derived,
Windows.Win32.System.Performance,IDataManager,03837541-098b-11d8-9414-505054503030,true,standard_derived,
Windows.Win32.System.Performance,IFolderAction,03837543-098b-11d8-9414-505054503030,true,standard_derived,
Windows.Win32.System.Performance,IFolderActionCollection,03837544-098b-11d8-9414-505054503030,true,standard_derived,
Windows.Win32.System.Performance,ILogFileItem,d6b518dd-05c7-418a-89e6-4f9ce8c6841e,true,standard_derived,
Windows.Win32.System.Performance,ILogFiles,6a2a97e6-6851-41ea-87ad-2a8225335865,true,standard_derived,
Windows.Win32.System.Performance,IPerformanceCounterDataCollector,03837506-098b-11d8-9414-505054503030,true,exact_registry_dependent,
Windows.Win32.System.Performance,ISchedule,0383753a-098b-11d8-9414-505054503030,true,standard_derived,
Windows.Win32.System.Performance,IScheduleCollection,0383753d-098b-11d8-9414-505054503030,true,standard_derived,
Windows.Win32.System.Performance,ISystemMonitor,194eb241-c32c-11cf-9398-00aa00a3ddea,true,standard_derived,
Windows.Win32.System.Performance,ISystemMonitor2,08e3206a-5fd2-4fde-a8a5-8cb3b63d2677,true,standard_derived,
Windows.Win32.System.Performance,ISystemMonitorEvents,ee660ea0-4abd-11cf-943a-008029004347,true,standard_derived,
Windows.Win32.System.Performance,ITraceDataCollector,0383750b-098b-11d8-9414-505054503030,true,standard_derived,
Windows.Win32.System.Performance,ITraceDataProvider,03837512-098b-11d8-9414-505054503030,true,exact_registry_dependent,
Windows.Win32.System.Performance,ITraceDataProviderCollection,03837510-098b-11d8-9414-505054503030,true,standard_derived,
Windows.Win32.System.Performance,IValueMap,03837534-098b-11d8-9414-505054503030,true,standard_derived,
Windows.Win32.System.Performance,IValueMapItem,03837533-098b-11d8-9414-505054503030,true,standard_derived,
Windows.Win32.System.Performance,_ICounterItemUnion,de1a6b74-9182-4c41-8e2c-24c2cd30ee83,true,standard_derived,
Windows.Win32.System.Performance,_ISystemMonitorUnion,c8a77338-265f-4de5-aa25-c7da1ce5a8f4,true,standard_derived,
Windows.Win32.System.RealTimeCommunications,INetworkTransportSettings,5e7abb2c-f2c1-4a61-bd35-deb7a08ab0f1,false,,missing_allocator
Windows.Win32.System.RealTimeCommunications,INotificationTransportSync,79eb1402-0ab8-49c0-9e14-a1ae4ba93058,true,standard_derived,
Windows.Win32.System.RealTimeCommunications,IRTCBuddy,fcb136c8-7b90-4e0c-befe-56edf0ba6f1c,true,standard_derived,
Windows.Win32.System.RealTimeCommunications,IRTCBuddy2,102f9588-23e7-40e3-954d-cd7a1d5c0361,true,standard_derived,
Windows.Win32.System.RealTimeCommunications,IRTCBuddyEvent,f36d755d-17e6-404e-954f-0fc07574c78d,true,standard_derived,
Windows.Win32.System.RealTimeCommunications,IRTCBuddyEvent2,484a7f1e-73f0-4990-bfc2-60bc3978a720,true,standard_derived,
Windows.Win32.System.RealTimeCommunications,IRTCBuddyGroup,60361e68-9164-4389-a4c6-d0b3925bda5e,true,standard_derived,
Windows.Win32.System.RealTimeCommunications,IRTCBuddyGroupEvent,3a79e1d1-b736-4414-96f8-bbc7f08863e4,true,standard_derived,
Windows.Win32.System.RealTimeCommunications,IRTCClient,07829e45-9a34-408e-a011-bddf13487cd1,true,standard_derived,
Windows.Win32.System.RealTimeCommunications,IRTCClient2,0c91d71d-1064-42da-bfa5-572beb8eea84,true,standard_derived,
Windows.Win32.System.RealTimeCommunications,IRTCClientEvent,2b493b7a-3cba-4170-9c8b-76a9dacdd644,true,standard_derived,
Windows.Win32.System.RealTimeCommunications,IRTCClientPortManagement,d5df3f03-4bde-4417-aefe-71177bdaea66,true,standard_derived,
Windows.Win32.System.RealTimeCommunications,IRTCClientPresence,11c3cbcc-0744-42d1-968a-51aa1bb274c6,true,standard_derived,
Windows.Win32.System.RealTimeCommunications,IRTCClientPresence2,ad1809e8-62f7-4783-909a-29c9d2cb1d34,true,standard_derived,
Windows.Win32.System.RealTimeCommunications,IRTCClientProvisioning,b9f5cf06-65b9-4a80-a0e6-73cae3ef3822,true,standard_derived,
Windows.Win32.System.RealTimeCommunications,IRTCClientProvisioning2,a70909b5-f40e-4587-bb75-e6bc0845023e,true,standard_derived,
Windows.Win32.System.RealTimeCommunications,IRTCCollection,ec7c8096-b918-4044-94f1-e4fba0361d5c,true,standard_derived,
Windows.Win32.System.RealTimeCommunications,IRTCDispatchEventNotification,176ddfbe-fec0-4d55-bc87-84cff1ef7f91,true,standard_derived,
Windows.Win32.System.RealTimeCommunications,IRTCEnumBuddies,f7296917-5569-4b3b-b3af-98d1144b2b87,false,,safe_projection_incomplete
Windows.Win32.System.RealTimeCommunications,IRTCEnumGroups,742378d6-a141-4415-8f27-35d99076cf5d,false,,safe_projection_incomplete
Windows.Win32.System.RealTimeCommunications,IRTCEnumParticipants,fcd56f29-4a4f-41b2-ba5c-f5bccc060bf6,false,,safe_projection_incomplete
Windows.Win32.System.RealTimeCommunications,IRTCEnumPresenceDevices,708c2ab7-8bf8-42f8-8c7d-635197ad5539,false,,safe_projection_incomplete
Windows.Win32.System.RealTimeCommunications,IRTCEnumProfiles,29b7c41c-ed82-4bca-84ad-39d5101b58e3,false,,safe_projection_incomplete
Windows.Win32.System.RealTimeCommunications,IRTCEnumUserSearchResults,83d4d877-aa5d-4a5b-8d0e-002a8067e0e8,false,,safe_projection_incomplete
Windows.Win32.System.RealTimeCommunications,IRTCEnumWatchers,a87d55d7-db74-4ed1-9ca4-77a0e41b413e,false,,safe_projection_incomplete
Windows.Win32.System.RealTimeCommunications,IRTCEventNotification,13fa24c7-5748-4b21-91f5-7397609ce747,true,standard_derived,
Windows.Win32.System.RealTimeCommunications,IRTCInfoEvent,4e1d68ae-1912-4f49-b2c3-594fadfd425f,true,standard_derived,
Windows.Win32.System.RealTimeCommunications,IRTCIntensityEvent,4c23bf51-390c-4992-a41d-41eec05b2a4b,true,standard_derived,
Windows.Win32.System.RealTimeCommunications,IRTCMediaEvent,099944fb-bcda-453e-8c41-e13da2adf7f3,true,standard_derived,
Windows.Win32.System.RealTimeCommunications,IRTCMediaRequestEvent,52572d15-148c-4d97-a36c-2da55c289d63,true,standard_derived,
Windows.Win32.System.RealTimeCommunications,IRTCMessagingEvent,d3609541-1b29-4de5-a4ad-5aebaf319512,true,standard_derived,
Windows.Win32.System.RealTimeCommunications,IRTCParticipant,ae86add5-26b1-4414-af1d-b94cd938d739,true,standard_derived,
Windows.Win32.System.RealTimeCommunications,IRTCParticipantStateChangeEvent,09bcb597-f0fa-48f9-b420-468cea7fde04,true,standard_derived,
Windows.Win32.System.RealTimeCommunications,IRTCPortManager,da77c14b-6208-43ca-8ddf-5b60a0a69fac,true,standard_derived,
Windows.Win32.System.RealTimeCommunications,IRTCPresenceContact,8b22f92c-cd90-42db-a733-212205c3e3df,true,standard_derived,
Windows.Win32.System.RealTimeCommunications,IRTCPresenceDataEvent,38f0e78c-8b87-4c04-a82d-aedd83c909bb,true,standard_derived,
Windows.Win32.System.RealTimeCommunications,IRTCPresenceDevice,bc6a90dd-ad9a-48da-9b0c-2515e38521ad,true,standard_derived,
Windows.Win32.System.RealTimeCommunications,IRTCPresencePropertyEvent,f777f570-a820-49d5-86bd-e099493f1518,true,standard_derived,
Windows.Win32.System.RealTimeCommunications,IRTCPresenceStatusEvent,78673f32-4a0f-462c-89aa-ee7706707678,true,standard_derived,
Windows.Win32.System.RealTimeCommunications,IRTCProfile,d07eca9e-4062-4dd4-9e7d-722a49ba7303,true,standard_derived,
Windows.Win32.System.RealTimeCommunications,IRTCProfile2,4b81f84e-bdc7-4184-9154-3cb2dd7917fb,true,standard_derived,
Windows.Win32.System.RealTimeCommunications,IRTCProfileEvent,d6d5ab3b-770e-43e8-800a-79b062395fca,true,standard_derived,
Windows.Win32.System.RealTimeCommunications,IRTCProfileEvent2,62e56edc-03fa-4121-94fb-23493fd0ae64,true,standard_derived,
Windows.Win32.System.RealTimeCommunications,IRTCReInviteEvent,11558d84-204c-43e7-99b0-2034e9417f7d,true,standard_derived,
Windows.Win32.System.RealTimeCommunications,IRTCRegistrationStateChangeEvent,62d0991b-50ab-4f02-b948-ca94f26f8f95,true,standard_derived,
Windows.Win32.System.RealTimeCommunications,IRTCRoamingEvent,79960a6b-0cb1-4dc8-a805-7318e99902e8,true,standard_derived,
Windows.Win32.System.RealTimeCommunications,IRTCSession,387c8086-99be-42fb-9973-7c0fc0ca9fa8,true,standard_derived,
Windows.Win32.System.RealTimeCommunications,IRTCSession2,17d7cdfc-b007-484c-99d2-86a8a820991d,true,standard_derived,
Windows.Win32.System.RealTimeCommunications,IRTCSessionCallControl,e9a50d94-190b-4f82-9530-3b8ebf60758a,true,standard_derived,
Windows.Win32.System.RealTimeCommunications,IRTCSessionDescriptionManager,ba7f518e-d336-4070-93a6-865395c843f9,true,standard_derived,
Windows.Win32.System.RealTimeCommunications,IRTCSessionOperationCompleteEvent,a6bff4c0-f7c8-4d3c-9a41-3550f78a95b0,true,standard_derived,
Windows.Win32.System.RealTimeCommunications,IRTCSessionOperationCompleteEvent2,f6fc2a9b-d5bc-4241-b436-1b8460c13832,true,standard_derived,
Windows.Win32.System.RealTimeCommunications,IRTCSessionPortManagement,a072f1d6-0286-4e1f-85f2-17a2948456ec,true,standard_derived,
Windows.Win32.System.RealTimeCommunications,IRTCSessionReferStatusEvent,3d8fc2cd-5d76-44ab-bb68-2a80353b34a2,true,standard_derived,
Windows.Win32.System.RealTimeCommunications,IRTCSessionReferredEvent,176a6828-4fcc-4f28-a862-04597a6cf1c4,true,standard_derived,
Windows.Win32.System.RealTimeCommunications,IRTCSessionStateChangeEvent,b5bad703-5952-48b3-9321-7f4500521506,true,standard_derived,
Windows.Win32.System.RealTimeCommunications,IRTCSessionStateChangeEvent2,4f933171-6f95-4880-80d9-2ec8d495d261,true,standard_derived,
Windows.Win32.System.RealTimeCommunications,IRTCUserSearch,b619882b-860c-4db4-be1b-693b6505bbe5,true,standard_derived,
Windows.Win32.System.RealTimeCommunications,IRTCUserSearchQuery,288300f5-d23a-4365-9a73-9985c98c2881,true,standard_derived,
Windows.Win32.System.RealTimeCommunications,IRTCUserSearchResult,851278b2-9592-480f-8db5-2de86b26b54d,true,standard_derived,
Windows.Win32.System.RealTimeCommunications,IRTCUserSearchResultsEvent,d8c8c3cd-7fac-4088-81c5-c24cbc0938e3,true,standard_derived,
Windows.Win32.System.RealTimeCommunications,IRTCWatcher,c7cedad8-346b-4d1b-ac02-a2088df9be4f,true,standard_derived,
Windows.Win32.System.RealTimeCommunications,IRTCWatcher2,d4d9967f-d011-4b1d-91e3-aba78f96393d,true,standard_derived,
Windows.Win32.System.RealTimeCommunications,IRTCWatcherEvent,f30d7261-587a-424f-822c-312788f43548,true,standard_derived,
Windows.Win32.System.RealTimeCommunications,IRTCWatcherEvent2,e52891e8-188c-49af-b005-98ed13f83f9c,true,standard_derived,
Windows.Win32.System.RealTimeCommunications,ITransportSettingsInternal,5123e076-29e3-4bfd-84fe-0192d411e3e8,false,,nested_pointer_lifetime
Windows.Win32.System.RemoteAssistance,DRendezvousSessionEvents,3fa19cf8-64c4-4f53-ae60-635b3806eca6,true,standard_derived,
Windows.Win32.System.RemoteAssistance,IRendezvousApplication,4f4d070b-a275-49fb-b10d-8ec26387b50d,true,standard_derived,
Windows.Win32.System.RemoteAssistance,IRendezvousSession,9ba4b1dd-8b0c-48b7-9e7c-2f25857c8df5,true,standard_derived,
Windows.Win32.System.RemoteDesktop,IADsTSUserEx,c4930e79-2989-4462-8a60-2fcf2f2955ef,true,standard_derived,
Windows.Win32.System.RemoteDesktop,IAudioDeviceEndpoint,d4952f5a-a0b2-4cc4-8b82-9358488dd8ac,true,standard_derived,
Windows.Win32.System.RemoteDesktop,IAudioEndpoint,30a99515-1527-4451-af9f-00c5f0234daf,false,,external_pointee_storage
Windows.Win32.System.RemoteDesktop,IAudioEndpointControl,c684b72a-6df4-4774-bdf9-76b77509b653,true,standard_derived,
Windows.Win32.System.RemoteDesktop,IAudioEndpointRT,dfd2005f-a6e5-4d39-a265-939ada9fbb4d,true,standard_derived,
Windows.Win32.System.RemoteDesktop,IAudioInputEndpointRT,8026ab61-92b2-43c1-a1df-5c37ebd08d82,true,standard_derived,
Windows.Win32.System.RemoteDesktop,IAudioOutputEndpointRT,8fa906e4-c31c-4e31-932e-19a66385e9aa,true,standard_derived,
Windows.Win32.System.RemoteDesktop,IRemoteDesktopClient,57d25668-625a-4905-be4e-304caa13f89c,true,standard_derived,
Windows.Win32.System.RemoteDesktop,IRemoteDesktopClientActions,7d54bc4e-1028-45d4-8b0a-b9b6bffba176,true,standard_derived,
Windows.Win32.System.RemoteDesktop,IRemoteDesktopClientSettings,48a0f2a7-2713-431f-bbac-6f4558e7d64d,true,standard_derived,
Windows.Win32.System.RemoteDesktop,IRemoteDesktopClientTouchPointer,260ec22d-8cbc-44b5-9e88-2a37f6c93ae9,true,standard_derived,
Windows.Win32.System.RemoteDesktop,IRemoteSystemAdditionalInfoProvider,eeaa3d5f-ec63-4d27-af38-e86b1d7292cb,true,standard_derived,
Windows.Win32.System.RemoteDesktop,ITSGAccountingEngine,4ce2a0c9-e874-4f1a-86f4-06bbb9115338,false,,safe_projection_incomplete
Windows.Win32.System.RemoteDesktop,ITSGAuthenticateUserSink,2c3e2e73-a782-47f9-8dfb-77ee1ed27a03,true,standard_derived,
Windows.Win32.System.RemoteDesktop,ITSGAuthenticationEngine,9ee3e5bf-04ab-4691-998c-d7f622321a56,true,standard_derived,
Windows.Win32.System.RemoteDesktop,ITSGAuthorizeConnectionSink,c27ece33-7781-4318-98ef-1cf2da7b7005,true,standard_derived,
Windows.Win32.System.RemoteDesktop,ITSGAuthorizeResourceSink,feddfcd4-fa12-4435-ae55-7ad1a9779af7,true,standard_derived,
Windows.Win32.System.RemoteDesktop,ITSGPolicyEngine,8bc24f08-6223-42f4-a5b4-8e37cd135bbd,true,standard_derived,
Windows.Win32.System.RemoteDesktop,ITsSbBaseNotifySink,808a6537-1282-4989-9e09-f43938b71722,true,standard_derived,
Windows.Win32.System.RemoteDesktop,ITsSbClientConnection,18857499-ad61-4b1b-b7df-cbcd41fb8338,false,,missing_allocator
Windows.Win32.System.RemoteDesktop,ITsSbClientConnectionPropertySet,e51995b0-46d6-11dd-aa21-cedc55d89593,false,,safe_projection_incomplete
Windows.Win32.System.RemoteDesktop,ITsSbEnvironment,8c87f7f7-bf51-4a5c-87bf-8e94fb6e2256,true,standard_derived,
Windows.Win32.System.RemoteDesktop,ITsSbEnvironmentPropertySet,d0d1bf7e-7acf-11dd-a243-e51156d89593,false,,safe_projection_incomplete
Windows.Win32.System.RemoteDesktop,ITsSbFilterPluginStore,85b44b0f-ed78-413f-9702-fa6d3b5ee755,true,standard_derived,
Windows.Win32.System.RemoteDesktop,ITsSbGenericNotifySink,4c4c8c4f-300b-46ad-9164-8468a7e7568c,true,standard_derived,
Windows.Win32.System.RemoteDesktop,ITsSbGlobalStore,9ab60f7b-bd72-4d9f-8a3a-a0ea5574e635,false,,safe_projection_incomplete
Windows.Win32.System.RemoteDesktop,ITsSbLoadBalanceResult,24fdb7ac-fea6-11dc-9672-9a8956d89593,true,standard_derived,
Windows.Win32.System.RemoteDesktop,ITsSbLoadBalancing,24329274-9eb7-11dc-ae98-f2b456d89593,true,standard_derived,
Windows.Win32.System.RemoteDesktop,ITsSbLoadBalancingNotifySink,5f8a8297-3244-4e6a-958a-27c822c1e141,true,standard_derived,
Windows.Win32.System.RemoteDesktop,ITsSbOrchestration,64fc1172-9eb7-11dc-8b00-3aba56d89593,true,standard_derived,
Windows.Win32.System.RemoteDesktop,ITsSbOrchestrationNotifySink,36c37d61-926b-442f-bca5-118c6d50dcf2,true,standard_derived,
Windows.Win32.System.RemoteDesktop,ITsSbPlacement,daadee5f-6d32-480e-9e36-ddab2329f06d,true,standard_derived,
Windows.Win32.System.RemoteDesktop,ITsSbPlacementNotifySink,68a0c487-2b4f-46c2-94a1-6ce685183634,true,standard_derived,
Windows.Win32.System.RemoteDesktop,ITsSbPlugin,48cd7406-caab-465f-a5d6-baa863b9ea4f,true,standard_derived,
Windows.Win32.System.RemoteDesktop,ITsSbPluginNotifySink,44dfe30b-c3be-40f5-bf82-7a95bb795adf,true,standard_derived,
Windows.Win32.System.RemoteDesktop,ITsSbPluginPropertySet,95006e34-7eff-4b6c-bb40-49a4fda7cea6,false,,safe_projection_incomplete
Windows.Win32.System.RemoteDesktop,ITsSbPropertySet,5c025171-bb1e-4baf-a212-6d5e9774b33b,false,,safe_projection_incomplete
Windows.Win32.System.RemoteDesktop,ITsSbProvider,87a4098f-6d7b-44dd-bc17-8ce44e370d52,true,standard_derived,
Windows.Win32.System.RemoteDesktop,ITsSbProvisioning,2f6f0dbb-9e4f-462b-9c3f-fccc3dcb6232,true,standard_derived,
Windows.Win32.System.RemoteDesktop,ITsSbProvisioningPluginNotifySink,aca87a8e-818b-4581-a032-49c3dfb9c701,true,standard_derived,
Windows.Win32.System.RemoteDesktop,ITsSbResourceNotification,65d3e85a-c39b-11dc-b92d-3cd255d89593,true,standard_derived,
Windows.Win32.System.RemoteDesktop,ITsSbResourceNotificationEx,a8a47fde-ca91-44d2-b897-3aa28a43b2b7,true,standard_derived,
Windows.Win32.System.RemoteDesktop,ITsSbResourcePlugin,ea8db42c-98ed-4535-a88b-2a164f35490f,true,standard_derived,
Windows.Win32.System.RemoteDesktop,ITsSbResourcePluginStore,5c38f65f-bcf1-4036-a6bf-9e3cccae0b63,false,,safe_projection_incomplete
Windows.Win32.System.RemoteDesktop,ITsSbServiceNotification,86cb68ae-86e0-4f57-8a64-bb7406bc5550,true,standard_derived,
Windows.Win32.System.RemoteDesktop,ITsSbSession,d453aac7-b1d8-4c5e-ba34-9afb4c8c5510,true,standard_derived,
Windows.Win32.System.RemoteDesktop,ITsSbTarget,16616ecc-272d-411d-b324-126893033856,false,,safe_projection_incomplete
Windows.Win32.System.RemoteDesktop,ITsSbTargetPropertySet,f7bda5d6-994c-4e11-a079-2763b61830ac,false,,safe_projection_incomplete
Windows.Win32.System.RemoteDesktop,ITsSbTaskInfo,523d1083-89be-48dd-99ea-04e82ffa7265,true,exact_registry_dependent,
Windows.Win32.System.RemoteDesktop,ITsSbTaskPlugin,fa22ef0f-8705-41be-93bc-44bdbcf1c9c4,true,standard_derived,
Windows.Win32.System.RemoteDesktop,ITsSbTaskPluginNotifySink,6aaf899e-c2ec-45ee-aa37-45e60895261a,true,exact_registry_dependent,
Windows.Win32.System.RemoteDesktop,IWRdsEnhancedFastReconnectArbitrator,5718ae9b-47f2-499f-b634-d8175bd51131,true,standard_derived,
Windows.Win32.System.RemoteDesktop,IWRdsGraphicsChannel,684b7a0b-edff-43ad-d5a2-4a8d5388f401,true,standard_derived,
Windows.Win32.System.RemoteDesktop,IWRdsGraphicsChannelEvents,67f2368c-d674-4fae-66a5-d20628a640d2,true,standard_derived,
Windows.Win32.System.RemoteDesktop,IWRdsGraphicsChannelManager,0fd57159-e83e-476a-a8b9-4a7976e71e18,true,standard_derived,
Windows.Win32.System.RemoteDesktop,IWRdsProtocolConnection,324ed94f-fdaf-4ff6-81a8-42abe755830b,false,,incomplete_pointee_layout_for_storage
Windows.Win32.System.RemoteDesktop,IWRdsProtocolConnection2,c2bd9b66-4a76-4701-b6a3-bfafc1482169,false,,incomplete_pointee_layout_for_storage
Windows.Win32.System.RemoteDesktop,IWRdsProtocolConnectionCallback,f1d70332-d070-4ef1-a088-78313536c2d6,true,standard_derived,
Windows.Win32.System.RemoteDesktop,IWRdsProtocolConnectionSettings,83fcf5d3-f6f4-ea94-9cd2-32f280e1e510,false,,incomplete_pointee_layout_for_storage
Windows.Win32.System.RemoteDesktop,IWRdsProtocolLicenseConnection,1d6a145f-d095-4424-957a-407fae822d84,true,standard_derived,
Windows.Win32.System.RemoteDesktop,IWRdsProtocolListener,fcbc131b-c686-451d-a773-e279e230f540,false,,incomplete_pointee_layout_for_storage
Windows.Win32.System.RemoteDesktop,IWRdsProtocolListenerCallback,3ab27e5b-4449-4dc1-b74a-91621d4fe984,false,,external_pointee_storage
Windows.Win32.System.RemoteDesktop,IWRdsProtocolLogonErrorRedirector,519fe83b-142a-4120-a3d5-a405d315281a,true,standard_derived,
Windows.Win32.System.RemoteDesktop,IWRdsProtocolManager,dc796967-3abb-40cd-a446-105276b58950,false,,external_pointee_storage
Windows.Win32.System.RemoteDesktop,IWRdsProtocolSettings,654a5a6a-2550-47eb-b6f7-ebd637475265,false,,incomplete_pointee_layout_for_storage
Windows.Win32.System.RemoteDesktop,IWRdsProtocolShadowCallback,e0667ce0-0372-40d6-adb2-a0f3322674d6,true,standard_derived,
Windows.Win32.System.RemoteDesktop,IWRdsProtocolShadowConnection,9ae85ce6-cade-4548-8feb-99016597f60a,true,standard_derived,
Windows.Win32.System.RemoteDesktop,IWRdsWddmIddProps,1382df4d-a289-43d1-a184-144726f9af90,true,standard_derived,
Windows.Win32.System.RemoteDesktop,IWRdsWddmIddProps1,60f71b1a-3682-4bc7-997e-4e4f02a08148,true,standard_derived,
Windows.Win32.System.RemoteDesktop,IWTSBitmapRenderService,ea326091-05fe-40c1-b49c-3d2ef4626a0e,true,standard_derived,
Windows.Win32.System.RemoteDesktop,IWTSBitmapRenderer,5b7acc97-f3c9-46f7-8c5b-fa685d3441b1,true,standard_derived,
Windows.Win32.System.RemoteDesktop,IWTSBitmapRendererCallback,d782928e-fe4e-4e77-ae90-9cd0b3e3b353,true,standard_derived,
Windows.Win32.System.RemoteDesktop,IWTSListener,a1230206-9a39-4d58-8674-cdb4dff4e73b,true,standard_derived,
Windows.Win32.System.RemoteDesktop,IWTSListenerCallback,a1230203-d6a7-11d8-b9fd-000bdbd1f198,true,standard_derived,
Windows.Win32.System.RemoteDesktop,IWTSPlugin,a1230201-1439-4e62-a414-190d0ac3d40e,true,standard_derived,
Windows.Win32.System.RemoteDesktop,IWTSPluginServiceProvider,d3e07363-087c-476c-86a7-dbb15f46ddb4,true,standard_derived,
Windows.Win32.System.RemoteDesktop,IWTSProtocolConnection,23083765-9095-4648-98bf-ef81c914032d,false,,incomplete_pointee_layout_for_storage
Windows.Win32.System.RemoteDesktop,IWTSProtocolConnectionCallback,23083765-75eb-41fe-b4fb-e086242afa0f,true,standard_derived,
Windows.Win32.System.RemoteDesktop,IWTSProtocolLicenseConnection,23083765-178c-4079-8e4a-fea6496a4d70,true,standard_derived,
Windows.Win32.System.RemoteDesktop,IWTSProtocolListener,23083765-45f0-4394-8f69-32b2bc0ef4ca,true,standard_derived,
Windows.Win32.System.RemoteDesktop,IWTSProtocolListenerCallback,23083765-1a2d-4de2-97de-4a35f260f0b3,true,standard_derived,
Windows.Win32.System.RemoteDesktop,IWTSProtocolLogonErrorRedirector,fd9b61a7-2916-4627-8dee-4328711ad6cb,true,standard_derived,
Windows.Win32.System.RemoteDesktop,IWTSProtocolManager,f9eaf6cc-ed79-4f01-821d-1f881b9f66cc,true,standard_derived,
Windows.Win32.System.RemoteDesktop,IWTSProtocolShadowCallback,503a2504-aae5-4ab1-93e0-6d1c4bc6f71a,true,standard_derived,
Windows.Win32.System.RemoteDesktop,IWTSProtocolShadowConnection,ee3b0c14-37fb-456b-bab3-6d6cd51e13bf,true,standard_derived,
Windows.Win32.System.RemoteDesktop,IWTSSBPlugin,dc44be78-b18d-4399-b210-641bf67a002c,false,,safe_projection_incomplete
Windows.Win32.System.RemoteDesktop,IWTSVirtualChannel,a1230207-d6a7-11d8-b9fd-000bdbd1f198,true,standard_derived,
Windows.Win32.System.RemoteDesktop,IWTSVirtualChannelCallback,a1230204-d6a7-11d8-b9fd-000bdbd1f198,true,standard_derived,
Windows.Win32.System.RemoteDesktop,IWTSVirtualChannelManager,a1230205-d6a7-11d8-b9fd-000bdbd1f198,true,standard_derived,
Windows.Win32.System.RemoteDesktop,IWorkspace,b922bbb8-4c55-4fea-8496-beb0b44285e5,true,exact_registry_dependent,
Windows.Win32.System.RemoteDesktop,IWorkspace2,96d8d7cf-783e-4286-834c-ebc0e95f783c,true,exact_registry_dependent,
Windows.Win32.System.RemoteDesktop,IWorkspace3,1becbe4a-d654-423b-afeb-be8d532c13c6,true,exact_registry_dependent,
Windows.Win32.System.RemoteDesktop,IWorkspaceClientExt,12b952f4-41ca-4f21-a829-a6d07d9a16e5,true,standard_derived,
Windows.Win32.System.RemoteDesktop,IWorkspaceRegistration,b922bbb8-4c55-4fea-8496-beb0b44285e6,true,standard_derived,
Windows.Win32.System.RemoteDesktop,IWorkspaceRegistration2,cf59f654-39bb-44d8-94d0-4635728957e9,true,standard_derived,
Windows.Win32.System.RemoteDesktop,IWorkspaceReportMessage,a7c06739-500f-4e8c-99a8-2bd6955899eb,true,standard_derived,
Windows.Win32.System.RemoteDesktop,IWorkspaceResTypeRegistry,1d428c79-6e2e-4351-a361-c0401a03a0ba,true,exact_registry_dependent,
Windows.Win32.System.RemoteDesktop,IWorkspaceScriptable,efea49a2-dda5-429d-8f42-b23b92c4c347,true,standard_derived,
Windows.Win32.System.RemoteDesktop,IWorkspaceScriptable2,efea49a2-dda5-429d-8f42-b33ba2c4c348,true,standard_derived,
Windows.Win32.System.RemoteDesktop,IWorkspaceScriptable3,531e6512-2cbf-4bd2-80a5-d90a71636a9a,true,standard_derived,
Windows.Win32.System.RemoteDesktop,ItsPubPlugin,70c04b05-f347-412b-822f-36c99c54ca45,false,,missing_allocator
Windows.Win32.System.RemoteDesktop,ItsPubPlugin2,fa4ce418-aad7-4ec6-bad1-0a321ba465d5,false,,missing_allocator
Windows.Win32.System.RemoteDesktop,_ITSWkspEvents,b922bbb8-4c55-4fea-8496-beb0b44285e9,true,standard_derived,
Windows.Win32.System.RemoteManagement,IWSMan,190d8637-5cd3-496d-ad24-69636bb5a3b5,true,standard_derived,
Windows.Win32.System.RemoteManagement,IWSManConnectionOptions,f704e861-9e52-464f-b786-da5eb2320fdd,true,standard_derived,
Windows.Win32.System.RemoteManagement,IWSManConnectionOptionsEx,ef43edf7-2a48-4d93-9526-8bd6ab6d4a6b,true,standard_derived,
Windows.Win32.System.RemoteManagement,IWSManConnectionOptionsEx2,f500c9ec-24ee-48ab-b38d-fc9a164c658e,true,standard_derived,
Windows.Win32.System.RemoteManagement,IWSManEnumerator,f3457ca9-abb9-4fa5-b850-90e8ca300e7f,true,standard_derived,
Windows.Win32.System.RemoteManagement,IWSManEx,2d53bdaa-798e-49e6-a1aa-74d01256f411,true,standard_derived,
Windows.Win32.System.RemoteManagement,IWSManEx2,1d1b5ae0-42d9-4021-8261-3987619512e9,true,standard_derived,
Windows.Win32.System.RemoteManagement,IWSManEx3,6400e966-011d-4eac-8474-049e0848afad,true,standard_derived,
Windows.Win32.System.RemoteManagement,IWSManInternal,04ae2b1d-9954-4d99-94a9-a961e72c3a13,true,standard_derived,
Windows.Win32.System.RemoteManagement,IWSManResourceLocator,a7a1ba28-de41-466a-ad0a-c4059ead7428,true,standard_derived,
Windows.Win32.System.RemoteManagement,IWSManResourceLocatorInternal,effaead7-7ec8-4716-b9be-f2e7e9fb4adb,true,standard_derived,
Windows.Win32.System.RemoteManagement,IWSManSession,fc84fc58-1286-40c4-9da0-c8ef6ec241e0,true,standard_derived,
Windows.Win32.System.Search,DataSource,7c0ffab3-cd84-11d0-949a-00a0c91110ed,false,,missing_allocator
Windows.Win32.System.Search,DataSourceListener,7c0ffab2-cd84-11d0-949a-00a0c91110ed,true,standard_derived,
Windows.Win32.System.Search,DataSourceObject,0ae9a4e4-18d4-11d1-b3b3-00aa00c1a924,true,standard_derived,
Windows.Win32.System.Search,IAccessor,0c733a8c-2a1c-11ce-ade5-00aa0044773d,false,,external_pointee_storage
Windows.Win32.System.Search,IAlterIndex,0c733aa6-2a1c-11ce-ade5-00aa0044773d,false,,external_pointee_storage
Windows.Win32.System.Search,IAlterTable,0c733aa5-2a1c-11ce-ade5-00aa0044773d,false,,external_pointee_storage
Windows.Win32.System.Search,IBindResource,0c733ab1-2a1c-11ce-ade5-00aa0044773d,false,,incomplete_pointee_layout_for_storage
Windows.Win32.System.Search,IChapteredRowset,0c733a93-2a1c-11ce-ade5-00aa0044773d,true,standard_derived,
Windows.Win32.System.Search,IColumnMapper,0b63e37a-9ccc-11d0-bcdb-00805fccce04,false,,external_pointee_storage
Windows.Win32.System.Search,IColumnMapperCreator,0b63e37b-9ccc-11d0-bcdb-00805fccce04,true,standard_derived,
Windows.Win32.System.Search,IColumnsInfo,0c733a11-2a1c-11ce-ade5-00aa0044773d,false,,external_pointee_storage
Windows.Win32.System.Search,IColumnsInfo2,0c733ab8-2a1c-11ce-ade5-00aa0044773d,false,,external_pointee_storage
Windows.Win32.System.Search,IColumnsRowset,0c733a10-2a1c-11ce-ade5-00aa0044773d,false,,external_pointee_storage
Windows.Win32.System.Search,ICommand,0c733a63-2a1c-11ce-ade5-00aa0044773d,false,,nested_pointer_lifetime
Windows.Win32.System.Search,ICommandCost,0c733a4e-2a1c-11ce-ade5-00aa0044773d,false,,missing_allocator
Windows.Win32.System.Search,ICommandPersist,0c733aa7-2a1c-11ce-ade5-00aa0044773d,false,,external_pointee_storage
Windows.Win32.System.Search,ICommandPrepare,0c733a26-2a1c-11ce-ade5-00aa0044773d,true,standard_derived,
Windows.Win32.System.Search,ICommandProperties,0c733a79-2a1c-11ce-ade5-00aa0044773d,false,,external_pointee_storage
Windows.Win32.System.Search,ICommandStream,0c733abf-2a1c-11ce-ade5-00aa0044773d,false,,safe_projection_incomplete
Windows.Win32.System.Search,ICommandText,0c733a27-2a1c-11ce-ade5-00aa0044773d,false,,missing_allocator
Windows.Win32.System.Search,ICommandValidate,0c733a18-2a1c-11ce-ade5-00aa0044773d,true,standard_derived,
Windows.Win32.System.Search,ICommandWithParameters,0c733a64-2a1c-11ce-ade5-00aa0044773d,false,,external_pointee_storage
Windows.Win32.System.Search,ICondition,0fc988d4-c935-4b97-a973-46282ea175c8,false,,missing_allocator
Windows.Win32.System.Search,ICondition2,0db8851d-2e5b-47eb-9208-d28c325a01d7,false,,missing_allocator
Windows.Win32.System.Search,IConditionFactory,a5efe073-b16f-474f-9f3e-9f8b497a3e08,true,standard_derived,
Windows.Win32.System.Search,IConditionFactory2,71d222e1-432f-429e-8c13-b6dafde5077a,false,,missing_allocator
Windows.Win32.System.Search,IConditionGenerator,92d2cc58-4386-45a3-b98c-7e0ce64a4117,false,,missing_allocator
Windows.Win32.System.Search,IConvertType,0c733a88-2a1c-11ce-ade5-00aa0044773d,true,standard_derived,
Windows.Win32.System.Search,ICreateRow,0c733ab2-2a1c-11ce-ade5-00aa0044773d,false,,incomplete_pointee_layout_for_storage
Windows.Win32.System.Search,IDBAsynchNotify,0c733a96-2a1c-11ce-ade5-00aa0044773d,true,standard_derived,
Windows.Win32.System.Search,IDBAsynchStatus,0c733a95-2a1c-11ce-ade5-00aa0044773d,false,,missing_allocator
Windows.Win32.System.Search,IDBBinderProperties,0c733ab3-2a1c-11ce-ade5-00aa0044773d,false,,external_pointee_storage
Windows.Win32.System.Search,IDBCreateCommand,0c733a1d-2a1c-11ce-ade5-00aa0044773d,true,standard_derived,
Windows.Win32.System.Search,IDBCreateSession,0c733a5d-2a1c-11ce-ade5-00aa0044773d,true,standard_derived,
Windows.Win32.System.Search,IDBDataSourceAdmin,0c733a7a-2a1c-11ce-ade5-00aa0044773d,false,,external_pointee_storage
Windows.Win32.System.Search,IDBInfo,0c733a89-2a1c-11ce-ade5-00aa0044773d,false,,missing_allocator
Windows.Win32.System.Search,IDBInitialize,0c733a8b-2a1c-11ce-ade5-00aa0044773d,true,standard_derived,
Windows.Win32.System.Search,IDBPromptInitialize,2206ccb0-19c1-11d1-89e0-00c04fd7a829,false,,missing_allocator
Windows.Win32.System.Search,IDBProperties,0c733a8a-2a1c-11ce-ade5-00aa0044773d,false,,external_pointee_storage
Windows.Win32.System.Search,IDBSchemaCommand,0c733a50-2a1c-11ce-ade5-00aa0044773d,false,,missing_allocator
Windows.Win32.System.Search,IDBSchemaRowset,0c733a7b-2a1c-11ce-ade5-00aa0044773d,false,,external_pointee_storage
Windows.Win32.System.Search,IDCInfo,0c733a9c-2a1c-11ce-ade5-00aa0044773d,false,,external_pointee_storage
Windows.Win32.System.Search,IDataConvert,0c733a8d-2a1c-11ce-ade5-00aa0044773d,false,,external_pointee_storage
Windows.Win32.System.Search,IDataInitialize,2206ccb1-19c1-11d1-89e0-00c04fd7a829,false,,incomplete_pointee_layout_for_storage
Windows.Win32.System.Search,IDataSourceLocator,2206ccb2-19c1-11d1-89e0-00c04fd7a829,false,,missing_handle_ownership
Windows.Win32.System.Search,IEntity,24264891-e80b-4fd3-b7ce-4ff2fae8931f,false,,missing_allocator
Windows.Win32.System.Search,IEnumItemProperties,f72c8d96-6dbd-11d1-a1e8-00c04fc2fbe1,false,,incomplete_pointee_layout_for_storage
Windows.Win32.System.Search,IEnumSearchRoots,ab310581-ac80-11d1-8df3-00c04fb6ef52,true,exact_registry_dependent,
Windows.Win32.System.Search,IEnumSearchScopeRules,ab310581-ac80-11d1-8df3-00c04fb6ef54,true,exact_registry_dependent,
Windows.Win32.System.Search,IEnumSubscription,f72c8d97-6dbd-11d1-a1e8-00c04fc2fbe1,true,standard_derived,
Windows.Win32.System.Search,IErrorLookup,0c733a66-2a1c-11ce-ade5-00aa0044773d,true,standard_derived,
Windows.Win32.System.Search,IErrorRecords,0c733a67-2a1c-11ce-ade5-00aa0044773d,false,,incomplete_pointee_layout_for_storage
Windows.Win32.System.Search,IGetDataSource,0c733a75-2a1c-11ce-ade5-00aa0044773d,true,standard_derived,
Windows.Win32.System.Search,IGetRow,0c733aaf-2a1c-11ce-ade5-00aa0044773d,false,,missing_allocator
Windows.Win32.System.Search,IGetSession,0c733aba-2a1c-11ce-ade5-00aa0044773d,true,standard_derived,
Windows.Win32.System.Search,IGetSourceRow,0c733abb-2a1c-11ce-ade5-00aa0044773d,true,standard_derived,
Windows.Win32.System.Search,IIndexDefinition,0c733a68-2a1c-11ce-ade5-00aa0044773d,false,,external_pointee_storage
Windows.Win32.System.Search,IInterval,6bf0a714-3c18-430b-8b5d-83b1c234d3db,true,standard_derived,
Windows.Win32.System.Search,ILoadFilter,c7310722-ac80-11d1-8df3-00c04fb6ef4f,false,,missing_allocator
Windows.Win32.System.Search,ILoadFilterWithPrivateComActivation,40bdbd34-780b-48d3-9bb6-12ebd4ad2e75,false,,missing_allocator
Windows.Win32.System.Search,IMDDataset,a07cccd1-8148-11d0-87bb-00c04fc33942,false,,external_pointee_storage
Windows.Win32.System.Search,IMDFind,a07cccd2-8148-11d0-87bb-00c04fc33942,true,standard_derived,
Windows.Win32.System.Search,IMDRangeRowset,0c733aa0-2a1c-11ce-ade5-00aa0044773d,false,,external_pointee_storage
Windows.Win32.System.Search,IMetaData,780102b0-c43b-4876-bc7b-5e9ba5c88794,false,,missing_allocator
Windows.Win32.System.Search,IMultipleResults,0c733a90-2a1c-11ce-ade5-00aa0044773d,true,standard_derived,
Windows.Win32.System.Search,INamedEntity,abdbd0b1-7d54-49fb-ab5c-bff4130004cd,false,,missing_allocator
Windows.Win32.System.Search,INamedEntityCollector,af2440f6-8afc-47d0-9a7f-396a0acfb43d,true,standard_derived,
Windows.Win32.System.Search,IObjectAccessControl,0c733aa3-2a1c-11ce-ade5-00aa0044773d,false,,external_pointee_storage
Windows.Win32.System.Search,IOpLockStatus,c731065d-ac80-11d1-8df3-00c04fb6ef4f,false,,missing_handle_ownership
Windows.Win32.System.Search,IOpenRowset,0c733a69-2a1c-11ce-ade5-00aa0044773d,false,,external_pointee_storage
Windows.Win32.System.Search,IParentRowset,0c733aaa-2a1c-11ce-ade5-00aa0044773d,true,standard_derived,
Windows.Win32.System.Search,IProtocolHandlerSite,0b63e385-9ccc-11d0-bcdb-00805fccce04,true,standard_derived,
Windows.Win32.System.Search,IProvideMoniker,0c733a4d-2a1c-11ce-ade5-00aa0044773d,true,standard_derived,
Windows.Win32.System.Search,IQueryParser,2ebdee67-3505-43f8-9946-ea44abc8e5b0,false,,missing_allocator
Windows.Win32.System.Search,IQueryParserManager,a879e3c4-af77-44fb-8f37-ebd1487cf920,true,standard_derived,
Windows.Win32.System.Search,IQuerySolution,d6ebc66b-8921-4193-afdd-a1789fb7ff57,false,,missing_allocator
Windows.Win32.System.Search,IReadData,0c733a6a-2a1c-11ce-ade5-00aa0044773d,false,,missing_allocator
Windows.Win32.System.Search,IRegisterProvider,0c733ab9-2a1c-11ce-ade5-00aa0044773d,true,standard_derived,
Windows.Win32.System.Search,IRelationship,2769280b-5108-498c-9c7f-a51239b63147,false,,missing_allocator
Windows.Win32.System.Search,IRichChunk,4fdef69c-dbc9-454e-9910-b34f3c64b510,false,,missing_allocator
Windows.Win32.System.Search,IRow,0c733ab4-2a1c-11ce-ade5-00aa0044773d,false,,incomplete_pointee_layout_for_storage
Windows.Win32.System.Search,IRowChange,0c733ab5-2a1c-11ce-ade5-00aa0044773d,false,,external_pointee_storage
Windows.Win32.System.Search,IRowPosition,0c733a94-2a1c-11ce-ade5-00aa0044773d,true,standard_derived,
Windows.Win32.System.Search,IRowPositionChange,0997a571-126e-11d0-9f8a-00a0c9a0631e,true,standard_derived,
Windows.Win32.System.Search,IRowSchemaChange,0c733aae-2a1c-11ce-ade5-00aa0044773d,false,,incomplete_pointee_layout_for_storage
Windows.Win32.System.Search,IRowset,0c733a7c-2a1c-11ce-ade5-00aa0044773d,false,,external_pointee_storage
Windows.Win32.System.Search,IRowsetAsynch,0c733a0f-2a1c-11ce-ade5-00aa0044773d,true,standard_derived,
Windows.Win32.System.Search,IRowsetBookmark,0c733ac2-2a1c-11ce-ade5-00aa0044773d,true,standard_derived,
Windows.Win32.System.Search,IRowsetChange,0c733a05-2a1c-11ce-ade5-00aa0044773d,true,standard_derived,
Windows.Win32.System.Search,IRowsetChangeExtInfo,0c733a8f-2a1c-11ce-ade5-00aa0044773d,true,standard_derived,
Windows.Win32.System.Search,IRowsetChapterMember,0c733aa8-2a1c-11ce-ade5-00aa0044773d,true,standard_derived,
Windows.Win32.System.Search,IRowsetCopyRows,0c733a6b-2a1c-11ce-ade5-00aa0044773d,true,standard_derived,
Windows.Win32.System.Search,IRowsetCurrentIndex,0c733abd-2a1c-11ce-ade5-00aa0044773d,false,,external_pointee_storage
Windows.Win32.System.Search,IRowsetEvents,1551aea5-5d66-4b11-86f5-d5634cb211b9,true,standard_derived,
Windows.Win32.System.Search,IRowsetExactScroll,0c733a7f-2a1c-11ce-ade5-00aa0044773d,false,,external_pointee_storage
Windows.Win32.System.Search,IRowsetFastLoad,5cf4ca13-ef21-11d0-97e7-00c04fc2ad98,false,,external_pointee_storage
Windows.Win32.System.Search,IRowsetFind,0c733a9d-2a1c-11ce-ade5-00aa0044773d,false,,external_pointee_storage
Windows.Win32.System.Search,IRowsetIdentity,0c733a09-2a1c-11ce-ade5-00aa0044773d,true,standard_derived,
Windows.Win32.System.Search,IRowsetIndex,0c733a82-2a1c-11ce-ade5-00aa0044773d,false,,external_pointee_storage
Windows.Win32.System.Search,IRowsetInfo,0c733a55-2a1c-11ce-ade5-00aa0044773d,false,,external_pointee_storage
Windows.Win32.System.Search,IRowsetKeys,0c733a12-2a1c-11ce-ade5-00aa0044773d,false,,missing_allocator
Windows.Win32.System.Search,IRowsetLocate,0c733a7d-2a1c-11ce-ade5-00aa0044773d,false,,external_pointee_storage
Windows.Win32.System.Search,IRowsetNewRowAfter,0c733a71-2a1c-11ce-ade5-00aa0044773d,true,standard_derived,
Windows.Win32.System.Search,IRowsetNextRowset,0c733a72-2a1c-11ce-ade5-00aa0044773d,true,standard_derived,
Windows.Win32.System.Search,IRowsetNotify,0c733a83-2a1c-11ce-ade5-00aa0044773d,true,standard_derived,
Windows.Win32.System.Search,IRowsetPrioritization,42811652-079d-481b-87a2-09a69ecc5f44,true,standard_derived,
Windows.Win32.System.Search,IRowsetQueryStatus,a7ac77ed-f8d7-11ce-a798-0020f8008024,true,standard_derived,
Windows.Win32.System.Search,IRowsetRefresh,0c733aa9-2a1c-11ce-ade5-00aa0044773d,false,,external_pointee_storage
Windows.Win32.System.Search,IRowsetResynch,0c733a84-2a1c-11ce-ade5-00aa0044773d,false,,external_pointee_storage
Windows.Win32.System.Search,IRowsetScroll,0c733a7e-2a1c-11ce-ade5-00aa0044773d,false,,external_pointee_storage
Windows.Win32.System.Search,IRowsetUpdate,0c733a6d-2a1c-11ce-ade5-00aa0044773d,false,,external_pointee_storage
Windows.Win32.System.Search,IRowsetView,0c733a99-2a1c-11ce-ade5-00aa0044773d,true,standard_derived,
Windows.Win32.System.Search,IRowsetWatchAll,0c733a73-2a1c-11ce-ade5-00aa0044773d,true,standard_derived,
Windows.Win32.System.Search,IRowsetWatchNotify,0c733a44-2a1c-11ce-ade5-00aa0044773d,true,standard_derived,
Windows.Win32.System.Search,IRowsetWatchRegion,0c733a45-2a1c-11ce-ade5-00aa0044773d,false,,missing_allocator
Windows.Win32.System.Search,IRowsetWithParameters,0c733a6e-2a1c-11ce-ade5-00aa0044773d,false,,external_pointee_storage
Windows.Win32.System.Search,ISQLErrorInfo,0c733a74-2a1c-11ce-ade5-00aa0044773d,true,standard_derived,
Windows.Win32.System.Search,ISQLGetDiagField,228972f1-b5ff-11d0-8a80-00c04fd611cd,false,,incomplete_pointee_layout_for_storage
Windows.Win32.System.Search,ISQLRequestDiagFields,228972f0-b5ff-11d0-8a80-00c04fd611cd,true,standard_derived,
Windows.Win32.System.Search,ISQLServerErrorInfo,5cf4ca12-ef21-11d0-97e7-00c04fc2ad98,false,,missing_allocator
Windows.Win32.System.Search,ISchemaLocalizerSupport,ca3fdca2-bfbe-4eed-90d7-0caef0a1bda1,false,,missing_allocator
Windows.Win32.System.Search,ISchemaLock,4c2389fb-2511-11d4-b258-00c04f7971ce,false,,incomplete_pointee_layout_for_storage
Windows.Win32.System.Search,ISchemaProvider,8cf89bcb-394c-49b2-ae28-a59dd4ed7f68,false,,missing_allocator
Windows.Win32.System.Search,IScopedOperations,0c733ab0-2a1c-11ce-ade5-00aa0044773d,false,,incomplete_pointee_layout_for_storage
Windows.Win32.System.Search,ISearchCatalogManager,ab310581-ac80-11d1-8df3-00c04fb6ef50,false,,missing_allocator
Windows.Win32.System.Search,ISearchCatalogManager2,7ac3286d-4d1d-4817-84fc-c1c85e3af0d9,false,,missing_allocator
Windows.Win32.System.Search,ISearchCatalogManager3,de837e8f-634f-4ab0-bdfc-9fc3a1fc50dc,false,,missing_allocator
Windows.Win32.System.Search,ISearchCrawlScopeManager,ab310581-ac80-11d1-8df3-00c04fb6ef55,true,standard_derived,
Windows.Win32.System.Search,ISearchCrawlScopeManager2,6292f7ad-4e19-4717-a534-8fc22bcd5ccd,false,,missing_allocator
Windows.Win32.System.Search,ISearchItemsChangedSink,ab310581-ac80-11d1-8df3-00c04fb6ef58,true,standard_derived,
Windows.Win32.System.Search,ISearchLanguageSupport,24c3cbaa-ebc1-491a-9ef1-9f6d8deb1b8f,true,standard_derived,
Windows.Win32.System.Search,ISearchManager,ab310581-ac80-11d1-8df3-00c04fb6ef69,false,,missing_allocator
Windows.Win32.System.Search,ISearchManager2,dbab3f73-db19-4a79-bfc0-a61a93886ddf,false,,missing_allocator
Windows.Win32.System.Search,ISearchNotifyInlineSite,b5702e61-e75c-4b64-82a1-6cb4f832fccf,true,standard_derived,
Windows.Win32.System.Search,ISearchPersistentItemsChangedSink,a2ffdf9b-4758-4f84-b729-df81a1a0612f,true,standard_derived,
Windows.Win32.System.Search,ISearchProtocol,c73106ba-ac80-11d1-8df3-00c04fb6ef4f,true,standard_derived,
Windows.Win32.System.Search,ISearchProtocol2,7789f0b2-b5b2-4722-8b65-5dbd150697a9,true,standard_derived,
Windows.Win32.System.Search,ISearchProtocolThreadContext,c73106e1-ac80-11d1-8df3-00c04fb6ef4f,true,standard_derived,
Windows.Win32.System.Search,ISearchQueryHelper,ab310581-ac80-11d1-8df3-00c04fb6ef63,false,,external_pointee_storage
Windows.Win32.System.Search,ISearchQueryHits,ed8ce7e0-106c-11ce-84e2-00aa004b9986,false,,missing_allocator
Windows.Win32.System.Search,ISearchRoot,04c18ccf-1f57-4cbd-88cc-3900f5195ce3,false,,missing_allocator
Windows.Win32.System.Search,ISearchScopeRule,ab310581-ac80-11d1-8df3-00c04fb6ef53,false,,missing_allocator
Windows.Win32.System.Search,ISearchViewChangedSink,ab310581-ac80-11d1-8df3-00c04fb6ef65,true,standard_derived,
Windows.Win32.System.Search,ISecurityInfo,0c733aa4-2a1c-11ce-ade5-00aa0044773d,false,,external_pointee_storage
Windows.Win32.System.Search,IService,06210e88-01f5-11d1-b512-0080c781c384,true,standard_derived,
Windows.Win32.System.Search,ISessionProperties,0c733a85-2a1c-11ce-ade5-00aa0044773d,false,,external_pointee_storage
Windows.Win32.System.Search,ISimpleCommandCreator,5e341ab7-02d0-11d1-900c-00a0c9063796,true,standard_derived,
Windows.Win32.System.Search,ISourcesRowset,0c733a1e-2a1c-11ce-ade5-00aa0044773d,false,,external_pointee_storage
Windows.Win32.System.Search,IStemmer,efbaf140-7f42-11ce-be57-00aa0051fe20,true,standard_derived,
Windows.Win32.System.Search,ISubscriptionItem,a97559f8-6c4a-11d1-a1e8-00c04fc2fbe1,false,,safe_projection_incomplete
Windows.Win32.System.Search,ISubscriptionMgr,085fb2c0-0df8-11d1-8f4b-00a0c905413f,false,,nested_pointer_lifetime
Windows.Win32.System.Search,ISubscriptionMgr2,614bc270-aedf-11d1-a1f9-00c04fc2fbe1,false,,nested_pointer_lifetime
Windows.Win32.System.Search,ITableCreation,0c733abc-2a1c-11ce-ade5-00aa0044773d,false,,external_pointee_storage
Windows.Win32.System.Search,ITableDefinition,0c733a86-2a1c-11ce-ade5-00aa0044773d,false,,external_pointee_storage
Windows.Win32.System.Search,ITableDefinitionWithConstraints,0c733aab-2a1c-11ce-ade5-00aa0044773d,false,,incomplete_pointee_layout_for_storage
Windows.Win32.System.Search,ITableRename,0c733a77-2a1c-11ce-ade5-00aa0044773d,false,,external_pointee_storage
Windows.Win32.System.Search,ITokenCollection,22d8b4f2-f577-4adb-a335-c2ae88416fab,false,,missing_allocator
Windows.Win32.System.Search,ITransactionJoin,0c733a5e-2a1c-11ce-ade5-00aa0044773d,true,standard_derived,
Windows.Win32.System.Search,ITransactionLocal,0c733a5f-2a1c-11ce-ade5-00aa0044773d,true,standard_derived,
Windows.Win32.System.Search,ITransactionObject,0c733a60-2a1c-11ce-ade5-00aa0044773d,true,standard_derived,
Windows.Win32.System.Search,ITrusteeAdmin,0c733aa1-2a1c-11ce-ade5-00aa0044773d,false,,external_pointee_storage
Windows.Win32.System.Search,ITrusteeGroupAdmin,0c733aa2-2a1c-11ce-ade5-00aa0044773d,false,,external_pointee_storage
Windows.Win32.System.Search,IUMSInitialize,5cf4ca14-ef21-11d0-97e7-00c04fc2ad98,false,,external_pointee_storage
Windows.Win32.System.Search,IUrlAccessor,0b63e318-9ccc-11d0-bcdb-00805fccce04,false,,external_pointee_storage
Windows.Win32.System.Search,IUrlAccessor2,c7310734-ac80-11d1-8df3-00c04fb6ef4f,false,,external_pointee_storage
Windows.Win32.System.Search,IUrlAccessor3,6fbc7005-0455-4874-b8ff-7439450241a3,false,,external_pointee_storage
Windows.Win32.System.Search,IUrlAccessor4,5cc51041-c8d2-41d7-bca3-9e9e286297dc,false,,external_pointee_storage
Windows.Win32.System.Search,IViewChapter,0c733a98-2a1c-11ce-ade5-00aa0044773d,true,standard_derived,
Windows.Win32.System.Search,IViewFilter,0c733a9b-2a1c-11ce-ade5-00aa0044773d,false,,external_pointee_storage
Windows.Win32.System.Search,IViewRowset,0c733a97-2a1c-11ce-ade5-00aa0044773d,true,standard_derived,
Windows.Win32.System.Search,IViewSort,0c733a9a-2a1c-11ce-ade5-00aa0044773d,false,,missing_allocator
Windows.Win32.System.Search,IWordBreaker,d53552c8-77e3-101a-b552-08002b33b0e6,false,,incomplete_pointee_layout_for_storage
Windows.Win32.System.Search,IWordFormSink,fe77c330-7f42-11ce-be57-00aa0051fe20,true,standard_derived,
Windows.Win32.System.Search,IWordSink,cc907054-c058-101a-b554-08002b33b0e6,true,standard_derived,
Windows.Win32.System.Search,OLEDBSimpleProvider,e0e270c0-c0be-11d0-8fe4-00a0c90a6341,true,standard_derived,
Windows.Win32.System.Search,OLEDBSimpleProviderListener,e0e270c1-c0be-11d0-8fe4-00a0c90a6341,true,standard_derived,
Windows.Win32.System.SecurityCenter,IWSCDefaultProduct,0476d69c-f21a-11e5-9ce9-5e5517507c66,true,standard_derived,
Windows.Win32.System.SecurityCenter,IWSCProductList,722a338c-6e8e-4e72-ac27-1417fb0c81c2,true,standard_derived,
Windows.Win32.System.SecurityCenter,IWscProduct,8c38232e-3a45-4a27-92b0-1a16a975f669,true,standard_derived,
Windows.Win32.System.SecurityCenter,IWscProduct2,f896ca54-fe09-4403-86d4-23cb488d81d8,true,standard_derived,
Windows.Win32.System.SecurityCenter,IWscProduct3,55536524-d1d1-4726-8c7c-04996a1904e7,true,standard_derived,
Windows.Win32.System.ServerBackup,IWsbApplicationAsync,0843f6f7-895c-44a6-b0c2-05a5022aa3a1,true,standard_derived,
Windows.Win32.System.ServerBackup,IWsbApplicationBackupSupport,1eff3510-4a27-46ad-b9e0-08332f0f4f6d,true,standard_derived,
Windows.Win32.System.ServerBackup,IWsbApplicationRestoreSupport,8d3bdb38-4ee8-4718-85f9-c7dbc4ab77aa,false,,missing_allocator
Windows.Win32.System.SettingsManagementInfrastructure,IItemEnumerator,9f7d7bb7-20b3-11da-81a5-0030f1642e3c,true,standard_derived,
Windows.Win32.System.SettingsManagementInfrastructure,ISettingsContext,9f7d7bbd-20b3-11da-81a5-0030f1642e3c,false,,external_pointee_storage
Windows.Win32.System.SettingsManagementInfrastructure,ISettingsEngine,9f7d7bb9-20b3-11da-81a5-0030f1642e3c,false,,external_pointee_storage
Windows.Win32.System.SettingsManagementInfrastructure,ISettingsIdentity,9f7d7bb6-20b3-11da-81a5-0030f1642e3c,true,standard_derived,
Windows.Win32.System.SettingsManagementInfrastructure,ISettingsItem,9f7d7bbb-20b3-11da-81a5-0030f1642e3c,false,,missing_allocator
Windows.Win32.System.SettingsManagementInfrastructure,ISettingsNamespace,9f7d7bba-20b3-11da-81a5-0030f1642e3c,true,standard_derived,
Windows.Win32.System.SettingsManagementInfrastructure,ISettingsResult,9f7d7bbc-20b3-11da-81a5-0030f1642e3c,true,standard_derived,
Windows.Win32.System.SettingsManagementInfrastructure,ITargetInfo,9f7d7bb8-20b3-11da-81a5-0030f1642e3c,false,,missing_handle_ownership
Windows.Win32.System.SideShow,ISideShowBulkCapabilities,3a2b7fbc-3ad5-48bd-bbf1-0e6cfbd10807,false,,missing_interface_replacement_contract
Windows.Win32.System.SideShow,ISideShowCapabilities,535e1379-c09e-4a54-a511-597bab3a72b8,false,,safe_projection_incomplete
Windows.Win32.System.SideShow,ISideShowCapabilitiesCollection,50305597-5e0d-4ff7-b3af-33d0d9bd52dd,true,standard_derived,
Windows.Win32.System.SideShow,ISideShowContent,c18552ed-74ff-4fec-be07-4cfed29d4887,false,,missing_allocator
Windows.Win32.System.SideShow,ISideShowContentManager,a5d5b66b-eef9-41db-8d7e-e17c33ab10b0,true,standard_derived,
Windows.Win32.System.SideShow,ISideShowEvents,61feca4c-deb4-4a7e-8d75-51f1132d615b,false,,safe_projection_incomplete
Windows.Win32.System.SideShow,ISideShowKeyCollection,045473bc-a37b-4957-b144-68105411ed8e,true,standard_derived,
Windows.Win32.System.SideShow,ISideShowNotification,03c93300-8ab2-41c5-9b79-46127a30e148,false,,missing_allocator
Windows.Win32.System.SideShow,ISideShowNotificationManager,63cea909-f2b9-4302-b5e1-c68e6d9ab833,true,standard_derived,
Windows.Win32.System.SideShow,ISideShowPropVariantCollection,2ea7a549-7bff-4aae-bab0-22d43111de49,false,,safe_projection_incomplete
Windows.Win32.System.SideShow,ISideShowSession,e22331ee-9e7d-4922-9fc2-ab7aa41ce491,true,standard_derived,
Windows.Win32.System.TaskScheduler,IAction,bae54997-48b1-4cbe-9965-d6be263ebea4,true,standard_derived,
Windows.Win32.System.TaskScheduler,IActionCollection,02820e19-7b98-4ed2-b2e8-fdccceff619b,true,standard_derived,
Windows.Win32.System.TaskScheduler,IBootTrigger,2a9c35da-d357-41f4-bbc1-207ac1b1f3cb,true,standard_derived,
Windows.Win32.System.TaskScheduler,IComHandlerAction,6d2fd252-75c5-4f66-90ba-2a7d8cc3039f,true,standard_derived,
Windows.Win32.System.TaskScheduler,IDailyTrigger,126c5cd8-b288-41d5-8dbf-e491446adc5c,true,standard_derived,
Windows.Win32.System.TaskScheduler,IEmailAction,10f62c64-7e16-4314-a0c2-0c3683f99d40,false,,safe_projection_incomplete
Windows.Win32.System.TaskScheduler,IEnumWorkItems,148bd528-a2ab-11ce-b11f-00aa00530503,false,,missing_allocator
Windows.Win32.System.TaskScheduler,IEventTrigger,d45b0167-9653-4eef-b94f-0732ca7af251,true,standard_derived,
Windows.Win32.System.TaskScheduler,IExecAction,4c3d624d-fd6b-49a3-b9b7-09cb3cd3f047,true,standard_derived,
Windows.Win32.System.TaskScheduler,IExecAction2,f2a82542-bda5-4e6b-9143-e2bf4f8987b6,true,standard_derived,
Windows.Win32.System.TaskScheduler,IIdleSettings,84594461-0053-4342-a8fd-088fabf11f32,true,standard_derived,
Windows.Win32.System.TaskScheduler,IIdleTrigger,d537d2b0-9fb3-4d34-9739-1ff5ce7b1ef3,true,standard_derived,
Windows.Win32.System.TaskScheduler,ILogonTrigger,72dade38-fae4-4b3e-baf4-5d009af02b1c,true,standard_derived,
Windows.Win32.System.TaskScheduler,IMaintenanceSettings,a6024fa8-9652-4adb-a6bf-5cfcd877a7ba,true,standard_derived,
Windows.Win32.System.TaskScheduler,IMonthlyDOWTrigger,77d025a3-90fa-43aa-b52e-cda5499b946a,true,standard_derived,
Windows.Win32.System.TaskScheduler,IMonthlyTrigger,97c45ef1-6b02-4a1a-9c0e-1ebfba1500ac,true,standard_derived,
Windows.Win32.System.TaskScheduler,INetworkSettings,9f7dea84-c30b-4245-80b6-00e9f646f1b4,true,standard_derived,
Windows.Win32.System.TaskScheduler,IPrincipal,d98d51e5-c9b4-496a-a9c1-18980261cf0f,true,standard_derived,
Windows.Win32.System.TaskScheduler,IPrincipal2,248919ae-e345-4a6d-8aeb-e0d3165c904e,true,standard_derived,
Windows.Win32.System.TaskScheduler,IProvideTaskPage,4086658a-cbbb-11cf-b604-00c04fd8d565,false,,missing_allocator
Windows.Win32.System.TaskScheduler,IRegisteredTask,9c86f320-dee3-4dd1-b972-a303f26b061e,false,,missing_allocator
Windows.Win32.System.TaskScheduler,IRegisteredTaskCollection,86627eb4-42a7-41e4-a4d9-ac33a72f2d52,true,standard_derived,
Windows.Win32.System.TaskScheduler,IRegistrationInfo,416d8b73-cb41-4ea1-805c-9be9a5ac4a74,false,,safe_projection_incomplete
Windows.Win32.System.TaskScheduler,IRegistrationTrigger,4c8fec3a-c218-4e0c-b23d-629024db91a2,true,standard_derived,
Windows.Win32.System.TaskScheduler,IRepetitionPattern,7fb9acf1-26be-400e-85b5-294b9c75dfd6,true,standard_derived,
Windows.Win32.System.TaskScheduler,IRunningTask,653758fb-7b9a-4f1e-a471-beeb8e9b834e,true,standard_derived,
Windows.Win32.System.TaskScheduler,IRunningTaskCollection,6a67614b-6828-4fec-aa54-6d52e8f1f2db,true,standard_derived,
Windows.Win32.System.TaskScheduler,IScheduledWorkItem,a6b952f0-a4b1-11d0-997d-00aa006887ec,false,,missing_allocator
Windows.Win32.System.TaskScheduler,ISessionStateChangeTrigger,754da71b-4385-4475-9dd9-598294fa3641,true,standard_derived,
Windows.Win32.System.TaskScheduler,IShowMessageAction,505e9e68-af89-46b8-a30f-56162a83d537,true,standard_derived,
Windows.Win32.System.TaskScheduler,ITask,148bd524-a2ab-11ce-b11f-00aa00530503,false,,missing_allocator
Windows.Win32.System.TaskScheduler,ITaskDefinition,f5bc8fc5-536d-4f77-b852-fbc1356fdeb6,true,standard_derived,
Windows.Win32.System.TaskScheduler,ITaskFolder,8cfac062-a080-4c15-9a88-aa7c2af80dfc,true,standard_derived,
Windows.Win32.System.TaskScheduler,ITaskFolderCollection,79184a66-8664-423f-97f1-637356a5d812,true,standard_derived,
Windows.Win32.System.TaskScheduler,ITaskHandler,839d7762-5121-4009-9234-4f0d19394f04,true,standard_derived,
Windows.Win32.System.TaskScheduler,ITaskHandlerStatus,eaec7a8f-27a0-4ddc-8675-14726a01a38a,true,standard_derived,
Windows.Win32.System.TaskScheduler,ITaskNamedValueCollection,b4ef826b-63c3-46e4-a504-ef69e4f7ea4d,true,standard_derived,
Windows.Win32.System.TaskScheduler,ITaskNamedValuePair,39038068-2b46-4afd-8662-7bb6f868d221,true,standard_derived,
Windows.Win32.System.TaskScheduler,ITaskScheduler,148bd527-a2ab-11ce-b11f-00aa00530503,false,,missing_allocator
Windows.Win32.System.TaskScheduler,ITaskService,2faba4c7-4da9-4013-9697-20cc3fd40f85,true,standard_derived,
Windows.Win32.System.TaskScheduler,ITaskSettings,8fd4711d-2d02-4c8c-87e3-eff699de127e,true,standard_derived,
Windows.Win32.System.TaskScheduler,ITaskSettings2,2c05c3f0-6eed-4c05-a15f-ed7d7a98a369,true,standard_derived,
Windows.Win32.System.TaskScheduler,ITaskSettings3,0ad9d0d7-0c7f-4ebb-9a5f-d1c648dca528,true,standard_derived,
Windows.Win32.System.TaskScheduler,ITaskTrigger,148bd52b-a2ab-11ce-b11f-00aa00530503,false,,incomplete_pointee_layout_for_storage
Windows.Win32.System.TaskScheduler,ITaskVariables,3e4c9351-d966-4b8b-bb87-ceba68bb0107,true,standard_derived,
Windows.Win32.System.TaskScheduler,ITimeTrigger,b45747e0-eba7-4276-9f29-85c5bb300006,true,standard_derived,
Windows.Win32.System.TaskScheduler,ITrigger,09941815-ea89-4b5b-89e0-2a773801fac3,true,standard_derived,
Windows.Win32.System.TaskScheduler,ITriggerCollection,85df5081-1b24-4f32-878a-d9d14df4cb77,true,standard_derived,
Windows.Win32.System.TaskScheduler,IWeeklyTrigger,5038fc98-82ff-436d-8728-a512a57c9dc1,true,standard_derived,
Windows.Win32.System.Threading,IRtwqAsyncCallback,a27003cf-2354-4f2a-8d6a-ab7cff15437e,true,standard_derived,
Windows.Win32.System.Threading,IRtwqAsyncResult,ac6b7889-0740-4d51-8619-905994a55cc6,false,,safe_projection_incomplete
Windows.Win32.System.Threading,IRtwqPlatformEvents,63d9255a-7ff1-4b61-8faf-ed6460dacf2b,true,standard_derived,
Windows.Win32.System.Threading,RTWQASYNCRESULT,,false,,missing_interface_iid
Windows.Win32.System.TransactionServer,ICatalog,6eb22870-8a19-11d0-81b6-00a0c9231c29,true,standard_derived,
Windows.Win32.System.TransactionServer,IComponentUtil,6eb22873-8a19-11d0-81b6-00a0c9231c29,false,,safe_projection_incomplete
Windows.Win32.System.TransactionServer,IPackageUtil,6eb22874-8a19-11d0-81b6-00a0c9231c29,true,standard_derived,
Windows.Win32.System.TransactionServer,IRemoteComponentUtil,6eb22875-8a19-11d0-81b6-00a0c9231c29,true,standard_derived,
Windows.Win32.System.TransactionServer,IRoleAssociationUtil,6eb22876-8a19-11d0-81b6-00a0c9231c29,true,standard_derived,
Windows.Win32.System.UpdateAgent,IAutomaticUpdates,673425bf-c082-4c7c-bdfd-569464b8e0ce,true,standard_derived,
Windows.Win32.System.UpdateAgent,IAutomaticUpdates2,4a2f5c31-cfd9-410e-b7fb-29a653973a0f,true,standard_derived,
Windows.Win32.System.UpdateAgent,IAutomaticUpdatesResults,e7a4d634-7942-4dd9-a111-82228ba33901,true,standard_derived,
Windows.Win32.System.UpdateAgent,IAutomaticUpdatesSettings,2ee48f22-af3c-405f-8970-f71be12ee9a2,true,standard_derived,
Windows.Win32.System.UpdateAgent,IAutomaticUpdatesSettings2,6abc136a-c3ca-4384-8171-cb2b1e59b8dc,true,standard_derived,
Windows.Win32.System.UpdateAgent,IAutomaticUpdatesSettings3,b587f5c3-f57e-485f-bbf5-0d181c5cd0dc,true,standard_derived,
Windows.Win32.System.UpdateAgent,ICategory,81ddc1b8-9d35-47a6-b471-5b80f519223b,true,standard_derived,
Windows.Win32.System.UpdateAgent,ICategoryCollection,3a56bfb8-576c-43f7-9335-fe4838fd7e37,true,standard_derived,
Windows.Win32.System.UpdateAgent,IDownloadCompletedCallback,77254866-9f5b-4c8e-b9e2-c77a8530d64b,true,standard_derived,
Windows.Win32.System.UpdateAgent,IDownloadCompletedCallbackArgs,fa565b23-498c-47a0-979d-e7d5b1813360,true,standard_derived,
Windows.Win32.System.UpdateAgent,IDownloadJob,c574de85-7358-43f6-aae8-8697e62d8ba7,true,standard_derived,
Windows.Win32.System.UpdateAgent,IDownloadProgress,d31a5bac-f719-4178-9dbb-5e2cb47fd18a,false,,incomplete_pointee_layout_for_storage
Windows.Win32.System.UpdateAgent,IDownloadProgressChangedCallback,8c3f1cdd-6173-4591-aebd-a56a53ca77c1,true,standard_derived,
Windows.Win32.System.UpdateAgent,IDownloadProgressChangedCallbackArgs,324ff2c6-4981-4b04-9412-57481745ab24,true,standard_derived,
Windows.Win32.System.UpdateAgent,IDownloadResult,daa4fdd0-4727-4dbe-a1e7-745dca317144,true,standard_derived,
Windows.Win32.System.UpdateAgent,IImageInformation,7c907864-346c-4aeb-8f3f-57da289f969f,true,standard_derived,
Windows.Win32.System.UpdateAgent,IInstallationAgent,925cbc18-a2ea-4648-bf1c-ec8badcfe20a,true,standard_derived,
Windows.Win32.System.UpdateAgent,IInstallationBehavior,d9a59339-e245-4dbd-9686-4d5763e39624,true,standard_derived,
Windows.Win32.System.UpdateAgent,IInstallationCompletedCallback,45f4f6f3-d602-4f98-9a8a-3efa152ad2d3,true,standard_derived,
Windows.Win32.System.UpdateAgent,IInstallationCompletedCallbackArgs,250e2106-8efb-4705-9653-ef13c581b6a1,true,standard_derived,
Windows.Win32.System.UpdateAgent,IInstallationJob,5c209f0b-bad5-432a-9556-4699bed2638a,true,standard_derived,
Windows.Win32.System.UpdateAgent,IInstallationProgress,345c8244-43a3-4e32-a368-65f073b76f36,true,standard_derived,
Windows.Win32.System.UpdateAgent,IInstallationProgressChangedCallback,e01402d5-f8da-43ba-a012-38894bd048f1,true,standard_derived,
Windows.Win32.System.UpdateAgent,IInstallationProgressChangedCallbackArgs,e4f14e1e-689d-4218-a0b9-bc189c484a01,true,standard_derived,
Windows.Win32.System.UpdateAgent,IInstallationResult,a43c56d6-7451-48d4-af96-b6cd2d0d9b7a,true,standard_derived,
Windows.Win32.System.UpdateAgent,IInvalidProductLicenseException,a37d00f5-7bb0-4953-b414-f9e98326f2e8,true,standard_derived,
Windows.Win32.System.UpdateAgent,ISearchCompletedCallback,88aee058-d4b0-4725-a2f1-814a67ae964c,true,standard_derived,
Windows.Win32.System.UpdateAgent,ISearchCompletedCallbackArgs,a700a634-2850-4c47-938a-9e4b6e5af9a6,true,standard_derived,
Windows.Win32.System.UpdateAgent,ISearchJob,7366ea16-7a1a-4ea2-b042-973d3e9cd99b,true,standard_derived,
Windows.Win32.System.UpdateAgent,ISearchResult,d40cff62-e08c-4498-941a-01e25f0fd33c,true,standard_derived,
Windows.Win32.System.UpdateAgent,IStringCollection,eff90582-2ddc-480f-a06d-60f3fbc362c3,true,standard_derived,
Windows.Win32.System.UpdateAgent,ISystemInformation,ade87bf7-7b56-4275-8fab-b9b0e591844b,true,standard_derived,
Windows.Win32.System.UpdateAgent,IUpdate,6a92b07a-d821-4682-b423-5c805022cc4d,false,,incomplete_pointee_layout_for_storage
Windows.Win32.System.UpdateAgent,IUpdate2,144fe9b0-d23d-4a8b-8634-fb4457533b7a,false,,incomplete_pointee_layout_for_storage
Windows.Win32.System.UpdateAgent,IUpdate3,112eda6b-95b3-476f-9d90-aee82c6b8181,false,,incomplete_pointee_layout_for_storage
Windows.Win32.System.UpdateAgent,IUpdate4,27e94b0d-5139-49a2-9a61-93522dc54652,false,,incomplete_pointee_layout_for_storage
Windows.Win32.System.UpdateAgent,IUpdate5,c1c2f21a-d2f4-4902-b5c6-8a081c19a890,false,,incomplete_pointee_layout_for_storage
Windows.Win32.System.UpdateAgent,IUpdateCollection,07f7438c-7709-4ca5-b518-91279288134e,true,standard_derived,
Windows.Win32.System.UpdateAgent,IUpdateDownloadContent,54a2cb2d-9a0c-48b6-8a50-9abb69ee2d02,true,standard_derived,
Windows.Win32.System.UpdateAgent,IUpdateDownloadContent2,c97ad11b-f257-420b-9d9f-377f733f6f68,true,standard_derived,
Windows.Win32.System.UpdateAgent,IUpdateDownloadContentCollection,bc5513c8-b3b8-4bf7-a4d4-361c0d8c88ba,true,standard_derived,
Windows.Win32.System.UpdateAgent,IUpdateDownloadResult,bf99af76-b575-42ad-8aa4-33cbb5477af1,true,standard_derived,
Windows.Win32.System.UpdateAgent,IUpdateDownloader,68f1c6f9-7ecc-4666-a464-247fe12496c3,true,standard_derived,
Windows.Win32.System.UpdateAgent,IUpdateDownloaderEx,94726306-f12a-482a-a774-fb4f870d98c0,true,standard_derived,
Windows.Win32.System.UpdateAgent,IUpdateEx,769355a3-c5a0-497c-a606-560a36d2121c,false,,incomplete_pointee_layout_for_storage
Windows.Win32.System.UpdateAgent,IUpdateException,a376dd5e-09d4-427f-af7c-fed5b6e1c1d6,true,standard_derived,
Windows.Win32.System.UpdateAgent,IUpdateExceptionCollection,503626a3-8e14-4729-9355-0fe664bd2321,true,standard_derived,
Windows.Win32.System.UpdateAgent,IUpdateHistoryEntry,be56a644-af0e-4e0e-a311-c1d8e695cbff,true,standard_derived,
Windows.Win32.System.UpdateAgent,IUpdateHistoryEntry2,c2bfb780-4539-4132-ab8c-0a8772013ab6,true,standard_derived,
Windows.Win32.System.UpdateAgent,IUpdateHistoryEntryCollection,a7f04f3c-a290-435b-aadf-a116c3357a5c,true,standard_derived,
Windows.Win32.System.UpdateAgent,IUpdateIdentity,46297823-9940-4c09-aed9-cd3ea6d05968,true,standard_derived,
Windows.Win32.System.UpdateAgent,IUpdateInstallationResult,d940f0f8-3cbb-4fd0-993f-471e7f2328ad,true,standard_derived,
Windows.Win32.System.UpdateAgent,IUpdateInstaller,7b929c68-ccdc-4226-96b1-8724600b54c2,true,exact_registry_dependent,
Windows.Win32.System.UpdateAgent,IUpdateInstaller2,3442d4fe-224d-4cee-98cf-30e0c4d229e6,true,exact_registry_dependent,
Windows.Win32.System.UpdateAgent,IUpdateInstaller3,16d11c35-099a-48d0-8338-5fae64047f8e,true,exact_registry_dependent,
Windows.Win32.System.UpdateAgent,IUpdateInstaller4,ef8208ea-2304-492d-9109-23813b0958e1,true,exact_registry_dependent,
Windows.Win32.System.UpdateAgent,IUpdateLockdown,a976c28d-75a1-42aa-94ae-8af8b872089a,true,standard_derived,
Windows.Win32.System.UpdateAgent,IUpdateSearcher,8f45abf1-f9ae-4b95-a933-f0f66e5056ea,true,standard_derived,
Windows.Win32.System.UpdateAgent,IUpdateSearcher2,4cbdcb2d-1589-4beb-bd1c-3e582ff0add0,true,standard_derived,
Windows.Win32.System.UpdateAgent,IUpdateSearcher3,04c6895d-eaf2-4034-97f3-311de9be413a,true,standard_derived,
Windows.Win32.System.UpdateAgent,IUpdateService,76b3b17e-aed6-4da5-85f0-83587f81abe3,true,standard_derived,
Windows.Win32.System.UpdateAgent,IUpdateService2,1518b460-6518-4172-940f-c75883b24ceb,true,standard_derived,
Windows.Win32.System.UpdateAgent,IUpdateServiceCollection,9b0353aa-0e52-44ff-b8b0-1f7fa0437f88,true,standard_derived,
Windows.Win32.System.UpdateAgent,IUpdateServiceManager,23857e3c-02ba-44a3-9423-b1c900805f37,true,standard_derived,
Windows.Win32.System.UpdateAgent,IUpdateServiceManager2,0bb8531d-7e8d-424f-986c-a0b8f60a3e7b,true,standard_derived,
Windows.Win32.System.UpdateAgent,IUpdateServiceRegistration,dde02280-12b3-4e0b-937b-6747f6acb286,true,standard_derived,
Windows.Win32.System.UpdateAgent,IUpdateSession,816858a4-260d-4260-933a-2585f1abc76b,true,standard_derived,
Windows.Win32.System.UpdateAgent,IUpdateSession2,91caf7b0-eb23-49ed-9937-c52d817f46f7,true,standard_derived,
Windows.Win32.System.UpdateAgent,IUpdateSession3,918efd1e-b5d8-4c90-8540-aeb9bdc56f9d,true,standard_derived,
Windows.Win32.System.UpdateAgent,IWebProxy,174c81fe-aecd-4dae-b8a0-2c6318dd86a8,true,standard_derived,
Windows.Win32.System.UpdateAgent,IWindowsDriverUpdate,b383cd1a-5ce9-4504-9f63-764b1236f191,false,,incomplete_pointee_layout_for_storage
Windows.Win32.System.UpdateAgent,IWindowsDriverUpdate2,615c4269-7a48-43bd-96b7-bf6ca27d6c3e,false,,incomplete_pointee_layout_for_storage
Windows.Win32.System.UpdateAgent,IWindowsDriverUpdate3,49ebd502-4a96-41bd-9e3e-4c5057f4250c,false,,incomplete_pointee_layout_for_storage
Windows.Win32.System.UpdateAgent,IWindowsDriverUpdate4,004c6a2b-0c19-4c69-9f5c-a269b2560db9,false,,incomplete_pointee_layout_for_storage
Windows.Win32.System.UpdateAgent,IWindowsDriverUpdate5,70cf5c82-8642-42bb-9dbc-0cfd263c6c4f,false,,incomplete_pointee_layout_for_storage
Windows.Win32.System.UpdateAgent,IWindowsDriverUpdateEntry,ed8bfe40-a60b-42ea-9652-817dfcfa23ec,true,standard_derived,
Windows.Win32.System.UpdateAgent,IWindowsDriverUpdateEntryCollection,0d521700-a372-4bef-828b-3d00c10adebd,true,standard_derived,
Windows.Win32.System.UpdateAgent,IWindowsUpdateAgentInfo,85713fa1-7796-4fa2-be3b-e2d6124dd373,true,standard_derived,
Windows.Win32.System.UpdateAssessment,IWaaSAssessor,2347bbef-1a3b-45a4-902d-3e09c269b45e,false,,safe_projection_incomplete
Windows.Win32.System.WinRT.AllJoyn,IWindowsDevicesAllJoynBusAttachmentFactoryInterop,4b8f7505-b239-4e7b-88af-f6682575d861,true,standard_derived,
Windows.Win32.System.WinRT.AllJoyn,IWindowsDevicesAllJoynBusAttachmentInterop,fd89c65b-b50e-4a19-9d0c-b42b783281cd,true,standard_derived,
Windows.Win32.System.WinRT.AllJoyn,IWindowsDevicesAllJoynBusObjectFactoryInterop,6174e506-8b95-4e36-95c0-b88fed34938c,true,standard_derived,
Windows.Win32.System.WinRT.AllJoyn,IWindowsDevicesAllJoynBusObjectInterop,d78aa3d5-5054-428f-99f2-ec3a5de3c3bc,true,standard_derived,
Windows.Win32.System.WinRT.Composition,ICompositionDrawingSurfaceInterop,fd04e6e3-fe0c-4c3c-ab19-a07601a576ee,true,standard_derived,
Windows.Win32.System.WinRT.Composition,ICompositionDrawingSurfaceInterop2,41e64aae-98c0-4239-8e95-a330dd6aa18b,true,standard_derived,
Windows.Win32.System.WinRT.Composition,ICompositionGraphicsDeviceInterop,a116ff71-f8bf-4c8a-9c98-70779a32a9c8,true,standard_derived,
Windows.Win32.System.WinRT.Composition,ICompositionTextureInterop,d528a265-f0a5-422f-a39d-ef62d7cd1cc4,true,standard_derived,
Windows.Win32.System.WinRT.Composition,ICompositorDesktopInterop,29e691fa-4567-4dca-b319-d0f207eb6807,false,,incomplete_pointee_layout_for_storage
Windows.Win32.System.WinRT.Composition,ICompositorInterop,25297d5c-3ad4-4c9c-b5cf-e36a38512330,false,,incomplete_pointee_layout_for_storage
Windows.Win32.System.WinRT.Composition,ICompositorInterop2,d3eef34c-0667-4afc-8d13-867607b0fe91,false,,incomplete_pointee_layout_for_storage
Windows.Win32.System.WinRT.Composition,IDesktopWindowTargetInterop,35dbf59e-e3f9-45b0-81e7-fe75f4145dc9,false,,missing_handle_ownership
Windows.Win32.System.WinRT.Composition,IVisualInteractionSourceInterop,11f62cd1-2f9d-42d3-b05f-d6790d9e9f8e,true,standard_derived,
Windows.Win32.System.WinRT.CoreInputView,ICoreFrameworkInputViewInterop,0e3da342-b11c-484b-9c1c-be0d61c2f6c5,true,standard_derived,
Windows.Win32.System.WinRT.Direct3D11,IDirect3DDxgiInterfaceAccess,a9b3d012-3df2-4ee3-b8d1-8695f457d3c1,true,standard_derived,
Windows.Win32.System.WinRT.Display,IDisplayDeviceInterop,64338358-366a-471b-bd56-dd8ef48e439b,false,,missing_allocator
Windows.Win32.System.WinRT.Display,IDisplayPathInterop,a6ba4205-e59e-4e71-b25b-4e436d21ee3d,false,,missing_handle_ownership
Windows.Win32.System.WinRT.Graphics.Capture,IGraphicsCaptureItemInterop,3628e81b-3cac-4c60-b7f4-23ce0e0c3356,false,,missing_allocator
Windows.Win32.System.WinRT.Graphics.Capture,IMonitorGraphicsCaptureItemInterop,33274d14-a076-4048-8416-747e9b04db7b,false,,missing_allocator
Windows.Win32.System.WinRT.Graphics.Capture,IWindowGraphicsCaptureItemInterop,38e4c48b-94e6-4c44-9cfa-968193316c0c,false,,missing_handle_ownership
Windows.Win32.System.WinRT.Graphics.Direct2D,IGeometrySource2DInterop,0657af73-53fd-47cf-84ff-c8492d2a80a3,true,standard_derived,
Windows.Win32.System.WinRT.Graphics.Direct2D,IGraphicsEffectD2D1Interop,2fc57384-a068-44d7-a331-30982fcf7177,false,,incomplete_pointee_layout_for_storage
Windows.Win32.System.WinRT.Holographic,IHolographicCameraInterop,7cc1f9c5-6d02-41fa-9500-e1809eb48eec,true,standard_derived,
Windows.Win32.System.WinRT.Holographic,IHolographicCameraRenderingParametersInterop,f75b68d6-d1fd-4707-aafd-fa6f4c0e3bf4,true,standard_derived,
Windows.Win32.System.WinRT.Holographic,IHolographicQuadLayerInterop,cfa688f0-639e-4a47-83d7-6b7f5ebf7fed,true,standard_derived,
Windows.Win32.System.WinRT.Holographic,IHolographicQuadLayerUpdateParametersInterop,e5f549cd-c909-444f-8809-7cc18a9c8920,true,standard_derived,
Windows.Win32.System.WinRT,IAccountsSettingsPaneInterop,d3ee12ad-3865-4362-9746-b75a682df0e6,true,standard_derived,
Windows.Win32.System.WinRT,IAgileReference,c03f6a43-65a4-9818-987e-e0b810d2a6f2,true,standard_derived,
Windows.Win32.System.WinRT,IApartmentShutdown,a2f05a09-27a2-42b5-bc0e-ac163ef49d9b,true,standard_derived,
Windows.Win32.System.WinRT,IAppServiceConnectionExtendedExecution,65219584-f9cb-4ae3-81f9-a28a6ca450d9,true,standard_derived,
Windows.Win32.System.WinRT,IBufferByteAccess,905a0fef-bc53-11df-8c49-001e4fc686da,false,,missing_allocator
Windows.Win32.System.WinRT,ICastingController,f0a56423-a664-4fbd-8b43-409a45e8d9a1,true,standard_derived,
Windows.Win32.System.WinRT,ICastingEventHandler,c79a6cb7-bebd-47a6-a2ad-4d45ad79c7bc,true,standard_derived,
Windows.Win32.System.WinRT,ICastingSourceInfo,45101ab7-7c3a-4bce-9500-12c09024b298,true,standard_derived,
Windows.Win32.System.WinRT,ICoreInputInterop,40bfe3e3-b75a-4479-ac96-475365749bb8,true,standard_derived,
Windows.Win32.System.WinRT,ICoreWindowAdapterInterop,7a5b6fd1-cd73-4b6c-9cf4-2e869eaf470a,true,standard_derived,
Windows.Win32.System.WinRT,ICoreWindowComponentInterop,0576ab31-a310-4c40-ba31-fd37e0298dfa,true,standard_derived,
Windows.Win32.System.WinRT,ICoreWindowInterop,45d64a29-a63e-4cb6-b498-5781d298cb4f,true,exact_registry_dependent,
Windows.Win32.System.WinRT,ICorrelationVectorSource,152b8a3b-b9b9-4685-b56e-974847bc7545,true,standard_derived,
Windows.Win32.System.WinRT,IDragDropManagerInterop,5ad8cba7-4c01-4dac-9074-827894292d63,false,,missing_allocator
Windows.Win32.System.WinRT,IHolographicSpaceInterop,5c4ee536-6a98-4b86-a170-587013d6fd4b,true,standard_derived,
Windows.Win32.System.WinRT,IInputPaneInterop,75cf2c57-9195-4931-8332-f0b409e916af,true,standard_derived,
Windows.Win32.System.WinRT,IInspectable,af86e2e0-b12d-4c6a-9c5a-d7aa65101e90,false,,missing_allocator
Windows.Win32.System.WinRT,ILanguageExceptionErrorInfo,04a2dbf3-df83-116c-0946-0812abf6e07d,true,standard_derived,
Windows.Win32.System.WinRT,ILanguageExceptionErrorInfo2,5746e5c4-5b97-424c-b620-2822915734dd,true,standard_derived,
Windows.Win32.System.WinRT,ILanguageExceptionStackBackTrace,cbe53fb5-f967-4258-8d34-42f5e25833de,true,standard_derived,
Windows.Win32.System.WinRT,ILanguageExceptionTransform,feb5a271-a6cd-45ce-880a-696706badc65,true,standard_derived,
Windows.Win32.System.WinRT,IMemoryBufferByteAccess,5b0d3235-4dba-4d44-865e-8f1d0e4fd04d,false,,missing_allocator
Windows.Win32.System.WinRT,IPlayToManagerInterop,24394699-1f2c-4eb3-8cd7-0ec1da42a540,true,standard_derived,
Windows.Win32.System.WinRT,IRestrictedErrorInfo,82ba7092-4c88-427d-a7bc-16dd93feb67e,true,standard_derived,
Windows.Win32.System.WinRT,IShareWindowCommandEventArgsInterop,6571a721-643d-43d4-aca4-6b6f5f30f1ad,true,exact_registry_dependent,
Windows.Win32.System.WinRT,IShareWindowCommandSourceInterop,461a191f-8424-43a6-a0fa-3451a22f56ab,true,standard_derived,
Windows.Win32.System.WinRT,ISpatialInteractionManagerInterop,5c4ee536-6a98-4b86-a170-587013d6fd4b,true,standard_derived,
Windows.Win32.System.WinRT,ISystemMediaTransportControlsInterop,ddb0472d-c911-4a1f-86d9-dc3d71a95f5a,true,standard_derived,
Windows.Win32.System.WinRT,IUIViewSettingsInterop,3694dbf9-8f68-44be-8ff5-195c98ede8a6,true,standard_derived,
Windows.Win32.System.WinRT,IUserActivityInterop,1ade314d-0e0a-40d9-824c-9a088a50059f,true,standard_derived,
Windows.Win32.System.WinRT,IUserActivityRequestManagerInterop,dd69f876-9699-4715-9095-e37ea30dfa1b,true,standard_derived,
Windows.Win32.System.WinRT,IUserActivitySourceHostInterop,c15df8bc-8844-487a-b85b-7578e0f61419,true,standard_derived,
Windows.Win32.System.WinRT,IUserConsentVerifierInterop,39e050c3-4e74-441a-8dc0-b81104df949c,true,standard_derived,
Windows.Win32.System.WinRT,IWeakReference,00000037-0000-0000-c000-000000000046,true,standard_derived,
Windows.Win32.System.WinRT,IWeakReferenceSource,00000038-0000-0000-c000-000000000046,true,standard_derived,
Windows.Win32.System.WinRT,IWebAuthenticationCoreManagerInterop,f4b8e804-811e-4436-b69c-44cb67b72084,true,standard_derived,
Windows.Win32.System.WinRT.Isolation,IIsolatedEnvironmentInterop,85713c2e-8e62-46c5-8de2-c647e1d54636,false,,missing_handle_ownership
Windows.Win32.System.WinRT.ML,ILearningModelDeviceFactoryNative,1e9b31a1-662e-4ae0-af67-f63bb337e634,true,standard_derived,
Windows.Win32.System.WinRT.ML,ILearningModelOperatorProviderNative,1adaa23a-eb67-41f3-aad8-5d984e9bacd4,true,standard_derived,
Windows.Win32.System.WinRT.ML,ILearningModelSessionOptionsNative,c71e953f-37b4-4564-8658-d8396866db0d,true,standard_derived,
Windows.Win32.System.WinRT.ML,ILearningModelSessionOptionsNative1,5da37a26-0526-414b-91e4-2a0fa3ddba40,true,standard_derived,
Windows.Win32.System.WinRT.ML,ITensorNative,52f547ef-5b03-49b5-82d6-565f1ee0dd49,false,,missing_allocator
Windows.Win32.System.WinRT.ML,ITensorStaticsNative,39d055a4-66f6-4ebc-95d9-7a29ebe7690a,true,standard_derived,
Windows.Win32.System.WinRT.Metadata,ICeeGen,7ed1bdff-8e36-11d2-9c56-00a0c9b7cc45,false,,external_pointee_storage
Windows.Win32.System.WinRT.Metadata,IHostFilter,d0e80dd3-12d4-11d3-b39d-00c04ff81795,true,standard_derived,
Windows.Win32.System.WinRT.Metadata,IMapToken,06a3ea8b-0225-11d1-bf72-00c04fc31e12,true,standard_derived,
Windows.Win32.System.WinRT.Metadata,IMetaDataAssemblyEmit,211ef15b-5317-4438-b196-dec87b887693,true,standard_derived,
Windows.Win32.System.WinRT.Metadata,IMetaDataAssemblyImport,ee62470b-e94b-424e-9b7c-2f00c9249f93,false,,external_pointee_storage
Windows.Win32.System.WinRT.Metadata,IMetaDataDispenser,809c652e-7396-11d2-9771-00a0c9b4d50c,true,standard_derived,
Windows.Win32.System.WinRT.Metadata,IMetaDataDispenserEx,31bcfce2-dafb-11d2-9f81-00c04f79a0a3,false,,external_pointee_storage
Windows.Win32.System.WinRT.Metadata,IMetaDataEmit,ba3fee4c-ecb9-4e41-83b7-183fa41cd859,false,,external_pointee_storage
Windows.Win32.System.WinRT.Metadata,IMetaDataEmit2,f5dd9950-f693-42e6-830e-7b833e8146a9,false,,external_pointee_storage
Windows.Win32.System.WinRT.Metadata,IMetaDataError,b81ff171-20f3-11d2-8dcc-00a0c9b09c19,true,standard_derived,
Windows.Win32.System.WinRT.Metadata,IMetaDataFilter,d0e80dd1-12d4-11d3-b39d-00c04ff81795,true,standard_derived,
Windows.Win32.System.WinRT.Metadata,IMetaDataImport,7dac8207-d3ae-4c75-9b67-92801a497d44,false,,external_pointee_storage
Windows.Win32.System.WinRT.Metadata,IMetaDataImport2,fce5efa0-8bba-4f8e-a036-8f2022b08466,false,,external_pointee_storage
Windows.Win32.System.WinRT.Metadata,IMetaDataInfo,7998ea64-7f95-48b8-86fc-17caf48bf5cb,true,standard_derived,
Windows.Win32.System.WinRT.Metadata,IMetaDataTables,d8f579ab-402d-4b8e-82d9-5d63b1065c68,false,,external_pointee_storage
Windows.Win32.System.WinRT.Metadata,IMetaDataTables2,badb5f70-58da-43a9-a1c6-d74819f19b15,false,,external_pointee_storage
Windows.Win32.System.WinRT.Metadata,IMetaDataValidate,4709c9c6-81ff-11d3-9fc7-00c04f79a0a3,true,standard_derived,
Windows.Win32.System.WinRT.Metadata,IMetaDataWinMDImport,969ea0c5-964e-411b-a807-b0f3c2dfcbd4,true,standard_derived,
Windows.Win32.System.WinRT.Pdf,IPdfRendererNative,7d9dcd91-d277-4947-8527-07a0daeda94a,true,standard_derived,
Windows.Win32.System.WinRT.Printing,IPrintDocumentPageSource,a96bb1db-172e-4667-82b5-ad97a252318f,true,standard_derived,
Windows.Win32.System.WinRT.Printing,IPrintManagerInterop,c5435a42-8d43-4e7b-a68a-ef311e392087,true,standard_derived,
Windows.Win32.System.WinRT.Printing,IPrintPreviewPageCollection,0b31cc62-d7ec-4747-9d6e-f2537d870f2b,true,standard_derived,
Windows.Win32.System.WinRT.Printing,IPrintWorkflowConfigurationNative,c056be0a-9ee2-450a-9823-964f0006f2bb,true,standard_derived,
Windows.Win32.System.WinRT.Printing,IPrintWorkflowObjectModelSourceFileContentNative,68c9e477-993e-4052-8ac6-454eff58db9d,true,standard_derived,
Windows.Win32.System.WinRT.Printing,IPrintWorkflowXpsObjectModelTargetPackageNative,7d96bc74-9b54-4ca1-ad3a-979c3d44ddac,true,standard_derived,
Windows.Win32.System.WinRT.Printing,IPrintWorkflowXpsReceiver,04097374-77b8-47f6-8167-aae29d4cf84b,true,standard_derived,
Windows.Win32.System.WinRT.Printing,IPrintWorkflowXpsReceiver2,023bcc0c-dfab-4a61-b074-490c6995580d,true,standard_derived,
Windows.Win32.System.WinRT.Printing,IPrinting3DManagerInterop,9ca31010-1484-4587-b26b-dddf9f9caecd,false,,missing_allocator
Windows.Win32.System.WinRT.Shell,IDDEInitializer,30dc931f-33fc-4ffd-a168-942258cf3ca4,true,standard_derived,
Windows.Win32.System.WinRT.Storage,IOplockBreakingHandler,826abe3d-3acd-47d3-84f2-88aaedcf6304,true,standard_derived,
Windows.Win32.System.WinRT.Storage,IRandomAccessStreamFileAccessMode,332e5848-2e15-458e-85c4-c911c0c3d6f4,true,standard_derived,
Windows.Win32.System.WinRT.Storage,IStorageFolderHandleAccess,df19938f-5462-48a0-be65-d2a3271a08d6,false,,missing_handle_ownership
Windows.Win32.System.WinRT.Storage,IStorageItemHandleAccess,5ca296b2-2c25-4d22-b785-b885c8201e6a,false,,missing_handle_ownership
Windows.Win32.System.WinRT.Storage,IUnbufferedFileHandleOplockCallback,d1019a0e-6243-4329-8497-2e75894d7710,true,standard_derived,
Windows.Win32.System.WinRT.Storage,IUnbufferedFileHandleProvider,a65c9109-42ab-4b94-a7b1-dd2e4e68515e,true,standard_derived,
Windows.Win32.System.WinRT.Xaml,IDesktopWindowXamlSourceNative,3cbcf1bf-2f76-4e9c-96ab-e84b37972554,true,exact_registry_dependent,
Windows.Win32.System.WinRT.Xaml,IDesktopWindowXamlSourceNative2,e3dcd8c7-3057-4692-99c3-7b7720afda31,true,exact_registry_dependent,
Windows.Win32.System.WinRT.Xaml,IFindReferenceTargetsCallback,04b3486c-4687-4229-8d14-505ab584dd88,true,standard_derived,
Windows.Win32.System.WinRT.Xaml,IReferenceTracker,11d3b13a-180e-4789-a8be-7712882893e6,true,standard_derived,
Windows.Win32.System.WinRT.Xaml,IReferenceTrackerExtension,4e897caa-59d5-4613-8f8c-f7ebd1f399b0,true,standard_derived,
Windows.Win32.System.WinRT.Xaml,IReferenceTrackerHost,29a71c6a-3c42-4416-a39d-e2825a07a773,true,standard_derived,
Windows.Win32.System.WinRT.Xaml,IReferenceTrackerManager,3cf184b4-7ccb-4dda-8455-7e6ce99a3298,true,standard_derived,
Windows.Win32.System.WinRT.Xaml,IReferenceTrackerTarget,64bd43f8-bfee-4ec4-b7eb-2935158dae21,true,standard_derived,
Windows.Win32.System.WinRT.Xaml,ISurfaceImageSourceManagerNative,4c8798b7-1d88-4a0f-b59b-b93f600de8c8,true,standard_derived,
Windows.Win32.System.WinRT.Xaml,ISurfaceImageSourceNative,f2e9edc1-d307-4525-9886-0fafaa44163c,true,standard_derived,
Windows.Win32.System.WinRT.Xaml,ISurfaceImageSourceNativeWithD2D,54298223-41e1-4a41-9c08-02e8256864a1,true,standard_derived,
Windows.Win32.System.WinRT.Xaml,ISwapChainBackgroundPanelNative,43bebd4e-add5-4035-8f85-5608d08e9dc9,true,standard_derived,
Windows.Win32.System.WinRT.Xaml,ISwapChainPanelNative,f92f19d2-3ade-45a6-a20c-f6f1ea90554b,true,standard_derived,
Windows.Win32.System.WinRT.Xaml,ISwapChainPanelNative2,d5a2f60c-37b2-44a2-937b-8d8eb9726821,true,standard_derived,
Windows.Win32.System.WinRT.Xaml,ITrackerOwner,eb24c20b-9816-4ac7-8cff-36f67a118f4e,false,,missing_allocator
Windows.Win32.System.WinRT.Xaml,IVirtualSurfaceImageSourceNative,e9550983-360b-4f53-b391-afd695078691,false,,safe_projection_incomplete
Windows.Win32.System.WinRT.Xaml,IVirtualSurfaceUpdatesCallbackNative,dbf2e947-8e6c-4254-9eee-7738f71386c9,true,standard_derived,
Windows.Win32.System.WindowsProgramming,ICameraUIControl,b8733adf-3d68-4b8f-bb08-e28a0bed0376,true,exact_registry_dependent,
Windows.Win32.System.WindowsProgramming,ICameraUIControlEventCallback,1bfa0c2c-fbcd-4776-bda4-88bf974e74f4,true,standard_derived,
Windows.Win32.System.WindowsProgramming,IClipServiceNotificationHelper,c39948f0-6142-44fd-98ca-e1681a8d68b5,true,standard_derived,
Windows.Win32.System.WindowsProgramming,IContainerActivationHelper,b524f93f-80d5-4ec7-ae9e-d66e93ade1fa,true,standard_derived,
Windows.Win32.System.WindowsProgramming,IDefaultBrowserSyncSettings,7a27faad-5ae6-4255-9030-c530936292e3,true,standard_derived,
Windows.Win32.System.WindowsProgramming,IDeleteBrowsingHistory,cf38ed4b-2be7-4461-8b5e-9a466dc82ae3,true,standard_derived,
Windows.Win32.System.WindowsProgramming,IEditionUpgradeBroker,ff19cbcf-9455-4937-b872-6b7929a460af,true,standard_derived,
Windows.Win32.System.WindowsProgramming,IEditionUpgradeHelper,d3e9e342-5deb-43b6-849e-6913b85d503a,false,,missing_allocator
Windows.Win32.System.WindowsProgramming,IFClipNotificationHelper,3d5e3d21-bd41-4c2a-a669-b17ce87fb50b,true,standard_derived,
Windows.Win32.System.WindowsProgramming,IWindowsLockModeHelper,f342d19e-cc22-4648-bb5d-03ccf75b47c5,true,standard_derived,
Windows.Win32.System.WindowsSync,IAsynchronousDataRetriever,9fc7e470-61ea-4a88-9be4-df56a27cfef2,true,standard_derived,
Windows.Win32.System.WindowsSync,IChangeConflict,014ebf97-9f20-4f7a-bdd4-25979c77c002,true,standard_derived,
Windows.Win32.System.WindowsSync,IChangeUnitException,0cd7ee7c-fec0-4021-99ee-f0e5348f2a5f,false,,missing_allocator
Windows.Win32.System.WindowsSync,IChangeUnitListFilterInfo,f2837671-0bdf-43fa-b502-232375fb50c2,true,standard_derived,
Windows.Win32.System.WindowsSync,IClockVector,14b2274a-8698-4cc6-9333-f89bd1d47bc4,false,,missing_allocator
Windows.Win32.System.WindowsSync,IClockVectorElement,e71c4250-adf8-4a07-8fae-5669596909c1,true,standard_derived,
Windows.Win32.System.WindowsSync,ICombinedFilterInfo,11f9de71-2818-4779-b2ac-42d450565f45,true,standard_derived,
Windows.Win32.System.WindowsSync,IConstraintConflict,00d2302e-1cf8-4835-b85f-b7ca4f799e0a,true,standard_derived,
Windows.Win32.System.WindowsSync,IConstructReplicaKeyMap,ded10970-ec85-4115-b52c-4405845642a5,true,standard_derived,
Windows.Win32.System.WindowsSync,ICoreFragment,613b2ab5-b304-47d9-9c31-ce6c54401a15,true,standard_derived,
Windows.Win32.System.WindowsSync,ICoreFragmentInspector,f7fcc5fd-ae26-4679-ba16-96aac583c134,true,standard_derived,
Windows.Win32.System.WindowsSync,ICustomFilterInfo,1d335dff-6f88-4e4d-91a8-a3f351cfd473,true,standard_derived,
Windows.Win32.System.WindowsSync,IDataRetrieverCallback,71b4863b-f969-4676-bbc3-3d9fdc3fb2c7,true,standard_derived,
Windows.Win32.System.WindowsSync,IEnumChangeUnitExceptions,3074e802-9319-4420-be21-1022e2e21da8,true,exact_registry_dependent,
Windows.Win32.System.WindowsSync,IEnumClockVector,525844db-2837-4799-9e80-81a66e02220c,true,exact_registry_dependent,
Windows.Win32.System.WindowsSync,IEnumFeedClockVector,550f763d-146a-48f6-abeb-6c88c7f70514,true,exact_registry_dependent,
Windows.Win32.System.WindowsSync,IEnumItemIds,43aa3f61-4b2e-4b60-83df-b110d3e148f1,false,,safe_projection_incomplete
Windows.Win32.System.WindowsSync,IEnumRangeExceptions,0944439f-ddb1-4176-b703-046ff22a2386,true,exact_registry_dependent,
Windows.Win32.System.WindowsSync,IEnumSingleItemExceptions,e563381c-1b4d-4c66-9796-c86faccdcd40,true,exact_registry_dependent,
Windows.Win32.System.WindowsSync,IEnumSyncChangeUnits,346b35f1-8703-4c6d-ab1a-4dbca2cff97f,true,exact_registry_dependent,
Windows.Win32.System.WindowsSync,IEnumSyncChanges,5f86be4a-5e78-4e32-ac1c-c24fd223ef85,true,exact_registry_dependent,
Windows.Win32.System.WindowsSync,IEnumSyncProviderConfigUIInfos,f6be2602-17c6-4658-a2d7-68ed3330f641,true,exact_registry_dependent,
Windows.Win32.System.WindowsSync,IEnumSyncProviderInfos,a04ba850-5eb1-460d-a973-393fcb608a11,true,exact_registry_dependent,
Windows.Win32.System.WindowsSync,IFeedClockVector,8d1d98d1-9fb8-4ec9-a553-54dd924e0f67,false,,missing_allocator
Windows.Win32.System.WindowsSync,IFeedClockVectorElement,a40b46d2-e97b-4156-b6da-991f501b0f05,true,standard_derived,
Windows.Win32.System.WindowsSync,IFilterKeyMap,ca169652-07c6-4708-a3da-6e4eba8d2297,true,standard_derived,
Windows.Win32.System.WindowsSync,IFilterRequestCallback,82df8873-6360-463a-a8a1-ede5e1a1594d,true,standard_derived,
Windows.Win32.System.WindowsSync,IFilterTrackingProvider,743383c0-fc4e-45ba-ad81-d9d84c7a24f8,true,standard_derived,
Windows.Win32.System.WindowsSync,IFilterTrackingRequestCallback,713ca7bb-c858-4674-b4b6-1122436587a9,true,standard_derived,
Windows.Win32.System.WindowsSync,IFilterTrackingSyncChangeBuilder,295024a0-70da-4c58-883c-ce2afb308d0b,true,standard_derived,
Windows.Win32.System.WindowsSync,IForgottenKnowledge,456e0f96-6036-452b-9f9d-bcc4b4a85db2,false,,missing_allocator
Windows.Win32.System.WindowsSync,IKnowledgeSyncProvider,43434a49-8da4-47f2-8172-ad7b8b024978,true,standard_derived,
Windows.Win32.System.WindowsSync,ILoadChangeContext,44a4aaca-ec39-46d5-b5c9-d633c0ee67e2,true,standard_derived,
Windows.Win32.System.WindowsSync,IProviderConverter,809b7276-98cf-4957-93a5-0ebdd3dddffd,true,standard_derived,
Windows.Win32.System.WindowsSync,IRangeException,75ae8777-6848-49f7-956c-a3a92f5096e8,false,,missing_allocator
Windows.Win32.System.WindowsSync,IRecoverableError,0f5625e8-0a7b-45ee-9637-1ce13645909e,true,standard_derived,
Windows.Win32.System.WindowsSync,IRecoverableErrorData,b37c4a0a-4b7d-4c2d-9711-3b00d119b1c8,true,standard_derived,
Windows.Win32.System.WindowsSync,IRegisteredSyncProvider,913bcf76-47c1-40b5-a896-5e8a9c414c14,true,standard_derived,
Windows.Win32.System.WindowsSync,IReplicaKeyMap,2209f4fc-fd10-4ff0-84a8-f0a1982e440e,true,standard_derived,
Windows.Win32.System.WindowsSync,IRequestFilteredSync,2e020184-6d18-46a7-a32a-da4aeb06696c,true,standard_derived,
Windows.Win32.System.WindowsSync,ISingleItemException,892fb9b0-7c55-4a18-9316-fdf449569b64,false,,missing_allocator
Windows.Win32.System.WindowsSync,ISupportFilteredSync,3d128ded-d555-4e0d-bf4b-fb213a8a9302,true,standard_derived,
Windows.Win32.System.WindowsSync,ISupportLastWriteTime,eadf816f-d0bd-43ca-8f40-5acdc6c06f7a,true,standard_derived,
Windows.Win32.System.WindowsSync,ISyncCallback,0599797f-5ed9-485c-ae36-0c5d1bf2e7a5,true,standard_derived,
Windows.Win32.System.WindowsSync,ISyncCallback2,47ce84af-7442-4ead-8630-12015e030ad7,true,standard_derived,
Windows.Win32.System.WindowsSync,ISyncChange,a1952beb-0f6b-4711-b136-01da85b968a6,true,standard_derived,
Windows.Win32.System.WindowsSync,ISyncChangeBatch,70c64dee-380f-4c2e-8f70-31c55bd5f9b3,true,standard_derived,
Windows.Win32.System.WindowsSync,ISyncChangeBatch2,225f4a33-f5ee-4cc7-b039-67a262b4b2ac,true,standard_derived,
Windows.Win32.System.WindowsSync,ISyncChangeBatchAdvanced,0f1a4995-cbc8-421d-b550-5d0bebf3e9a5,true,standard_derived,
Windows.Win32.System.WindowsSync,ISyncChangeBatchBase,52f6e694-6a71-4494-a184-a8311bf5d227,true,standard_derived,
Windows.Win32.System.WindowsSync,ISyncChangeBatchBase2,6fdb596a-d755-4584-bd0c-c0c23a548fbf,true,standard_derived,
Windows.Win32.System.WindowsSync,ISyncChangeBatchWithFilterKeyMap,de247002-566d-459a-a6ed-a5aab3459fb7,true,standard_derived,
Windows.Win32.System.WindowsSync,ISyncChangeBatchWithPrerequisite,097f13be-5b92-4048-b3f2-7b42a2515e07,true,standard_derived,
Windows.Win32.System.WindowsSync,ISyncChangeBuilder,56f14771-8677-484f-a170-e386e418a676,true,standard_derived,
Windows.Win32.System.WindowsSync,ISyncChangeUnit,60edd8ca-7341-4bb7-95ce-fab6394b51cb,true,standard_derived,
Windows.Win32.System.WindowsSync,ISyncChangeWithFilterKeyMap,bfe1ef00-e87d-42fd-a4e9-242d70414aef,true,standard_derived,
Windows.Win32.System.WindowsSync,ISyncChangeWithPrerequisite,9e38382f-1589-48c3-92e4-05ecdcb4f3f7,true,standard_derived,
Windows.Win32.System.WindowsSync,ISyncConstraintCallback,8af3843e-75b3-438c-bb51-6f020d70d3cb,true,standard_derived,
Windows.Win32.System.WindowsSync,ISyncDataConverter,435d4861-68d5-44aa-a0f9-72a0b00ef9cf,true,standard_derived,
Windows.Win32.System.WindowsSync,ISyncFilter,087a3f15-0fcb-44c1-9639-53c14e2b5506,true,standard_derived,
Windows.Win32.System.WindowsSync,ISyncFilterDeserializer,b45b7a72-e5c7-46be-9c82-77b8b15dab8a,true,standard_derived,
Windows.Win32.System.WindowsSync,ISyncFilterInfo,794eaaf8-3f2e-47e6-9728-17e6fcf94cb7,true,standard_derived,
Windows.Win32.System.WindowsSync,ISyncFilterInfo2,19b394ba-e3d0-468c-934d-321968b2ab34,true,standard_derived,
Windows.Win32.System.WindowsSync,ISyncFullEnumerationChange,9785e0bd-bdff-40c4-98c5-b34b2f1991b3,true,standard_derived,
Windows.Win32.System.WindowsSync,ISyncFullEnumerationChangeBatch,ef64197d-4f44-4ea2-b355-4524713e3bed,true,standard_derived,
Windows.Win32.System.WindowsSync,ISyncFullEnumerationChangeBatch2,e06449f4-a205-4b65-9724-01b22101eec1,true,standard_derived,
Windows.Win32.System.WindowsSync,ISyncKnowledge,615bbb53-c945-4203-bf4b-2cb65919a0aa,false,,missing_allocator
Windows.Win32.System.WindowsSync,ISyncKnowledge2,ed0addc0-3b4b-46a1-9a45-45661d2114c8,false,,missing_allocator
Windows.Win32.System.WindowsSync,ISyncMergeTombstoneChange,6ec62597-0903-484c-ad61-36d6e938f47b,true,standard_derived,
Windows.Win32.System.WindowsSync,ISyncProvider,8f657056-2bce-4a17-8c68-c7bb7898b56f,true,standard_derived,
Windows.Win32.System.WindowsSync,ISyncProviderConfigUI,7b0705f6-cbcd-4071-ab05-3bdc364d4a0c,true,standard_derived,
Windows.Win32.System.WindowsSync,ISyncProviderConfigUIInfo,214141ae-33d7-4d8d-8e37-f227e880ce50,true,standard_derived,
Windows.Win32.System.WindowsSync,ISyncProviderInfo,1ee135de-88a4-4504-b0d0-f7920d7e5ba6,true,standard_derived,
Windows.Win32.System.WindowsSync,ISyncProviderRegistration,cb45953b-7624-47bc-a472-eb8cac6b222e,false,,missing_handle_ownership
Windows.Win32.System.WindowsSync,ISyncRegistrationChange,eea0d9ae-6b29-43b4-9e70-e3ae33bb2c3b,true,standard_derived,
Windows.Win32.System.WindowsSync,ISyncSessionExtendedErrorInfo,326c6810-790a-409b-b741-6999388761eb,true,standard_derived,
Windows.Win32.System.WindowsSync,ISyncSessionState,b8a940fe-9f01-483b-9434-c37d361225d9,true,standard_derived,
Windows.Win32.System.WindowsSync,ISyncSessionState2,9e37cfa3-9e38-4c61-9ca3-ffe810b45ca2,true,standard_derived,
Windows.Win32.System.WindowsSync,ISynchronousDataRetriever,9b22f2a9-a4cd-4648-9d8e-3a510d4da04b,true,standard_derived,
Windows.Win32.System.Wmi,IEnumWbemClassObject,027947e1-d731-11ce-a357-000000000001,false,,safe_projection_incomplete
Windows.Win32.System.Wmi,IMofCompiler,6daf974e-2e37-11d2-aec9-00c04fb68820,true,standard_derived,
Windows.Win32.System.Wmi,ISWbemDateTime,5e97458a-cf77-11d3-b38f-00105a1f473a,true,standard_derived,
Windows.Win32.System.Wmi,ISWbemEventSource,27d54d92-0ebe-11d2-8b22-00600806d9b6,true,standard_derived,
Windows.Win32.System.Wmi,ISWbemLastError,d962db84-d4bb-11d1-8b09-00600806d9b6,true,standard_derived,
Windows.Win32.System.Wmi,ISWbemLocator,76a6415b-cb41-11d1-8b02-00600806d9b6,true,standard_derived,
Windows.Win32.System.Wmi,ISWbemMethod,422e8e90-d955-11d1-8b09-00600806d9b6,true,standard_derived,
Windows.Win32.System.Wmi,ISWbemMethodSet,c93ba292-d955-11d1-8b09-00600806d9b6,true,standard_derived,
Windows.Win32.System.Wmi,ISWbemNamedValue,76a64164-cb41-11d1-8b02-00600806d9b6,true,standard_derived,
Windows.Win32.System.Wmi,ISWbemNamedValueSet,cf2376ea-ce8c-11d1-8b05-00600806d9b6,true,standard_derived,
Windows.Win32.System.Wmi,ISWbemObject,76a6415a-cb41-11d1-8b02-00600806d9b6,true,standard_derived,
Windows.Win32.System.Wmi,ISWbemObjectEx,269ad56a-8a67-4129-bc8c-0506dcfe9880,true,standard_derived,
Windows.Win32.System.Wmi,ISWbemObjectPath,5791bc27-ce9c-11d1-97bf-0000f81e849c,true,standard_derived,
Windows.Win32.System.Wmi,ISWbemObjectSet,76a6415f-cb41-11d1-8b02-00600806d9b6,true,standard_derived,
Windows.Win32.System.Wmi,ISWbemPrivilege,26ee67bd-5804-11d2-8b4a-00600806d9b6,true,standard_derived,
Windows.Win32.System.Wmi,ISWbemPrivilegeSet,26ee67bf-5804-11d2-8b4a-00600806d9b6,true,standard_derived,
Windows.Win32.System.Wmi,ISWbemProperty,1a388f98-d4ba-11d1-8b09-00600806d9b6,true,standard_derived,
Windows.Win32.System.Wmi,ISWbemPropertySet,dea0a7b2-d4ba-11d1-8b09-00600806d9b6,true,standard_derived,
Windows.Win32.System.Wmi,ISWbemQualifier,79b05932-d3b7-11d1-8b06-00600806d9b6,true,standard_derived,
Windows.Win32.System.Wmi,ISWbemQualifierSet,9b16ed16-d3df-11d1-8b08-00600806d9b6,true,standard_derived,
Windows.Win32.System.Wmi,ISWbemRefreshableItem,5ad4bf92-daab-11d3-b38f-00105a1f473a,true,standard_derived,
Windows.Win32.System.Wmi,ISWbemRefresher,14d8250e-d9c2-11d3-b38f-00105a1f473a,true,standard_derived,
Windows.Win32.System.Wmi,ISWbemSecurity,b54d66e6-2287-11d2-8b33-00600806d9b6,true,standard_derived,
Windows.Win32.System.Wmi,ISWbemServices,76a6415c-cb41-11d1-8b02-00600806d9b6,true,standard_derived,
Windows.Win32.System.Wmi,ISWbemServicesEx,d2f68443-85dc-427e-91d8-366554cc754c,true,standard_derived,
Windows.Win32.System.Wmi,ISWbemSink,75718c9f-f029-11d1-a1ac-00c04fb6c223,true,standard_derived,
Windows.Win32.System.Wmi,ISWbemSinkEvents,75718ca0-f029-11d1-a1ac-00c04fb6c223,true,standard_derived,
Windows.Win32.System.Wmi,IUnsecuredApartment,1cfaba8c-1523-11d1-ad79-00c04fd8fdff,true,standard_derived,
Windows.Win32.System.Wmi,IWMIExtension,adc1f06e-5c7e-11d2-8b74-00104b2afb41,true,standard_derived,
Windows.Win32.System.Wmi,IWbemAddressResolution,f7ce2e12-8c90-11d1-9e7b-00c04fc324a8,false,,missing_allocator
Windows.Win32.System.Wmi,IWbemBackupRestore,c49e32c7-bc8b-11d2-85d4-00105a1f8304,true,standard_derived,
Windows.Win32.System.Wmi,IWbemBackupRestoreEx,a359dec5-e813-4834-8a2a-ba7f1d777d76,true,standard_derived,
Windows.Win32.System.Wmi,IWbemCallResult,44aca675-e8fc-11d0-a07c-00c04fb68820,true,standard_derived,
Windows.Win32.System.Wmi,IWbemClassObject,dc12a681-737f-11cf-884d-00aa004b2e24,false,,safe_projection_incomplete
Windows.Win32.System.Wmi,IWbemClientConnectionTransport,a889c72a-fcc1-4a9e-af61-ed071333fb5b,false,,missing_allocator
Windows.Win32.System.Wmi,IWbemClientTransport,f7ce2e11-8c90-11d1-9e7b-00c04fc324a8,true,standard_derived,
Windows.Win32.System.Wmi,IWbemConfigureRefresher,49353c92-516b-11d1-aea6-00c04fb68820,true,standard_derived,
Windows.Win32.System.Wmi,IWbemConnectorLogin,d8ec9cb1-b135-4f10-8b1b-c7188bb0d186,true,standard_derived,
Windows.Win32.System.Wmi,IWbemConstructClassObject,9ef76194-70d5-11d1-ad90-00c04fd8fdff,true,standard_derived,
Windows.Win32.System.Wmi,IWbemContext,44aca674-e8fc-11d0-a07c-00c04fb68820,true,exact_registry_dependent,
Windows.Win32.System.Wmi,IWbemDecoupledBasicEventProvider,86336d20-ca11-4786-9ef1-bc8a946b42fc,true,standard_derived,
Windows.Win32.System.Wmi,IWbemDecoupledRegistrar,1005cbcf-e64f-4646-bcd3-3a089d8a84b4,true,standard_derived,
Windows.Win32.System.Wmi,IWbemEventConsumerProvider,e246107a-b06e-11d0-ad61-00c04fd8fdff,true,standard_derived,
Windows.Win32.System.Wmi,IWbemEventProvider,e245105b-b06e-11d0-ad61-00c04fd8fdff,true,standard_derived,
Windows.Win32.System.Wmi,IWbemEventProviderQuerySink,580acaf8-fa1c-11d0-ad72-00c04fd8fdff,true,standard_derived,
Windows.Win32.System.Wmi,IWbemEventProviderSecurity,631f7d96-d993-11d2-b339-00105a1f4aaf,true,standard_derived,
Windows.Win32.System.Wmi,IWbemEventSink,3ae0080a-7e3a-4366-bf89-0feedc931659,true,standard_derived,
Windows.Win32.System.Wmi,IWbemHiPerfEnum,2705c288-79ae-11d2-b348-00105a1f8177,true,standard_derived,
Windows.Win32.System.Wmi,IWbemHiPerfProvider,49353c93-516b-11d1-aea6-00c04fb68820,true,standard_derived,
Windows.Win32.System.Wmi,IWbemLevel1Login,f309ad18-d86a-11d0-a075-00c04fb68820,true,standard_derived,
Windows.Win32.System.Wmi,IWbemLocator,dc12a687-737f-11cf-884d-00aa004b2e24,true,standard_derived,
Windows.Win32.System.Wmi,IWbemObjectAccess,49353c9a-516b-11d1-aea6-00c04fb68820,false,,safe_projection_incomplete
Windows.Win32.System.Wmi,IWbemObjectSink,7c857801-7381-11cf-884d-00aa004b2e24,true,standard_derived,
Windows.Win32.System.Wmi,IWbemObjectSinkEx,e7d35cfa-348b-485e-b524-252725d697ca,true,standard_derived,
Windows.Win32.System.Wmi,IWbemObjectTextSrc,bfbf883a-cad7-11d3-a11b-00105a1f515a,true,standard_derived,
Windows.Win32.System.Wmi,IWbemPath,3bc15af2-736c-477e-9e51-238af8667dcc,false,,safe_projection_incomplete
Windows.Win32.System.Wmi,IWbemPathKeyList,9ae62877-7544-4bb0-aa26-a13824659ed6,false,,external_pointee_storage
Windows.Win32.System.Wmi,IWbemPropertyProvider,ce61e841-65bc-11d0-b6bd-00aa003240c7,true,standard_derived,
Windows.Win32.System.Wmi,IWbemProviderIdentity,631f7d97-d993-11d2-b339-00105a1f4aaf,true,standard_derived,
Windows.Win32.System.Wmi,IWbemProviderInit,1be41572-91dd-11d1-aeb2-00c04fb68820,true,standard_derived,
Windows.Win32.System.Wmi,IWbemProviderInitSink,1be41571-91dd-11d1-aeb2-00c04fb68820,true,standard_derived,
Windows.Win32.System.Wmi,IWbemQualifierSet,dc12a680-737f-11cf-884d-00aa004b2e24,false,,safe_projection_incomplete
Windows.Win32.System.Wmi,IWbemQuery,81166f58-dd98-11d3-a120-00105a1f515a,false,,external_pointee_storage
Windows.Win32.System.Wmi,IWbemRefresher,49353c99-516b-11d1-aea6-00c04fb68820,true,standard_derived,
Windows.Win32.System.Wmi,IWbemServices,9556dc99-828c-11cf-a37e-00aa003240c7,false,,missing_interface_replacement_contract
Windows.Win32.System.Wmi,IWbemShutdown,b7b31df9-d515-11d3-a11c-00105a1f515a,true,standard_derived,
Windows.Win32.System.Wmi,IWbemStatusCodeText,eb87e1bc-3233-11d2-aec9-00c04fb68820,true,standard_derived,
Windows.Win32.System.Wmi,IWbemTransport,553fe584-2156-11d0-b6ae-00aa003240c7,true,standard_derived,
Windows.Win32.System.Wmi,IWbemUnboundObjectSink,e246107b-b06e-11d0-ad61-00c04fd8fdff,true,standard_derived,
Windows.Win32.System.Wmi,IWbemUnsecuredApartment,31739d04-3471-4cf4-9a7c-57a44ae71956,true,standard_derived,
Windows.Win32.UI.Accessibility,IAccIdentity,7852b78d-1cfd-41c1-a615-9c0c85960b5f,false,,missing_allocator
Windows.Win32.UI.Accessibility,IAccPropServer,76c0dbbb-15e0-4e7b-b61b-20eeea2001e0,true,standard_derived,
Windows.Win32.UI.Accessibility,IAccPropServices,6e26e776-04f0-495d-80e4-3330352e3169,false,,missing_allocator
Windows.Win32.UI.Accessibility,IAccessible,618736e0-3c3d-11cf-810c-00aa00389b71,true,standard_derived,
Windows.Win32.UI.Accessibility,IAccessibleEx,f8b80ada-2c44-48d0-89be-5ff23c9cd875,true,exact_registry_dependent,
Windows.Win32.UI.Accessibility,IAccessibleHandler,03022430-abc4-11d0-bde2-00aa001a1953,true,standard_derived,
Windows.Win32.UI.Accessibility,IAccessibleHostingElementProviders,33ac331b-943e-4020-b295-db37784974a3,true,exact_registry_dependent,
Windows.Win32.UI.Accessibility,IAccessibleWindowlessSite,bf3abd9c-76da-4389-9eb6-1427d25abab7,true,exact_registry_dependent,
Windows.Win32.UI.Accessibility,IAnnotationProvider,f95c7e80-bd63-4601-9782-445ebff011fc,true,standard_derived,
Windows.Win32.UI.Accessibility,ICustomNavigationProvider,2062a28a-8c07-4b94-8e12-7037c622aeb8,true,standard_derived,
Windows.Win32.UI.Accessibility,IDockProvider,159bc72c-4ad3-485e-9637-d7052edf0146,true,standard_derived,
Windows.Win32.UI.Accessibility,IDragProvider,6aa7bbbb-7ff9-497d-904f-d20b897929d8,true,exact_registry_dependent,
Windows.Win32.UI.Accessibility,IDropTargetProvider,bae82bfd-358a-481c-85a0-d8b4d90a5d61,true,exact_registry_dependent,
Windows.Win32.UI.Accessibility,IExpandCollapseProvider,d847d3a5-cab0-4a98-8c32-ecb45c59ad24,true,standard_derived,
Windows.Win32.UI.Accessibility,IGridItemProvider,d02541f1-fb81-4d64-ae32-f520f8a6dbd1,true,standard_derived,
Windows.Win32.UI.Accessibility,IGridProvider,b17d6187-0907-464b-a168-0ef17a1572b1,true,standard_derived,
Windows.Win32.UI.Accessibility,IInvokeProvider,54fcb24b-e18e-47a2-b4d3-eccbe77599a2,true,standard_derived,
Windows.Win32.UI.Accessibility,IItemContainerProvider,e747770b-39ce-4382-ab30-d8fb3f336f24,true,standard_derived,
Windows.Win32.UI.Accessibility,ILegacyIAccessibleProvider,e44c3566-915d-4070-99c6-047bff5a08f5,true,exact_registry_dependent,
Windows.Win32.UI.Accessibility,IMultipleViewProvider,6278cab1-b556-4a1a-b4e0-418acc523201,true,exact_registry_dependent,
Windows.Win32.UI.Accessibility,IObjectModelProvider,3ad86ebd-f5ef-483d-bb18-b1042a475d64,true,standard_derived,
Windows.Win32.UI.Accessibility,IProxyProviderWinEventHandler,89592ad4-f4e0-43d5-a3b6-bad7e111b435,true,standard_derived,
Windows.Win32.UI.Accessibility,IProxyProviderWinEventSink,4fd82b78-a43e-46ac-9803-0a6969c7c183,true,exact_registry_dependent,
Windows.Win32.UI.Accessibility,IRangeValueProvider,36dc7aef-33e6-4691-afe1-2be7274b3d33,true,standard_derived,
Windows.Win32.UI.Accessibility,IRawElementProviderAdviseEvents,a407b27b-0f6d-4427-9292-473c7bf93258,true,exact_registry_dependent,
Windows.Win32.UI.Accessibility,IRawElementProviderFragment,f7063da8-8359-439c-9297-bbc5299a7d87,true,exact_registry_dependent,
Windows.Win32.UI.Accessibility,IRawElementProviderFragmentRoot,620ce2a5-ab8f-40a9-86cb-de3c75599b58,true,standard_derived,
Windows.Win32.UI.Accessibility,IRawElementProviderHostingAccessibles,24be0b07-d37d-487a-98cf-a13ed465e9b3,true,exact_registry_dependent,
Windows.Win32.UI.Accessibility,IRawElementProviderHwndOverride,1d5df27c-8947-4425-b8d9-79787bb460b8,true,standard_derived,
Windows.Win32.UI.Accessibility,IRawElementProviderSimple,d6dd68d1-86fd-4332-8666-9abedea2d24c,true,standard_derived,
Windows.Win32.UI.Accessibility,IRawElementProviderSimple2,a0a839a9-8da1-4a82-806a-8e0d44e79f56,true,standard_derived,
Windows.Win32.UI.Accessibility,IRawElementProviderSimple3,fcf5d820-d7ec-4613-bdf6-42a84ce7daaf,true,standard_derived,
Windows.Win32.UI.Accessibility,IRawElementProviderWindowlessSite,0a2a93cc-bfad-42ac-9b2e-0991fb0d3ea0,true,exact_registry_dependent,
Windows.Win32.UI.Accessibility,IRichEditUiaInformation,23969a9d-8546-4032-a1bb-73750cbf3333,true,standard_derived,
Windows.Win32.UI.Accessibility,IRicheditWindowlessAccessibility,983e572d-20cd-460b-9104-83111592dd10,true,standard_derived,
Windows.Win32.UI.Accessibility,IScrollItemProvider,2360c714-4bf1-4b26-ba65-9b21316127eb,true,standard_derived,
Windows.Win32.UI.Accessibility,IScrollProvider,b38b8077-1fc3-42a5-8cae-d40c2215055a,true,standard_derived,
Windows.Win32.UI.Accessibility,ISelectionItemProvider,2acad808-b2d4-452d-a407-91ff1ad167b2,true,standard_derived,
Windows.Win32.UI.Accessibility,ISelectionProvider,fb8b03af-3bdf-48d4-bd36-1a65793be168,true,exact_registry_dependent,
Windows.Win32.UI.Accessibility,ISelectionProvider2,14f68475-ee1c-44f6-a869-d239381f0fe7,true,exact_registry_dependent,
Windows.Win32.UI.Accessibility,ISpreadsheetItemProvider,eaed4660-7b3d-4879-a2e6-365ce603f3d0,true,exact_registry_dependent,
Windows.Win32.UI.Accessibility,ISpreadsheetProvider,6f6b5d35-5525-4f80-b758-85473832ffc7,true,standard_derived,
Windows.Win32.UI.Accessibility,IStylesProvider,19b6b649-f5d7-4a6d-bdcb-129252be588a,true,standard_derived,
Windows.Win32.UI.Accessibility,ISynchronizedInputProvider,29db1a06-02ce-4cf7-9b42-565d4fab20ee,true,standard_derived,
Windows.Win32.UI.Accessibility,ITableItemProvider,b9734fa6-771f-4d78-9c90-2517999349cd,true,exact_registry_dependent,
Windows.Win32.UI.Accessibility,ITableProvider,9c860395-97b3-490a-b52a-858cc22af166,true,exact_registry_dependent,
Windows.Win32.UI.Accessibility,ITextChildProvider,4c2de2b9-c88f-4f88-a111-f1d336b7d1a9,true,standard_derived,
Windows.Win32.UI.Accessibility,ITextEditProvider,ea3605b4-3a05-400e-b5f9-4e91b40f6176,true,exact_registry_dependent,
Windows.Win32.UI.Accessibility,ITextProvider,3589c92c-63f3-4367-99bb-ada653b77cf2,true,exact_registry_dependent,
Windows.Win32.UI.Accessibility,ITextProvider2,0dc5e6ed-3e16-4bf1-8f9a-a979878bc195,true,exact_registry_dependent,
Windows.Win32.UI.Accessibility,ITextRangeProvider,5347ad7b-c355-46f8-aff5-909033582f63,true,exact_registry_dependent,
Windows.Win32.UI.Accessibility,ITextRangeProvider2,9bbce42c-1921-4f18-89ca-dba1910a0386,true,exact_registry_dependent,
Windows.Win32.UI.Accessibility,IToggleProvider,56d00bd0-c4f4-433c-a836-1a52a57e0892,true,standard_derived,
Windows.Win32.UI.Accessibility,ITransformProvider,6829ddc4-4f91-4ffa-b86f-bd3e2987cb4c,true,standard_derived,
Windows.Win32.UI.Accessibility,ITransformProvider2,4758742f-7ac2-460c-bc48-09fc09308a93,true,standard_derived,
Windows.Win32.UI.Accessibility,IUIAutomation,30cbe57d-d9d0-452a-ab13-7ac5ac4825ee,false,,missing_allocator
Windows.Win32.UI.Accessibility,IUIAutomation2,34723aff-0c9d-49d0-9896-7ab52df8cd8a,false,,missing_allocator
Windows.Win32.UI.Accessibility,IUIAutomation3,73d768da-9b51-4b89-936e-c209290973e7,false,,missing_allocator
Windows.Win32.UI.Accessibility,IUIAutomation4,1189c02a-05f8-4319-8e21-e817e3db2860,false,,missing_allocator
Windows.Win32.UI.Accessibility,IUIAutomation5,25f700c8-d816-4057-a9dc-3cbdee77e256,false,,missing_allocator
Windows.Win32.UI.Accessibility,IUIAutomation6,aae072da-29e3-413d-87a7-192dbf81ed10,false,,missing_allocator
Windows.Win32.UI.Accessibility,IUIAutomationActiveTextPositionChangedEventHandler,f97933b0-8dae-4496-8997-5ba015fe0d82,true,standard_derived,
Windows.Win32.UI.Accessibility,IUIAutomationAndCondition,a7d0af36-b912-45fe-9855-091ddc174aec,false,,safe_projection_incomplete
Windows.Win32.UI.Accessibility,IUIAutomationAnnotationPattern,9a175b21-339e-41b1-8e8b-623f6b681098,true,standard_derived,
Windows.Win32.UI.Accessibility,IUIAutomationBoolCondition,1b4e1f2e-75eb-4d0b-8952-5a69988e2307,true,standard_derived,
Windows.Win32.UI.Accessibility,IUIAutomationCacheRequest,b32a92b5-bc25-4078-9c08-d7ee95c48e03,true,standard_derived,
Windows.Win32.UI.Accessibility,IUIAutomationChangesEventHandler,58edca55-2c3e-4980-b1b9-56c17f27a2a0,false,,external_pointee_storage
Windows.Win32.UI.Accessibility,IUIAutomationClientConnectionCallback,5b8e8f2a-9c7d-4f3e-a1b2-8d6e9f4c0a1b,true,standard_derived,
Windows.Win32.UI.Accessibility,IUIAutomationClientInfo,b2e8a3f1-4c5d-4e7a-8f6b-3d2e1c9a0b8f,true,standard_derived,
Windows.Win32.UI.Accessibility,IUIAutomationClientInfoSource,f4b8a2e1-9c3d-4a7e-8f6b-2d5e4c1a9b8f,true,exact_registry_dependent,
Windows.Win32.UI.Accessibility,IUIAutomationCondition,352ffba8-0973-437c-a61f-f64cafd81df9,true,standard_derived,
Windows.Win32.UI.Accessibility,IUIAutomationCustomNavigationPattern,01ea217a-1766-47ed-a6cc-acf492854b1f,true,standard_derived,
Windows.Win32.UI.Accessibility,IUIAutomationDockPattern,fde5ef97-1464-48f6-90bf-43d0948e86ec,true,standard_derived,
Windows.Win32.UI.Accessibility,IUIAutomationDragPattern,1dc7b570-1f54-4bad-bcda-d36a722fb7bd,true,exact_registry_dependent,
Windows.Win32.UI.Accessibility,IUIAutomationDropTargetPattern,69a095f7-eee4-430e-a46b-fb73b1ae39a5,true,exact_registry_dependent,
Windows.Win32.UI.Accessibility,IUIAutomationElement,d22108aa-8ac5-49a5-837b-37bbb3d7591e,true,exact_registry_dependent,
Windows.Win32.UI.Accessibility,IUIAutomationElement2,6749c683-f70d-4487-a698-5f79d55290d6,true,exact_registry_dependent,
Windows.Win32.UI.Accessibility,IUIAutomationElement3,8471df34-aee0-4a01-a7de-7db9af12c296,true,exact_registry_dependent,
Windows.Win32.UI.Accessibility,IUIAutomationElement4,3b6e233c-52fb-4063-a4c9-77c075c2a06b,true,exact_registry_dependent,
Windows.Win32.UI.Accessibility,IUIAutomationElement5,98141c1d-0d0e-4175-bbe2-6bff455842a7,true,exact_registry_dependent,
Windows.Win32.UI.Accessibility,IUIAutomationElement6,4780d450-8bca-4977-afa5-a4a517f555e3,true,exact_registry_dependent,
Windows.Win32.UI.Accessibility,IUIAutomationElement7,204e8572-cfc3-4c11-b0c8-7da7420750b7,true,exact_registry_dependent,
Windows.Win32.UI.Accessibility,IUIAutomationElement8,8c60217d-5411-4cde-bcc0-1ceda223830c,true,exact_registry_dependent,
Windows.Win32.UI.Accessibility,IUIAutomationElement9,39325fac-039d-440e-a3a3-5eb81a5cecc3,true,exact_registry_dependent,
Windows.Win32.UI.Accessibility,IUIAutomationElementArray,14314595-b4bc-4055-95f2-58f2e42c9855,true,standard_derived,
Windows.Win32.UI.Accessibility,IUIAutomationEventHandler,146c3c17-f12e-4e22-8c27-f894b9b79c69,true,standard_derived,
Windows.Win32.UI.Accessibility,IUIAutomationEventHandlerGroup,c9ee12f2-c13b-4408-997c-639914377f4e,true,standard_derived,
Windows.Win32.UI.Accessibility,IUIAutomationExpandCollapsePattern,619be086-1f4e-4ee4-bafa-210128738730,true,standard_derived,
Windows.Win32.UI.Accessibility,IUIAutomationFocusChangedEventHandler,c270f6b5-5c69-4290-9745-7a7f97169468,true,standard_derived,
Windows.Win32.UI.Accessibility,IUIAutomationGridItemPattern,78f8ef57-66c3-4e09-bd7c-e79b2004894d,true,standard_derived,
Windows.Win32.UI.Accessibility,IUIAutomationGridPattern,414c3cdc-856b-4f5b-8538-3131c6302550,true,standard_derived,
Windows.Win32.UI.Accessibility,IUIAutomationInvokePattern,fb377fbe-8ea6-46d5-9c73-6499642d3059,true,standard_derived,
Windows.Win32.UI.Accessibility,IUIAutomationItemContainerPattern,c690fdb2-27a8-423c-812d-429773c9084e,true,standard_derived,
Windows.Win32.UI.Accessibility,IUIAutomationLegacyIAccessiblePattern,828055ad-355b-4435-86d5-3b51c14a9b1b,true,standard_derived,
Windows.Win32.UI.Accessibility,IUIAutomationMultipleViewPattern,8d253c91-1dc5-4bb5-b18f-ade16fa495e8,true,exact_registry_dependent,
Windows.Win32.UI.Accessibility,IUIAutomationNotCondition,f528b657-847b-498c-8896-d52b565407a1,true,standard_derived,
Windows.Win32.UI.Accessibility,IUIAutomationNotificationEventHandler,c7cb2637-e6c2-4d0c-85de-4948c02175c7,true,standard_derived,
Windows.Win32.UI.Accessibility,IUIAutomationObjectModelPattern,71c284b3-c14d-4d14-981e-19751b0d756d,true,standard_derived,
Windows.Win32.UI.Accessibility,IUIAutomationOrCondition,8753f032-3db1-47b5-a1fc-6e34a266c712,false,,safe_projection_incomplete
Windows.Win32.UI.Accessibility,IUIAutomationPatternHandler,d97022f3-a947-465e-8b2a-ac4315fa54e8,true,standard_derived,
Windows.Win32.UI.Accessibility,IUIAutomationPatternInstance,c03a7fe4-9431-409f-bed8-ae7c2299bc8d,false,,external_pointee_storage
Windows.Win32.UI.Accessibility,IUIAutomationPropertyChangedEventHandler,40cd37d4-c756-4b0c-8c6f-bddfeeb13b50,true,standard_derived,
Windows.Win32.UI.Accessibility,IUIAutomationPropertyCondition,99ebf2cb-5578-4267-9ad4-afd6ea77e94b,true,standard_derived,
Windows.Win32.UI.Accessibility,IUIAutomationProxyFactory,85b94ecd-849d-42b6-b94d-d6db23fdf5a4,true,standard_derived,
Windows.Win32.UI.Accessibility,IUIAutomationProxyFactoryEntry,d50e472e-b64b-490c-bca1-d30696f9f289,true,exact_registry_dependent,
Windows.Win32.UI.Accessibility,IUIAutomationProxyFactoryMapping,09e31e18-872d-4873-93d1-1e541ec133fd,true,exact_registry_dependent,
Windows.Win32.UI.Accessibility,IUIAutomationRangeValuePattern,59213f4f-7346-49e5-b120-80555987a148,true,standard_derived,
Windows.Win32.UI.Accessibility,IUIAutomationRegistrar,8609c4ec-4a1a-4d88-a357-5a66e060e1cf,false,,external_pointee_storage
Windows.Win32.UI.Accessibility,IUIAutomationScrollItemPattern,b488300f-d015-4f19-9c29-bb595e3645ef,true,standard_derived,
Windows.Win32.UI.Accessibility,IUIAutomationScrollPattern,88f4d42a-e881-459d-a77c-73bbbb7e02dc,true,standard_derived,
Windows.Win32.UI.Accessibility,IUIAutomationSelectionItemPattern,a8efa66a-0fda-421a-9194-38021f3578ea,true,standard_derived,
Windows.Win32.UI.Accessibility,IUIAutomationSelectionPattern,5ed5202e-b2ac-47a6-b638-4b0bf140d78e,true,standard_derived,
Windows.Win32.UI.Accessibility,IUIAutomationSelectionPattern2,0532bfae-c011-4e32-a343-6d642d798555,true,standard_derived,
Windows.Win32.UI.Accessibility,IUIAutomationSpreadsheetItemPattern,7d4fb86c-8d34-40e1-8e83-62c15204e335,true,exact_registry_dependent,
Windows.Win32.UI.Accessibility,IUIAutomationSpreadsheetPattern,7517a7c8-faae-4de9-9f08-29b91e8595c1,true,standard_derived,
Windows.Win32.UI.Accessibility,IUIAutomationStructureChangedEventHandler,e81d1b4e-11c5-42f8-9754-e7036c79f054,true,exact_registry_dependent,
Windows.Win32.UI.Accessibility,IUIAutomationStylesPattern,85b5f0a2-bd79-484a-ad2b-388c9838d5fb,false,,missing_allocator
Windows.Win32.UI.Accessibility,IUIAutomationSynchronizedInputPattern,2233be0b-afb7-448b-9fda-3b378aa5eae1,true,standard_derived,
Windows.Win32.UI.Accessibility,IUIAutomationTableItemPattern,0b964eb3-ef2e-4464-9c79-61d61737a27e,true,standard_derived,
Windows.Win32.UI.Accessibility,IUIAutomationTablePattern,620e691c-ea96-4710-a850-754b24ce2417,true,standard_derived,
Windows.Win32.UI.Accessibility,IUIAutomationTextChildPattern,6552b038-ae05-40c8-abfd-aa08352aab86,true,standard_derived,
Windows.Win32.UI.Accessibility,IUIAutomationTextEditPattern,17e21576-996c-4870-99d9-bff323380c06,true,standard_derived,
Windows.Win32.UI.Accessibility,IUIAutomationTextEditTextChangedEventHandler,92faa680-e704-4156-931a-e32d5bb38f3f,true,exact_registry_dependent,
Windows.Win32.UI.Accessibility,IUIAutomationTextPattern,32eba289-3583-42c9-9c59-3b6d9a1e9b6a,true,standard_derived,
Windows.Win32.UI.Accessibility,IUIAutomationTextPattern2,506a921a-fcc9-409f-b23b-37eb74106872,true,standard_derived,
Windows.Win32.UI.Accessibility,IUIAutomationTextRange,a543cc6a-f4ae-494b-8239-c814481187a8,true,exact_registry_dependent,
Windows.Win32.UI.Accessibility,IUIAutomationTextRange2,bb9b40e0-5e04-46bd-9be0-4b601b9afad4,true,exact_registry_dependent,
Windows.Win32.UI.Accessibility,IUIAutomationTextRange3,6a315d69-5512-4c2e-85f0-53fce6dd4bc2,true,exact_registry_dependent,
Windows.Win32.UI.Accessibility,IUIAutomationTextRangeArray,ce4ae76a-e717-4c98-81ea-47371d028eb6,true,standard_derived,
Windows.Win32.UI.Accessibility,IUIAutomationTogglePattern,94cf8058-9b8d-4ab9-8bfd-4cd0a33c8c70,true,standard_derived,
Windows.Win32.UI.Accessibility,IUIAutomationTransformPattern,a9b55844-a55d-4ef0-926d-569c16ff89bb,true,standard_derived,
Windows.Win32.UI.Accessibility,IUIAutomationTransformPattern2,6d74d017-6ecb-4381-b38b-3c17a48ff1c2,true,standard_derived,
Windows.Win32.UI.Accessibility,IUIAutomationTreeWalker,4042c624-389c-4afc-a630-9df854a541fc,true,standard_derived,
Windows.Win32.UI.Accessibility,IUIAutomationValuePattern,a94cd8b1-0844-4cd6-9d2d-640537ab39e9,true,standard_derived,
Windows.Win32.UI.Accessibility,IUIAutomationVirtualizedItemPattern,6ba3d7a6-04cf-4f11-8793-a8d1cde9969f,true,standard_derived,
Windows.Win32.UI.Accessibility,IUIAutomationWindowPattern,0faef453-9208-43ef-bbb2-3b485177864f,true,standard_derived,
Windows.Win32.UI.Accessibility,IValueProvider,c7935180-6fb3-4201-b174-7df73adbf64a,true,standard_derived,
Windows.Win32.UI.Accessibility,IVirtualizedItemProvider,cb98b665-2d35-4fac-ad35-f3c60d0c0b8b,true,standard_derived,
Windows.Win32.UI.Accessibility,IWindowProvider,987df77b-db06-4d77-8f8a-86a9c3bb90b9,true,standard_derived,
Windows.Win32.UI.Animation,IUIAnimationInterpolator,7815cbba-ddf7-478c-a46c-7b6c738b7978,true,standard_derived,
Windows.Win32.UI.Animation,IUIAnimationInterpolator2,ea76aff8-ea22-4a23-a0ef-a6a966703518,true,standard_derived,
Windows.Win32.UI.Animation,IUIAnimationLoopIterationChangeHandler2,2d3b15a4-4762-47ab-a030-b23221df3ae0,true,standard_derived,
Windows.Win32.UI.Animation,IUIAnimationManager,9169896c-ac8d-4e7d-94e5-67fa4dc2f2e8,true,standard_derived,
Windows.Win32.UI.Animation,IUIAnimationManager2,d8b6f7d4-4109-4d3f-acee-879926968cb1,true,standard_derived,
Windows.Win32.UI.Animation,IUIAnimationManagerEventHandler,783321ed-78a3-4366-b574-6af607a64788,true,standard_derived,
Windows.Win32.UI.Animation,IUIAnimationManagerEventHandler2,f6e022ba-bff3-42ec-9033-e073f33e83c3,true,standard_derived,
Windows.Win32.UI.Animation,IUIAnimationPrimitiveInterpolation,bab20d63-4361-45da-a24f-ab8508846b5b,true,standard_derived,
Windows.Win32.UI.Animation,IUIAnimationPriorityComparison,83fa9b74-5f86-4618-bc6a-a2fac19b3f44,true,standard_derived,
Windows.Win32.UI.Animation,IUIAnimationPriorityComparison2,5b6d7a37-4621-467c-8b05-70131de62ddb,true,standard_derived,
Windows.Win32.UI.Animation,IUIAnimationStoryboard,a8ff128f-9bf9-4af1-9e67-e5e410defb84,true,standard_derived,
Windows.Win32.UI.Animation,IUIAnimationStoryboard2,ae289cd2-12d4-4945-9419-9e41be034df2,true,standard_derived,
Windows.Win32.UI.Animation,IUIAnimationStoryboardEventHandler,3d5c9008-ec7c-4364-9f8a-9af3c58cbae6,true,standard_derived,
Windows.Win32.UI.Animation,IUIAnimationStoryboardEventHandler2,bac5f55a-ba7c-414c-b599-fbf850f553c6,true,standard_derived,
Windows.Win32.UI.Animation,IUIAnimationTimer,6b0efad1-a053-41d6-9085-33a689144665,true,standard_derived,
Windows.Win32.UI.Animation,IUIAnimationTimerClientEventHandler,bedb4db6-94fa-4bfb-a47f-ef2d9e408c25,true,standard_derived,
Windows.Win32.UI.Animation,IUIAnimationTimerEventHandler,274a7dea-d771-4095-abbd-8df7abd23ce3,true,standard_derived,
Windows.Win32.UI.Animation,IUIAnimationTimerUpdateHandler,195509b7-5d5e-4e3e-b278-ee3759b367ad,true,standard_derived,
Windows.Win32.UI.Animation,IUIAnimationTransition,dc6ce252-f731-41cf-b610-614b6ca049ad,true,standard_derived,
Windows.Win32.UI.Animation,IUIAnimationTransition2,62ff9123-a85a-4e9b-a218-435a93e268fd,true,standard_derived,
Windows.Win32.UI.Animation,IUIAnimationTransitionFactory,fcd91e03-3e3b-45ad-bbb1-6dfc8153743d,true,standard_derived,
Windows.Win32.UI.Animation,IUIAnimationTransitionFactory2,937d4916-c1a6-42d5-88d8-30344d6efe31,true,standard_derived,
Windows.Win32.UI.Animation,IUIAnimationTransitionLibrary,ca5a14b1-d24f-48b8-8fe4-c78169ba954e,true,standard_derived,
Windows.Win32.UI.Animation,IUIAnimationTransitionLibrary2,03cfae53-9580-4ee3-b363-2ece51b4af6a,true,standard_derived,
Windows.Win32.UI.Animation,IUIAnimationVariable,8ceeb155-2849-4ce5-9448-91ff70e1e4d9,true,standard_derived,
Windows.Win32.UI.Animation,IUIAnimationVariable2,4914b304-96ab-44d9-9e77-d5109b7e7466,true,standard_derived,
Windows.Win32.UI.Animation,IUIAnimationVariableChangeHandler,6358b7ba-87d2-42d5-bf71-82e919dd5862,true,standard_derived,
Windows.Win32.UI.Animation,IUIAnimationVariableChangeHandler2,63acc8d2-6eae-4bb0-b879-586dd8cfbe42,true,standard_derived,
Windows.Win32.UI.Animation,IUIAnimationVariableCurveChangeHandler2,72895e91-0145-4c21-9192-5aab40eddf80,true,standard_derived,
Windows.Win32.UI.Animation,IUIAnimationVariableIntegerChangeHandler,bb3e1550-356e-44b0-99da-85ac6017865e,true,standard_derived,
Windows.Win32.UI.Animation,IUIAnimationVariableIntegerChangeHandler2,829b6cf1-4f3a-4412-ae09-b243eb4c6b58,true,standard_derived,
Windows.Win32.UI.ColorSystem,IDeviceModelPlugIn,1cd63475-07c4-46fe-a903-d655316d11fd,false,,safe_projection_incomplete
Windows.Win32.UI.ColorSystem,IGamutMapModelPlugIn,2dd80115-ad1e-41f6-a219-a4f4b583d1f9,false,,nested_pointer_lifetime
Windows.Win32.UI.Controls.Dialogs,IPrintDialogCallback,5852a2c3-6530-11d1-b6a3-0000f8757bf9,true,standard_derived,
Windows.Win32.UI.Controls.Dialogs,IPrintDialogServices,509aaeda-5639-11d1-b6a1-0000f8757bf9,false,,incomplete_pointee_layout_for_storage
Windows.Win32.UI.Controls,IImageList,46eb5926-582e-4017-9fdf-e8998daa0950,false,,missing_allocator
Windows.Win32.UI.Controls,IImageList2,192b9d83-50fc-457b-90a0-2b82a8b5dae1,false,,missing_allocator
Windows.Win32.UI.Controls.RichEdit,IRichEditOle,00020d00-0000-0000-c000-000000000046,false,,incomplete_pointee_layout_for_storage
Windows.Win32.UI.Controls.RichEdit,IRichEditOleCallback,00020d03-0000-0000-c000-000000000046,false,,missing_handle_ownership
Windows.Win32.UI.Controls.RichEdit,IRicheditUiaOverrides,,false,,missing_declaring_iid
Windows.Win32.UI.Controls.RichEdit,ITextDisplays,c241f5f2-7206-11d8-a2c7-00a0d1d6c6b3,true,standard_derived,
Windows.Win32.UI.Controls.RichEdit,ITextDocument,8cc497c0-a1df-11ce-8098-00aa0047be5d,true,standard_derived,
Windows.Win32.UI.Controls.RichEdit,ITextDocument2,c241f5e0-7206-11d8-a2c7-00a0d1d6c6b3,true,standard_derived,
Windows.Win32.UI.Controls.RichEdit,ITextDocument2Old,01c25500-4268-11d1-883a-3c8b00c10000,true,standard_derived,
Windows.Win32.UI.Controls.RichEdit,ITextFont,8cc497c3-a1df-11ce-8098-00aa0047be5d,true,standard_derived,
Windows.Win32.UI.Controls.RichEdit,ITextFont2,c241f5e3-7206-11d8-a2c7-00a0d1d6c6b3,true,standard_derived,
Windows.Win32.UI.Controls.RichEdit,ITextHost,,false,,missing_declaring_iid
Windows.Win32.UI.Controls.RichEdit,ITextPara,8cc497c4-a1df-11ce-8098-00aa0047be5d,true,standard_derived,
Windows.Win32.UI.Controls.RichEdit,ITextPara2,c241f5e4-7206-11d8-a2c7-00a0d1d6c6b3,true,standard_derived,
Windows.Win32.UI.Controls.RichEdit,ITextRange,8cc497c2-a1df-11ce-8098-00aa0047be5d,true,standard_derived,
Windows.Win32.UI.Controls.RichEdit,ITextRange2,c241f5e2-7206-11d8-a2c7-00a0d1d6c6b3,true,standard_derived,
Windows.Win32.UI.Controls.RichEdit,ITextRow,c241f5ef-7206-11d8-a2c7-00a0d1d6c6b3,true,standard_derived,
Windows.Win32.UI.Controls.RichEdit,ITextSelection,8cc497c1-a1df-11ce-8098-00aa0047be5d,true,standard_derived,
Windows.Win32.UI.Controls.RichEdit,ITextSelection2,c241f5e1-7206-11d8-a2c7-00a0d1d6c6b3,true,standard_derived,
Windows.Win32.UI.Controls.RichEdit,ITextServices,,false,,incomplete_pointee_layout_for_storage
Windows.Win32.UI.Controls.RichEdit,ITextServices2,,false,,incomplete_pointee_layout_for_storage
Windows.Win32.UI.Controls.RichEdit,ITextStory,c241f5f3-7206-11d8-a2c7-00a0d1d6c6b3,true,standard_derived,
Windows.Win32.UI.Controls.RichEdit,ITextStoryRanges,8cc497c5-a1df-11ce-8098-00aa0047be5d,true,standard_derived,
Windows.Win32.UI.Controls.RichEdit,ITextStoryRanges2,c241f5e5-7206-11d8-a2c7-00a0d1d6c6b3,true,standard_derived,
Windows.Win32.UI.Controls.RichEdit,ITextStrings,c241f5e7-7206-11d8-a2c7-00a0d1d6c6b3,true,standard_derived,
Windows.Win32.UI.Input.GameInput,IGameInput,11be2a7e-4254-445a-9c09-ffc40f006918,false,,external_pointee_storage
Windows.Win32.UI.Input.GameInput,IGameInputDevice,31dd86fb-4c1b-408a-868f-439b3cd47125,false,,external_pointee_storage
Windows.Win32.UI.Input.GameInput,IGameInputDispatcher,415eed2e-98cb-42c2-8f28-b94601074e31,false,,missing_handle_ownership
Windows.Win32.UI.Input.GameInput,IGameInputForceFeedbackEffect,51bda05e-f742-45d9-b085-9444ae48381d,false,,incomplete_pointee_layout_for_storage
Windows.Win32.UI.Input.GameInput,IGameInputRawDeviceReport,61f08cf1-1ffc-40ca-a2b8-e1ab8bc5b6dc,false,,external_pointee_storage
Windows.Win32.UI.Input.GameInput,IGameInputReading,2156947a-e1fa-4de0-a30b-d812931dbd8d,false,,safe_projection_incomplete
Windows.Win32.UI.Input.Ime,IActiveIME,6fe20962-d077-11d0-8fe7-00aa006bcc59,false,,incomplete_pointee_layout_for_storage
Windows.Win32.UI.Input.Ime,IActiveIME2,e1c4bf0e-2d53-11d2-93e1-0060b067b86e,false,,incomplete_pointee_layout_for_storage
Windows.Win32.UI.Input.Ime,IActiveIMMApp,08c0e040-62d1-11d1-9326-0060b067b86e,false,,incomplete_pointee_layout_for_storage
Windows.Win32.UI.Input.Ime,IActiveIMMIME,08c03411-f96b-11d0-a475-00aa006bcc59,false,,incomplete_pointee_layout_for_storage
Windows.Win32.UI.Input.Ime,IActiveIMMMessagePumpOwner,b5cf2cfa-8aeb-11d1-9364-0060b067b86e,true,standard_derived,
Windows.Win32.UI.Input.Ime,IActiveIMMRegistrar,b3458082-bd00-11d1-939b-0060b067b86e,true,standard_derived,
Windows.Win32.UI.Input.Ime,IEnumInputContext,09b5eab0-f997-11d1-93d4-0060b067b86e,false,,missing_allocator
Windows.Win32.UI.Input.Ime,IEnumRegisterWordA,08c03412-f96b-11d0-a475-00aa006bcc59,false,,safe_projection_incomplete
Windows.Win32.UI.Input.Ime,IEnumRegisterWordW,4955dd31-b159-11d0-8fcf-00aa006bcc59,false,,safe_projection_incomplete
Windows.Win32.UI.Input.Ime,IFEClassFactory,,false,,missing_interface_iid
Windows.Win32.UI.Input.Ime,IFECommon,019f7151-e6db-11d0-83c3-00c04fddb82e,false,,incomplete_pointee_layout_for_storage
Windows.Win32.UI.Input.Ime,IFEDictionary,019f7153-e6db-11d0-83c3-00c04fddb82e,false,,incomplete_pointee_layout_for_storage
Windows.Win32.UI.Input.Ime,IFELanguage,019f7152-e6db-11d0-83c3-00c04fddb82e,false,,external_pointee_storage
Windows.Win32.UI.Input.Ime,IImePad,5d8e643a-c3a9-11d1-afef-00805f0c8b6d,true,standard_derived,
Windows.Win32.UI.Input.Ime,IImePadApplet,5d8e643b-c3a9-11d1-afef-00805f0c8b6d,false,,safe_projection_incomplete
Windows.Win32.UI.Input.Ime,IImePlugInDictDictionaryList,98752974-b0a6-489b-8f6f-bff3769c8eeb,false,,safe_projection_incomplete
Windows.Win32.UI.Input.Ime,IImeSpecifyApplets,5d8e643c-c3a9-11d1-afef-00805f0c8b6d,false,,nested_pointer_lifetime
Windows.Win32.UI.Input.Ink,IInkCommitRequestHandler,fabea3fc-b108-45b6-a9fc-8d08fa9f85cf,true,standard_derived,
Windows.Win32.UI.Input.Ink,IInkD2DRenderer,407fb1de-f85a-4150-97cf-b7fb274fb4f8,true,standard_derived,
Windows.Win32.UI.Input.Ink,IInkD2DRenderer2,0a95dcd9-4578-4b71-b20b-bf664d4bfeee,true,standard_derived,
Windows.Win32.UI.Input.Ink,IInkDesktopHost,4ce7d875-a981-4140-a1ff-ad93258e8d59,true,standard_derived,
Windows.Win32.UI.Input.Ink,IInkHostWorkItem,ccda0a9a-1b78-4632-bb96-97800662e26c,true,standard_derived,
Windows.Win32.UI.Input.Ink,IInkPresenterDesktop,73f3c0d9-2e8b-48f3-895e-20cbd27b723b,true,standard_derived,
Windows.Win32.UI.Input.Radial,IRadialControllerConfigurationInterop,787cdaac-3186-476d-87e4-b9374a7b9970,true,standard_derived,
Windows.Win32.UI.Input.Radial,IRadialControllerIndependentInputSourceInterop,3d577eff-4cee-11e6-b535-001bdc06ab3b,true,standard_derived,
Windows.Win32.UI.Input.Radial,IRadialControllerInterop,1b0535c9-57ad-45c1-9d79-ad5c34360513,true,standard_derived,
Windows.Win32.UI.Input.Touch,IInertiaProcessor,18b00c6d-c5ee-41b1-90a9-9d4a929095ad,true,standard_derived,
Windows.Win32.UI.Input.Touch,IManipulationProcessor,a22ac519-8300-48a0-bef4-f1be8737dba4,true,standard_derived,
Windows.Win32.UI.Input.Touch,_IManipulationEvents,4f62c8da-9c53-4b22-93df-927a862bbb03,true,standard_derived,
Windows.Win32.UI.LegacyWindowsEnvironmentFeatures,IADesktopP2,b22754e2-4574-11d1-9888-006097deacf9,true,standard_derived,
Windows.Win32.UI.LegacyWindowsEnvironmentFeatures,IActiveDesktopP,52502ee0-ec80-11d0-89ab-00c04fc2972d,false,,safe_projection_incomplete
Windows.Win32.UI.LegacyWindowsEnvironmentFeatures,IBriefcaseInitiator,99180164-da16-101a-935c-444553540000,true,standard_derived,
Windows.Win32.UI.LegacyWindowsEnvironmentFeatures,IEmptyVolumeCache,8fce5227-04da-11d1-a004-00805f8abe06,false,,missing_allocator
Windows.Win32.UI.LegacyWindowsEnvironmentFeatures,IEmptyVolumeCache2,02b7e3ba-4db3-11d2-b2d9-00c04f8eec8c,false,,missing_allocator
Windows.Win32.UI.LegacyWindowsEnvironmentFeatures,IEmptyVolumeCacheCallBack,6e793361-73c6-11d0-8469-00aa00442901,true,standard_derived,
Windows.Win32.UI.LegacyWindowsEnvironmentFeatures,IReconcilableObject,99180162-da16-101a-935c-444553540000,false,,external_pointee_storage
Windows.Win32.UI.LegacyWindowsEnvironmentFeatures,IReconcileInitiator,99180161-da16-101a-935c-444553540000,true,standard_derived,
Windows.Win32.UI.Notifications,INotificationActivationCallback,53e31837-6600-4a81-9395-75cffe746f94,true,standard_derived,
Windows.Win32.UI.Ribbon,IUIApplication,d428903c-729a-491d-910d-682a08ff2522,true,standard_derived,
Windows.Win32.UI.Ribbon,IUICollection,df4f45bf-6f9d-4dd7-9d68-d8f9cd18c4db,true,standard_derived,
Windows.Win32.UI.Ribbon,IUICollectionChangedEvent,6502ae91-a14d-44b5-bbd0-62aacc581d52,true,standard_derived,
Windows.Win32.UI.Ribbon,IUICommandHandler,75ae0a2d-dc03-4c9f-8883-069660d0beb6,false,,safe_projection_incomplete
Windows.Win32.UI.Ribbon,IUIContextualUI,eea11f37-7c46-437c-8e55-b52122b29293,true,standard_derived,
Windows.Win32.UI.Ribbon,IUIEventLogger,ec3e1034-dbf4-41a1-95d5-03e0f1026e05,false,,external_pointee_storage
Windows.Win32.UI.Ribbon,IUIEventingManager,3be6ea7f-9a9b-4198-9368-9b0f923bd534,true,standard_derived,
Windows.Win32.UI.Ribbon,IUIFramework,f4f0385d-6872-43a8-ad09-4c339cb3f5c5,true,standard_derived,
Windows.Win32.UI.Ribbon,IUIImage,23c8c838-4de6-436b-ab01-5554bb7c30dd,false,,missing_handle_ownership
Windows.Win32.UI.Ribbon,IUIImageFromBitmap,18aba7f3-4c1c-4ba2-bf6c-f5c3326fa816,true,standard_derived,
Windows.Win32.UI.Ribbon,IUIRibbon,803982ab-370a-4f7e-a9e7-8784036a6e26,true,standard_derived,
Windows.Win32.UI.Ribbon,IUISimplePropertySet,c205bb48-5b1c-4219-a106-15bd0a5f24e2,true,standard_derived,
Windows.Win32.UI.Shell,CIE4ConnectionPoint,,false,,incomplete_pointee_layout_for_storage
Windows.Win32.UI.Shell.Common,IObjectArray,92ca9dcd-5622-4bba-a805-5e9f541bd8c9,true,standard_derived,
Windows.Win32.UI.Shell.Common,IObjectCollection,5632b1a4-e38a-400a-928a-d4cd63230295,true,standard_derived,
Windows.Win32.UI.Shell,DFConstraint,4a3df050-23bd-11d2-939f-00a0c91eedba,true,standard_derived,
Windows.Win32.UI.Shell,DShellFolderViewEvents,62112aa2-ebe4-11cf-a5fb-0020afe7292d,true,standard_derived,
Windows.Win32.UI.Shell,DShellNameSpaceEvents,55136806-b2de-11d1-b9f2-00a0c98bc547,true,standard_derived,
Windows.Win32.UI.Shell,DShellWindowsEvents,fe4106e0-399a-11d0-a48c-00a0c90a8f39,true,standard_derived,
Windows.Win32.UI.Shell,DWebBrowserEvents,eab22ac2-30c1-11cf-a7eb-0000c05bae0b,true,standard_derived,
Windows.Win32.UI.Shell,DWebBrowserEvents2,34a715a0-6587-11d0-924a-0020afc7ac4d,true,standard_derived,
Windows.Win32.UI.Shell,Folder,bbcbde60-c3ff-11ce-8350-444553540000,true,standard_derived,
Windows.Win32.UI.Shell,Folder2,f0d2d8ef-3890-11d2-bf8b-00c04fb93661,true,standard_derived,
Windows.Win32.UI.Shell,Folder3,a7ae5f64-c4d7-4d7f-9307-4d24ee54b841,true,standard_derived,
Windows.Win32.UI.Shell,FolderItem,fac32c80-cbe4-11ce-8350-444553540000,true,standard_derived,
Windows.Win32.UI.Shell,FolderItem2,edc817aa-92b8-11d1-b075-00c04fc33aa5,true,standard_derived,
Windows.Win32.UI.Shell,FolderItemVerb,08ec3e00-50b0-11cf-960c-0080c7f4ee85,true,standard_derived,
Windows.Win32.UI.Shell,FolderItemVerbs,1f8352c0-50b0-11cf-960c-0080c7f4ee85,true,standard_derived,
Windows.Win32.UI.Shell,FolderItems,744129e0-cbe5-11ce-8350-444553540000,true,standard_derived,
Windows.Win32.UI.Shell,FolderItems2,c94f0ad0-f363-11d2-a327-00c04f8eec7f,true,standard_derived,
Windows.Win32.UI.Shell,FolderItems3,eaa7c309-bbec-49d5-821d-64d966cb667f,true,standard_derived,
Windows.Win32.UI.Shell,IACList,77a130b0-94fd-11d0-a544-00c04fd7d062,true,standard_derived,
Windows.Win32.UI.Shell,IACList2,470141a0-5186-11d2-bbb6-0060977b464c,true,standard_derived,
Windows.Win32.UI.Shell,IAccessibilityDockingService,8849dc22-cedf-4c95-998d-051419dd3f76,false,,safe_projection_incomplete
Windows.Win32.UI.Shell,IAccessibilityDockingServiceCallback,157733fd-a592-42e5-b594-248468c5a81b,true,standard_derived,
Windows.Win32.UI.Shell,IAccessibleObject,95a391c5-9ed4-4c28-8401-ab9e06719e11,true,standard_derived,
Windows.Win32.UI.Shell,IActionProgress,49ff1173-eadc-446d-9285-156453a6431c,true,standard_derived,
Windows.Win32.UI.Shell,IActionProgressDialog,49ff1172-eadc-446d-9285-156453a6431c,true,standard_derived,
Windows.Win32.UI.Shell,IAppActivationUIInfo,abad189d-9fa3-4278-b3ca-8ca448a88dcb,false,,missing_allocator
Windows.Win32.UI.Shell,IAppPublisher,07250a10-9cf9-11d1-9076-006008059382,false,,nested_pointer_lifetime
Windows.Win32.UI.Shell,IAppVisibility,2246ea2d-caea-4444-a3c4-6de827e44313,false,,safe_projection_incomplete
Windows.Win32.UI.Shell,IAppVisibilityEvents,6584ce6b-7d82-49c2-89c9-c6bc02ba8c38,false,,safe_projection_incomplete
Windows.Win32.UI.Shell,IApplicationActivationManager,2e941141-7f97-4756-ba1d-9decde894a3d,true,standard_derived,
Windows.Win32.UI.Shell,IApplicationAssociationRegistration,4e530b0a-e611-4c77-a3ac-9031d022281b,false,,missing_allocator
Windows.Win32.UI.Shell,IApplicationAssociationRegistrationUI,1f76a169-f994-40ac-8fc8-0959e8874710,true,standard_derived,
Windows.Win32.UI.Shell,IApplicationDesignModeSettings,2a3dee9a-e31d-46d6-8508-bcc597db3557,true,standard_derived,
Windows.Win32.UI.Shell,IApplicationDesignModeSettings2,490514e1-675a-4d6e-a58d-e54901b4ca2f,true,standard_derived,
Windows.Win32.UI.Shell,IApplicationDestinations,12337d35-94c6-48a0-bce7-6a9c69d4d600,true,standard_derived,
Windows.Win32.UI.Shell,IApplicationDocumentLists,3c594f9f-9f30-47a1-979a-c9e83d3d0a06,true,standard_derived,
Windows.Win32.UI.Shell,IAssocHandler,f04061ac-1659-4a3f-a954-775aa57fc083,false,,missing_allocator
Windows.Win32.UI.Shell,IAssocHandlerInvoker,92218cab-ecaa-4335-8133-807fd234c2ee,true,standard_derived,
Windows.Win32.UI.Shell,IAttachmentExecute,73db1241-1e85-4581-8e4f-a81e1d0f8c57,false,,missing_handle_ownership
Windows.Win32.UI.Shell,IAttachmentExecute2,4f2b781f-a608-4543-abf0-49c246ebbba9,false,,missing_handle_ownership
Windows.Win32.UI.Shell,IAutoComplete,00bb2762-6a77-11d0-a535-00c04fd7d062,true,standard_derived,
Windows.Win32.UI.Shell,IAutoComplete2,eac04bc0-3791-11d2-bb95-0060977b464c,true,standard_derived,
Windows.Win32.UI.Shell,IAutoCompleteDropDown,3cd141f4-3c6a-11d2-bcaa-00c04fd929db,false,,missing_allocator
Windows.Win32.UI.Shell,IBandHost,b9075c7c-d48e-403f-ab99-d6c77a1084ac,true,standard_derived,
Windows.Win32.UI.Shell,IBandSite,4cf504b0-de96-11d0-8b3f-00a0c911e8e5,true,standard_derived,
Windows.Win32.UI.Shell,IBannerNotificationHandler,8d7b2ba7-db05-46a8-823c-d2b6de08ee91,true,standard_derived,
Windows.Win32.UI.Shell,IBanneredBar,596a9a94-013e-11d1-8d34-00a0c90f2719,false,,missing_handle_ownership
Windows.Win32.UI.Shell,IBrowserFrameOptions,10df43c8-1dbe-11d3-8b34-006097df5bd4,true,standard_derived,
Windows.Win32.UI.Shell,IBrowserService,02ba3b52-0547-11d1-b833-00c04fc9b31f,false,,external_pointee_storage
Windows.Win32.UI.Shell,IBrowserService2,68bd21cc-438b-11d2-a560-00a0c92dbfe8,false,,incomplete_pointee_layout_for_storage
Windows.Win32.UI.Shell,IBrowserService3,27d7ce21-762d-48f3-86f3-40e2fd3749c4,false,,incomplete_pointee_layout_for_storage
Windows.Win32.UI.Shell,IBrowserService4,639f1bff-e135-4096-abd8-e0f504d649a4,false,,incomplete_pointee_layout_for_storage
Windows.Win32.UI.Shell,ICDBurn,3d73a659-e5d0-4d42-afc0-5121ba425c8d,true,standard_derived,
Windows.Win32.UI.Shell,ICDBurnExt,2271dcca-74fc-4414-8fb7-c56b05ace2d7,true,standard_derived,
Windows.Win32.UI.Shell,ICategorizer,a3b14589-9174-49a8-89a3-06a1ae2b9ba7,false,,external_pointee_storage
Windows.Win32.UI.Shell,ICategoryProvider,9af64809-5864-4c26-a720-c1f78c086ee3,true,standard_derived,
Windows.Win32.UI.Shell,IColumnManager,d8ec27bb-3f3b-4042-b10a-4acfd924d453,false,,safe_projection_incomplete
Windows.Win32.UI.Shell,IColumnProvider,e8025004-1c42-11d2-be2c-00a0c9a83da1,false,,incomplete_pointee_layout_for_storage
Windows.Win32.UI.Shell,ICommDlgBrowser,000214f1-0000-0000-c000-000000000046,true,standard_derived,
Windows.Win32.UI.Shell,ICommDlgBrowser2,10339516-2894-11d2-9039-00c04f8eeb3e,true,standard_derived,
Windows.Win32.UI.Shell,ICommDlgBrowser3,c8ad25a1-3294-41ee-8165-71174bd01c57,true,standard_derived,
Windows.Win32.UI.Shell,IComputerInfoChangeNotify,0df60d92-6818-46d6-b358-d66170dde466,true,standard_derived,
Windows.Win32.UI.Shell,IConnectableCredentialProviderCredential,9387928b-ac75-4bf9-8ab2-2b93c4a55290,false,,missing_allocator
Windows.Win32.UI.Shell,IContactManagerInterop,99eacba7-e073-43b6-a896-55afe48a0833,true,standard_derived,
Windows.Win32.UI.Shell,IContextMenu,000214e4-0000-0000-c000-000000000046,false,,safe_projection_incomplete
Windows.Win32.UI.Shell,IContextMenu2,000214f4-0000-0000-c000-000000000046,false,,safe_projection_incomplete
Windows.Win32.UI.Shell,IContextMenu3,bcfce0a0-ec17-11d0-8d10-00a0c90f2719,false,,safe_projection_incomplete
Windows.Win32.UI.Shell,IContextMenuCB,3409e930-5a39-11d1-83fa-00a0c90dc849,true,standard_derived,
Windows.Win32.UI.Shell,IContextMenuSite,0811aebe-0b87-4c54-9e72-548cf649016b,true,standard_derived,
Windows.Win32.UI.Shell,ICopyHookA,000214ef-0000-0000-c000-000000000046,true,standard_derived,
Windows.Win32.UI.Shell,ICopyHookW,000214fc-0000-0000-c000-000000000046,true,standard_derived,
Windows.Win32.UI.Shell,ICreateProcessInputs,f6ef6140-e26f-4d82-bac4-e9ba5fd239a8,true,standard_derived,
Windows.Win32.UI.Shell,ICreatingProcess,c2b937a9-3110-4398-8a56-f34c6342d244,true,standard_derived,
Windows.Win32.UI.Shell,ICredentialProvider,d27c3481-5a1c-45b2-8aaa-c20ebbe8229e,false,,missing_allocator
Windows.Win32.UI.Shell,ICredentialProviderCredential,63913a93-40c1-481a-818d-4072ff8c70cc,false,,missing_allocator
Windows.Win32.UI.Shell,ICredentialProviderCredential2,fd672c54-40ea-4d6e-9b49-cfb1a7507bd7,false,,missing_allocator
Windows.Win32.UI.Shell,ICredentialProviderCredentialEvents,fa6fa76b-66b7-4b11-95f1-86171118e816,true,exact_registry_dependent,
Windows.Win32.UI.Shell,ICredentialProviderCredentialEvents2,b53c00b6-9922-4b78-b1f4-ddfe774dc39b,true,exact_registry_dependent,
Windows.Win32.UI.Shell,ICredentialProviderCredentialWithFieldOptions,dbc6fb30-c843-49e3-a645-573e6f39446a,true,standard_derived,
Windows.Win32.UI.Shell,ICredentialProviderEvents,34201e5a-a787-41a3-a5a4-bd6dcf2a854e,true,standard_derived,
Windows.Win32.UI.Shell,ICredentialProviderFilter,a5da53f9-d475-4080-a120-910c4a739880,false,,nested_pointer_lifetime
Windows.Win32.UI.Shell,ICredentialProviderSetUserArray,095c1484-1c0c-4388-9c6d-500e61bf84bd,true,standard_derived,
Windows.Win32.UI.Shell,ICredentialProviderUser,13793285-3ea6-40fd-b420-15f47da41fbb,false,,missing_allocator
Windows.Win32.UI.Shell,ICredentialProviderUserArray,90c119ae-0f18-4520-a1f1-114366a40fe8,true,standard_derived,
Windows.Win32.UI.Shell,ICurrentItem,240a7174-d653-4a1d-a6d3-d4943cfbfe3d,false,,external_pointee_storage
Windows.Win32.UI.Shell,ICurrentWorkingDirectory,91956d21-9276-11d1-921a-006097df5bd4,true,standard_derived,
Windows.Win32.UI.Shell,ICustomDestinationList,6332debf-87b5-4670-90c0-5e57b408a49e,true,standard_derived,
Windows.Win32.UI.Shell,IDataObjectAsyncCapability,3d8b0590-f691-11d2-8ea9-006097df5bd4,true,standard_derived,
Windows.Win32.UI.Shell,IDataObjectProvider,3d25f6d6-4b2a-433c-9184-7c33ad35d001,true,standard_derived,
Windows.Win32.UI.Shell,IDataTransferManagerInterop,3a3dcd6c-3eab-43dc-bcde-45671ce800c8,true,standard_derived,
Windows.Win32.UI.Shell,IDefaultExtractIconInit,41ded17d-d6b3-4261-997d-88c60e4b1d58,true,standard_derived,
Windows.Win32.UI.Shell,IDefaultFolderMenuInitialize,7690aa79-f8fc-4615-a327-36f7d18f5d91,false,,external_pointee_storage
Windows.Win32.UI.Shell,IDelegateFolder,add8ba80-002b-11d0-8f0f-00c04fd7d062,true,standard_derived,
Windows.Win32.UI.Shell,IDelegateItem,3c5a1c94-c951-4cb7-bb6d-3b93f30cce93,false,,external_pointee_storage
Windows.Win32.UI.Shell,IDeskBand,eb0fe172-1a3a-11d0-89b3-00a0c90a90ac,true,exact_registry_dependent,
Windows.Win32.UI.Shell,IDeskBand2,79d16de4-abee-4021-8d9d-9169b261d657,true,exact_registry_dependent,
Windows.Win32.UI.Shell,IDeskBandInfo,77e425fc-cbf9-4307-ba6a-bb5727745661,true,standard_derived,
Windows.Win32.UI.Shell,IDeskBar,eb0fe173-1a3a-11d0-89b3-00a0c90a90ac,true,exact_registry_dependent,
Windows.Win32.UI.Shell,IDeskBarClient,eb0fe175-1a3a-11d0-89b3-00a0c90a90ac,true,exact_registry_dependent,
Windows.Win32.UI.Shell,IDesktopGadget,c1646bc4-f298-4f91-a204-eb2dd1709d1a,true,standard_derived,
Windows.Win32.UI.Shell,IDesktopWallpaper,b92b56a9-8b55-4e14-9a89-0199bbb6f93b,false,,missing_allocator
Windows.Win32.UI.Shell,IDestinationStreamFactory,8a87781b-39a7-4a1f-aab3-a39b9c34a7d9,true,standard_derived,
Windows.Win32.UI.Shell,IDisplayItem,c6fd5997-9f6b-4888-8703-94e80e8cde3f,false,,external_pointee_storage
Windows.Win32.UI.Shell,IDocViewSite,87d605e0-c511-11cf-89a9-00a0c9054129,true,standard_derived,
Windows.Win32.UI.Shell,IDockingWindow,012dd920-7b26-11d0-8ca9-00a0c92dbfe8,true,exact_registry_dependent,
Windows.Win32.UI.Shell,IDockingWindowFrame,47d2657a-7b27-11d0-8ca9-00a0c92dbfe8,true,exact_registry_dependent,
Windows.Win32.UI.Shell,IDockingWindowSite,2a342fc2-7b26-11d0-8ca9-00a0c92dbfe8,true,exact_registry_dependent,
Windows.Win32.UI.Shell,IDragSourceHelper,de5bf786-477a-11d2-839d-00c04fd918d0,true,standard_derived,
Windows.Win32.UI.Shell,IDragSourceHelper2,83e07d0d-0c5f-4163-bf1a-60b274051e40,true,standard_derived,
Windows.Win32.UI.Shell,IDropTargetHelper,4657278b-411b-11d2-839a-00c04fd918d0,true,standard_derived,
Windows.Win32.UI.Shell,IDynamicHWHandler,dc2601d7-059e-42fc-a09d-2afd21b6d5f7,false,,missing_allocator
Windows.Win32.UI.Shell,IEnumACString,8e74c210-cf9d-4eaf-a403-7356428f0a5a,true,exact_registry_dependent,
Windows.Win32.UI.Shell,IEnumAssocHandlers,973810ae-9599-4b88-9e4d-6ee98c9552da,true,exact_registry_dependent,
Windows.Win32.UI.Shell,IEnumExplorerCommand,a88826f8-186f-4987-aade-ea0cef8fbfe8,true,exact_registry_dependent,
Windows.Win32.UI.Shell,IEnumExtraSearch,0e700be1-9db6-11d1-a1ce-00c04fd75d13,false,,safe_projection_incomplete
Windows.Win32.UI.Shell,IEnumFullIDList,d0191542-7954-4908-bc06-b2360bbe45ba,false,,external_pointee_storage
Windows.Win32.UI.Shell,IEnumHLITEM,79eac9c6-baf9-11ce-8c82-00aa004ba90b,false,,safe_projection_incomplete
Windows.Win32.UI.Shell,IEnumIDList,000214f2-0000-0000-c000-000000000046,false,,external_pointee_storage
Windows.Win32.UI.Shell,IEnumObjects,2c1c7e2e-2d0e-4059-831e-1e6f82335c2e,false,,missing_allocator
Windows.Win32.UI.Shell,IEnumPublishedApps,0b124f8c-91f0-11d1-b8b5-006008059382,false,,safe_projection_incomplete
Windows.Win32.UI.Shell,IEnumReadyCallback,61e00d45-8fff-4e60-924e-6537b61612dd,true,standard_derived,
Windows.Win32.UI.Shell,IEnumResources,2dd81fe3-a83c-4da9-a330-47249d345ba1,false,,safe_projection_incomplete
Windows.Win32.UI.Shell,IEnumShellItems,70629033-e363-4a28-a567-0db78006e6d7,true,exact_registry_dependent,
Windows.Win32.UI.Shell,IEnumSyncMgrConflict,82705914-dda3-4893-ba99-49de6c8c8036,true,exact_registry_dependent,
Windows.Win32.UI.Shell,IEnumSyncMgrEvents,c81a1d4e-8cf7-4683-80e0-bcae88d677b6,true,exact_registry_dependent,
Windows.Win32.UI.Shell,IEnumSyncMgrSyncItems,54b3abf3-f085-4181-b546-e29c403c726b,true,exact_registry_dependent,
Windows.Win32.UI.Shell,IEnumTravelLogEntry,7ebfdd85-ad18-11d3-a4c5-00c04f72d6b8,true,standard_derived,
Windows.Win32.UI.Shell,IEnumerableView,8c8bf236-1aec-495f-9894-91d57c3c686f,true,standard_derived,
Windows.Win32.UI.Shell,IExecuteCommand,7f9185b0-cb92-43c5-80a9-92277a4f7b54,true,standard_derived,
Windows.Win32.UI.Shell,IExecuteCommandApplicationHostEnvironment,18b21aa9-e184-4ff0-9f5e-f882d03771b3,true,standard_derived,
Windows.Win32.UI.Shell,IExecuteCommandHost,4b6832a2-5f04-4c9d-b89d-727a15d103e7,true,standard_derived,
Windows.Win32.UI.Shell,IExpDispSupport,0d7d1d00-6fc0-11d0-a974-00c04fd705a2,true,standard_derived,
Windows.Win32.UI.Shell,IExpDispSupportXP,2f0dd58c-f789-4f14-99fb-9293b3c9c212,false,,missing_interface_iid
Windows.Win32.UI.Shell,IExplorerBrowser,dfd3b6b5-c10c-4be9-85f6-a66969f402f6,false,,external_pointee_storage
Windows.Win32.UI.Shell,IExplorerBrowserEvents,361bbdc7-e6ee-4e13-be58-58e2240c810f,true,standard_derived,
Windows.Win32.UI.Shell,IExplorerCommand,a08ce4d0-fa25-44ab-b57c-c7b1c323e0b9,false,,missing_allocator
Windows.Win32.UI.Shell,IExplorerCommandProvider,64961751-0835-43c0-8ffe-d57686530e64,true,standard_derived,
Windows.Win32.UI.Shell,IExplorerCommandState,bddacb60-7657-47ae-8445-d23e1acf82ae,true,standard_derived,
Windows.Win32.UI.Shell,IExplorerPaneVisibility,e07010ec-bc17-44c0-97b0-46c7c95b9edc,true,standard_derived,
Windows.Win32.UI.Shell,IExtensionServices,79eac9cb-baf9-11ce-8c82-00aa004ba90b,true,standard_derived,
Windows.Win32.UI.Shell,IExtractIconA,000214eb-0000-0000-c000-000000000046,false,,missing_handle_ownership
Windows.Win32.UI.Shell,IExtractIconW,000214fa-0000-0000-c000-000000000046,false,,missing_handle_ownership
Windows.Win32.UI.Shell,IExtractImage,bb2e617c-0920-11d1-9a0b-00c04fc2d6c1,false,,missing_handle_ownership
Windows.Win32.UI.Shell,IExtractImage2,953bb1ee-93b4-11d1-98a3-00c04fb687da,false,,missing_handle_ownership
Windows.Win32.UI.Shell,IFileDialog,42f85136-db7e-439c-85f1-e4075d135fc8,true,exact_registry_dependent,
Windows.Win32.UI.Shell,IFileDialog2,61744fc7-85b5-4791-a9b0-272276309b13,true,exact_registry_dependent,
Windows.Win32.UI.Shell,IFileDialogControlEvents,36116642-d713-4b97-9b83-7484a9d00433,true,standard_derived,
Windows.Win32.UI.Shell,IFileDialogCustomize,e6fdd21a-163f-4975-9c8c-a69f1ba37034,false,,missing_allocator
Windows.Win32.UI.Shell,IFileDialogEvents,973510db-7d7f-452b-8975-74a85828d354,true,standard_derived,
Windows.Win32.UI.Shell,IFileIsInUse,64a1cbf0-3a1a-4461-9158-376969693950,false,,missing_allocator
Windows.Win32.UI.Shell,IFileOpenDialog,d57c7288-d4ad-4768-be02-9d969532d960,true,exact_registry_dependent,
Windows.Win32.UI.Shell,IFileOperation,947aab5f-0a5c-4c13-b4d6-4bf7836fc9f8,true,standard_derived,
Windows.Win32.UI.Shell,IFileOperation2,cd8f23c1-8f61-4916-909d-55bdd0918753,true,standard_derived,
Windows.Win32.UI.Shell,IFileOperationProgressSink,04b0f1a7-9490-44bc-96e1-4296a31252e2,true,standard_derived,
Windows.Win32.UI.Shell,IFileSaveDialog,84bccd23-5fde-4cdb-aea4-af64b83d78ab,true,exact_registry_dependent,
Windows.Win32.UI.Shell,IFileSearchBand,2d91eea1-9932-11d2-be86-00a0c9a83da1,false,,safe_projection_incomplete
Windows.Win32.UI.Shell,IFileSyncMergeHandler,d97b5aac-c792-433c-975d-35c4eadc7a9d,false,,safe_projection_incomplete
Windows.Win32.UI.Shell,IFileSystemBindData,01e18d10-4d8b-11d2-855d-006008059367,true,standard_derived,
Windows.Win32.UI.Shell,IFileSystemBindData2,3acf075f-71db-4afa-81f0-3fc4fdf2a5b8,true,standard_derived,
Windows.Win32.UI.Shell,IFolderBandPriv,47c01f95-e185-412c-b5c5-4f27df965aea,true,standard_derived,
Windows.Win32.UI.Shell,IFolderFilter,9cc22886-dc8e-11d2-b1d0-00c04f8eeb3e,false,,external_pointee_storage
Windows.Win32.UI.Shell,IFolderFilterSite,c0a651f5-b48b-11d2-b5ed-006097c686f6,true,standard_derived,
Windows.Win32.UI.Shell,IFolderView,cde725b0-ccc9-4519-917e-325d72fab4ce,false,,external_pointee_storage
Windows.Win32.UI.Shell,IFolderView2,1af3a467-214f-4298-908e-06b03e0b39f9,false,,external_pointee_storage
Windows.Win32.UI.Shell,IFolderViewHost,1ea58f02-d55a-411d-b09e-9e65ac21605b,true,standard_derived,
Windows.Win32.UI.Shell,IFolderViewOC,9ba05970-f6a8-11cf-a442-00a0c90a8f39,true,standard_derived,
Windows.Win32.UI.Shell,IFolderViewOptions,3cc974d2-b302-4d36-ad3e-06d93f695d3f,true,standard_derived,
Windows.Win32.UI.Shell,IFolderViewSettings,ae8c987d-8797-4ed3-be72-2a47dd938db0,false,,missing_allocator
Windows.Win32.UI.Shell,IFrameworkInputPane,5752238b-24f0-495a-82f1-2fd593056796,true,standard_derived,
Windows.Win32.UI.Shell,IFrameworkInputPaneHandler,226c537b-1e76-4d9e-a760-33db29922f18,true,standard_derived,
Windows.Win32.UI.Shell,IGetServiceIds,4a073526-6103-4e21-b7bc-f519d1524e5d,false,,missing_allocator
Windows.Win32.UI.Shell,IHWEventHandler,c1fb73d0-ec3a-4ba2-b512-8cdb9187b6d1,true,standard_derived,
Windows.Win32.UI.Shell,IHWEventHandler2,cfcc809f-295d-42e8-9ffc-424b33c487e6,true,standard_derived,
Windows.Win32.UI.Shell,IHandlerActivationHost,35094a87-8bb1-4237-96c6-c417eebdb078,true,standard_derived,
Windows.Win32.UI.Shell,IHandlerInfo,997706ef-f880-453b-8118-39e1a2d2655a,false,,missing_allocator
Windows.Win32.UI.Shell,IHandlerInfo2,31cca04c-04d3-4ea9-90de-97b15e87a532,false,,missing_allocator
Windows.Win32.UI.Shell,IHlink,79eac9c3-baf9-11ce-8c82-00aa004ba90b,false,,missing_allocator
Windows.Win32.UI.Shell,IHlinkBrowseContext,79eac9c7-baf9-11ce-8c82-00aa004ba90b,true,standard_derived,
Windows.Win32.UI.Shell,IHlinkFrame,79eac9c5-baf9-11ce-8c82-00aa004ba90b,true,standard_derived,
Windows.Win32.UI.Shell,IHlinkSite,79eac9c2-baf9-11ce-8c82-00aa004ba90b,true,standard_derived,
Windows.Win32.UI.Shell,IHlinkTarget,79eac9c4-baf9-11ce-8c82-00aa004ba90b,false,,missing_allocator
Windows.Win32.UI.Shell,IHomeGroup,7a3bd1d9-35a9-4fb3-a467-f48cac35e2d0,true,standard_derived,
Windows.Win32.UI.Shell,IIOCancelInformation,f5b0bf81-8cb5-4b1b-9449-1a159e0c733c,true,standard_derived,
Windows.Win32.UI.Shell,IIdentityName,7d903fca-d6f9-4810-8332-946c0177e247,false,,external_pointee_storage
Windows.Win32.UI.Shell,IImageRecompress,505f1513-6b3e-4892-a272-59f8889a4d3e,true,standard_derived,
Windows.Win32.UI.Shell,IInitializeCommand,85075acf-231f-40ea-9610-d26b7b58f638,true,standard_derived,
Windows.Win32.UI.Shell,IInitializeNetworkFolder,6e0f9881-42a8-4f2a-97f8-8af4e026d92d,true,standard_derived,
Windows.Win32.UI.Shell,IInitializeObject,4622ad16-ff23-11d0-8d34-00a0c90f2719,true,standard_derived,
Windows.Win32.UI.Shell,IInitializeWithBindCtx,71c0d2bc-726d-45cc-a6c0-2e31c1db2159,true,standard_derived,
Windows.Win32.UI.Shell,IInitializeWithItem,7f73be3f-fb79-493c-a6c7-7ee14e245841,true,standard_derived,
Windows.Win32.UI.Shell,IInitializeWithPropertyStore,c3e12eb5-7d8d-44f8-b6dd-0e77b34d6de4,true,standard_derived,
Windows.Win32.UI.Shell,IInitializeWithWindow,3e68d4bd-7135-4d10-8018-9fb6d9f33fa1,true,standard_derived,
Windows.Win32.UI.Shell,IInputObject,68284faa-6a48-11d0-8c78-00c04fd918b4,true,standard_derived,
Windows.Win32.UI.Shell,IInputObject2,6915c085-510b-44cd-94af-28dfa56cf92b,true,standard_derived,
Windows.Win32.UI.Shell,IInputObjectSite,f1db8392-7331-11d0-8c99-00a0c92dbfe8,true,standard_derived,
Windows.Win32.UI.Shell,IInputPaneAnimationCoordinator,2af16ba9-2de5-4b75-82d9-01372afbffb4,true,standard_derived,
Windows.Win32.UI.Shell,IInputPanelConfiguration,41c81592-514c-48bd-a22e-e6af638521a6,true,standard_derived,
Windows.Win32.UI.Shell,IInputPanelInvocationConfiguration,a213f136-3b45-4362-a332-efb6547cd432,true,standard_derived,
Windows.Win32.UI.Shell,IInsertItem,d2b57227-3d23-4b95-93c0-492bd454c356,true,standard_derived,
Windows.Win32.UI.Shell,IItemNameLimits,1df0d7f1-b267-4d28-8b10-12e23202a5c4,false,,missing_allocator
Windows.Win32.UI.Shell,IKnownFolder,3aa7af7e-9b36-420c-a8e3-f77d4674a488,false,,external_pointee_storage
Windows.Win32.UI.Shell,IKnownFolderManager,8be2d872-86aa-4d47-b776-32cca40c7018,false,,external_pointee_storage
Windows.Win32.UI.Shell,ILaunchSourceAppUserModelId,989191ac-28ff-4cf0-9584-e0d078bc2396,false,,missing_allocator
Windows.Win32.UI.Shell,ILaunchSourceViewSizePreference,e5aa01f7-1fb8-4830-8720-4e6734cbd5f3,true,exact_registry_dependent,
Windows.Win32.UI.Shell,ILaunchTargetMonitor,266fbc7e-490d-46ed-a96b-2274db252003,false,,missing_allocator
Windows.Win32.UI.Shell,ILaunchTargetViewSizePreference,2f0666c6-12f7-4360-b511-a394a0553725,true,standard_derived,
Windows.Win32.UI.Shell,ILaunchUIContext,1791e8f6-21c7-4340-882a-a6a93e3fd73b,true,standard_derived,
Windows.Win32.UI.Shell,ILaunchUIContextProvider,0d12c4c8-a3d9-4e24-94c1-0e20c5a956c4,true,standard_derived,
Windows.Win32.UI.Shell,IMenuBand,568804cd-cbd7-11d0-9816-00c04fd91972,false,,safe_projection_incomplete
Windows.Win32.UI.Shell,IMenuPopup,d1e7afeb-6a2e-11d0-8c78-00c04fd918b4,true,exact_registry_dependent,
Windows.Win32.UI.Shell,IModalWindow,b4db1657-70d7-485e-8e3e-6fcb5a5c1802,true,standard_derived,
Windows.Win32.UI.Shell,INameSpaceTreeAccessible,71f312de-43ed-4190-8477-e9536b82350b,true,standard_derived,
Windows.Win32.UI.Shell,INameSpaceTreeControl,028212a3-b627-47e9-8856-c14265554e4f,true,standard_derived,
Windows.Win32.UI.Shell,INameSpaceTreeControl2,7cc7aed8-290e-49bc-8945-c1401cc9306c,true,standard_derived,
Windows.Win32.UI.Shell,INameSpaceTreeControlCustomDraw,2d3ba758-33ee-42d5-bb7b-5f3431d86c78,false,,external_pointee_storage
Windows.Win32.UI.Shell,INameSpaceTreeControlDropHandler,f9c665d6-c2f2-4c19-bf33-8322d7352f51,true,standard_derived,
Windows.Win32.UI.Shell,INameSpaceTreeControlEvents,93d77985-b3d8-4484-8318-672cdda002ce,true,standard_derived,
Windows.Win32.UI.Shell,INameSpaceTreeControlFolderCapabilities,e9701183-e6b3-4ff2-8568-813615fec7be,true,standard_derived,
Windows.Win32.UI.Shell,INamedPropertyBag,fb700430-952c-11d1-946f-000000000000,false,,safe_projection_incomplete
Windows.Win32.UI.Shell,INamespaceWalk,57ced8a7-3f4a-432c-9350-30f24483f74f,false,,external_pointee_storage
Windows.Win32.UI.Shell,INamespaceWalkCB,d92995f8-cf5e-4a76-bf59-ead39ea2b97e,false,,external_pointee_storage
Windows.Win32.UI.Shell,INamespaceWalkCB2,7ac7492b-c38e-438a-87db-68737844ff70,false,,external_pointee_storage
Windows.Win32.UI.Shell,INetworkFolderInternal,ceb38218-c971-47bb-a703-f0bc99ccdb81,false,,external_pointee_storage
Windows.Win32.UI.Shell,INewMenuClient,dcb07fdc-3bb5-451c-90be-966644fed7b0,true,standard_derived,
Windows.Win32.UI.Shell,INewShortcutHookA,000214e1-0000-0000-c000-000000000046,false,,safe_projection_incomplete
Windows.Win32.UI.Shell,INewShortcutHookW,000214f7-0000-0000-c000-000000000046,true,standard_derived,
Windows.Win32.UI.Shell,INewWDEvents,0751c551-7568-41c9-8e5b-e22e38919236,true,standard_derived,
Windows.Win32.UI.Shell,INewWindowManager,d2bc4c84-3f72-4a52-a604-7bcbf3982cbb,true,standard_derived,
Windows.Win32.UI.Shell,INotifyReplica,99180163-da16-101a-935c-444553540000,false,,missing_interface_replacement_contract
Windows.Win32.UI.Shell,IObjMgr,00bb2761-6a77-11d0-a535-00c04fd7d062,true,standard_derived,
Windows.Win32.UI.Shell,IObjectProvider,a6087428-3be3-4d73-b308-7c04a540bf1a,true,standard_derived,
Windows.Win32.UI.Shell,IObjectWithAppUserModelID,36db0196-9665-46d1-9ba7-d3709eecf9ed,false,,missing_allocator
Windows.Win32.UI.Shell,IObjectWithBackReferences,321a6a6a-d61f-4bf3-97ae-14be2986bb36,true,standard_derived,
Windows.Win32.UI.Shell,IObjectWithCancelEvent,f279b885-0ae9-4b85-ac06-ddecf9408941,false,,missing_handle_ownership
Windows.Win32.UI.Shell,IObjectWithFolderEnumMode,6a9d9026-0e6e-464c-b000-42ecc07de673,true,standard_derived,
Windows.Win32.UI.Shell,IObjectWithPackageFullName,ed2aa515-602f-469c-a130-ce69fd0fa878,false,,missing_allocator
Windows.Win32.UI.Shell,IObjectWithProgID,71e806fb-8dee-46fc-bf8c-7748a8a1ae13,false,,missing_allocator
Windows.Win32.UI.Shell,IObjectWithSelection,1c9cd5bb-98e9-4491-a60f-31aacc72b83c,true,standard_derived,
Windows.Win32.UI.Shell,IOpenControlPanel,d11ad862-66de-4df4-bf6c-1f5621996af1,true,standard_derived,
Windows.Win32.UI.Shell,IOpenSearchSource,f0ee7333-e6fc-479b-9f25-a860c234a38e,true,standard_derived,
Windows.Win32.UI.Shell,IOperationsProgressDialog,0c9fb851-e5c9-43eb-a370-f0677b13874c,true,standard_derived,
Windows.Win32.UI.Shell,IPackageDebugSettings,f27c3930-8029-4ad1-94e3-3dba417810c1,false,,missing_allocator
Windows.Win32.UI.Shell,IPackageDebugSettings2,6e3194bb-ab82-4d22-93f5-fabda40e7b16,false,,missing_allocator
Windows.Win32.UI.Shell,IPackageExecutionStateChangeNotification,1bb12a62-2ad8-432b-8ccf-0c2c52afcd5b,true,standard_derived,
Windows.Win32.UI.Shell,IParentAndItem,b3a4b685-b685-4805-99d9-5dead2873236,false,,external_pointee_storage
Windows.Win32.UI.Shell,IParseAndCreateItem,67efed0e-e827-4408-b493-78f3982b685c,true,standard_derived,
Windows.Win32.UI.Shell,IPersistFolder,000214ea-0000-0000-c000-000000000046,true,standard_derived,
Windows.Win32.UI.Shell,IPersistFolder2,1ac3d9f0-175c-11d1-95be-00609797ea4f,false,,external_pointee_storage
Windows.Win32.UI.Shell,IPersistFolder3,cef04fdf-fe72-11d2-87a5-00c04f6837cf,false,,external_pointee_storage
Windows.Win32.UI.Shell,IPersistIDList,1079acfc-29bd-11d3-8e0d-00c04f6837d5,false,,external_pointee_storage
Windows.Win32.UI.Shell,IPreviewHandler,8895b1c6-b41f-4c1c-a562-0d564250836f,true,exact_registry_dependent,
Windows.Win32.UI.Shell,IPreviewHandlerFrame,fec87aaf-35f9-447a-adb7-20234491401a,false,,safe_projection_incomplete
Windows.Win32.UI.Shell,IPreviewHandlerVisuals,196bf9a5-b346-4ef0-aa1e-5dcdb76768b1,true,standard_derived,
Windows.Win32.UI.Shell,IPreviewItem,36149969-0a8f-49c8-8b00-4aecb20222fb,false,,external_pointee_storage
Windows.Win32.UI.Shell,IPreviousVersionsInfo,76e54780-ad74-48e3-a695-3ba9a0aff10d,true,standard_derived,
Windows.Win32.UI.Shell,IProfferService,cb728b20-f786-11ce-92ad-00aa00a74cd0,true,standard_derived,
Windows.Win32.UI.Shell,IProgressDialog,ebbc7c04-315e-11d2-b62f-006097df5bd4,true,standard_derived,
Windows.Win32.UI.Shell,IPropertyKeyStore,75bd59aa-f23b-4963-aba4-0b355752a91b,true,standard_derived,
Windows.Win32.UI.Shell,IPublishedApp,1bc752e0-9046-11d1-b8b3-006008059382,false,,safe_projection_incomplete
Windows.Win32.UI.Shell,IPublishedApp2,12b81347-1b3a-4a04-aa61-3f768b67fd7e,false,,safe_projection_incomplete
Windows.Win32.UI.Shell,IPublishingWizard,aa9198bb-ccec-472d-beed-19a4f6733f7a,false,,missing_allocator
Windows.Win32.UI.Shell,IQueryAssociations,c46ca590-3c3f-11d2-bee6-0000f805ca57,false,,external_pointee_storage
Windows.Win32.UI.Shell,IQueryCancelAutoPlay,ddefe873-6997-4e68-be26-39b633adbe12,true,standard_derived,
Windows.Win32.UI.Shell,IQueryCodePage,c7b236ce-ee80-11d0-985f-006008059382,true,standard_derived,
Windows.Win32.UI.Shell,IQueryContinue,7307055c-b24a-486b-9f25-163e597a28a9,true,standard_derived,
Windows.Win32.UI.Shell,IQueryContinueWithStatus,9090be5b-502b-41fb-bccc-0049a6c7254b,true,standard_derived,
Windows.Win32.UI.Shell,IQueryInfo,00021500-0000-0000-c000-000000000046,false,,missing_allocator
Windows.Win32.UI.Shell,IRegTreeItem,a9521922-0812-4d44-9ec3-7fd38c726f3d,true,standard_derived,
Windows.Win32.UI.Shell,IRelatedItem,a73ce67a-8ab1-44f1-8d43-d2fcbf6b1cd0,false,,external_pointee_storage
Windows.Win32.UI.Shell,IRemoteComputer,000214fe-0000-0000-c000-000000000046,true,standard_derived,
Windows.Win32.UI.Shell,IResolveShellLink,5cd52983-9449-11d2-963a-00c04f79adf0,true,standard_derived,
Windows.Win32.UI.Shell,IResultsFolder,96e5ae6d-6ae1-4b1c-900c-c6480eaa8828,false,,external_pointee_storage
Windows.Win32.UI.Shell,IRunnableTask,85788d00-6807-11d0-b810-00c04fd706ec,true,standard_derived,
Windows.Win32.UI.Shell,IScriptErrorList,f3470f24-15fd-11d2-bb2e-00805ff7efca,true,standard_derived,
Windows.Win32.UI.Shell,ISearchBoxInfo,6af6e03f-d664-4ef4-9626-f7e0ed36755e,false,,missing_allocator
Windows.Win32.UI.Shell,ISearchContext,09f656a2-41af-480c-88f7-16cc0d164615,true,standard_derived,
Windows.Win32.UI.Shell,ISearchFolderItemFactory,a0ffbc28-5482-4366-be27-3e81e78e06c2,false,,external_pointee_storage
Windows.Win32.UI.Shell,ISharedBitmap,091162a4-bc96-411f-aae8-c5122cd03363,false,,missing_handle_ownership
Windows.Win32.UI.Shell,ISharingConfigurationManager,b4cd448a-9c86-4466-9201-2e62105b87ae,true,standard_derived,
Windows.Win32.UI.Shell,IShellApp,a3e14960-935f-11d1-b8b8-006008059382,false,,safe_projection_incomplete
Windows.Win32.UI.Shell,IShellBrowser,000214e2-0000-0000-c000-000000000046,false,,external_pointee_storage
Windows.Win32.UI.Shell,IShellChangeNotify,d82be2b1-5764-11d0-a96e-00c04fd705a2,true,standard_derived,
Windows.Win32.UI.Shell,IShellDetails,000214ec-0000-0000-c000-000000000046,false,,incomplete_pointee_layout_for_storage
Windows.Win32.UI.Shell,IShellDispatch,d8f015c0-c278-11ce-a49e-444553540000,true,standard_derived,
Windows.Win32.UI.Shell,IShellDispatch2,a4c6892c-3ba9-11d2-9dea-00c04fb16162,true,standard_derived,
Windows.Win32.UI.Shell,IShellDispatch3,177160ca-bb5a-411c-841d-bd38facdeaa0,true,standard_derived,
Windows.Win32.UI.Shell,IShellDispatch4,efd84b2d-4bcf-4298-be25-eb542a59fbda,true,standard_derived,
Windows.Win32.UI.Shell,IShellDispatch5,866738b9-6cf2-4de8-8767-f794ebe74f4e,true,standard_derived,
Windows.Win32.UI.Shell,IShellDispatch6,286e6f1b-7113-4355-9562-96b7e9d64c54,true,standard_derived,
Windows.Win32.UI.Shell,IShellExtInit,000214e8-0000-0000-c000-000000000046,true,standard_derived,
Windows.Win32.UI.Shell,IShellFavoritesNameSpace,55136804-b2de-11d1-b9f2-00a0c98bc547,true,standard_derived,
Windows.Win32.UI.Shell,IShellFolder,000214e6-0000-0000-c000-000000000046,false,,incomplete_pointee_layout_for_storage
Windows.Win32.UI.Shell,IShellFolder2,93f2f68c-1d1b-11d3-a30e-00c04f79abd1,false,,incomplete_pointee_layout_for_storage
Windows.Win32.UI.Shell,IShellFolderBand,7fe80cc8-c247-11d0-b93a-00a0c90312e1,false,,incomplete_pointee_layout_for_storage
Windows.Win32.UI.Shell,IShellFolderView,37a378c0-f82d-11ce-ae65-08002b2e1262,false,,external_pointee_storage
Windows.Win32.UI.Shell,IShellFolderViewCB,2047e320-f2a9-11ce-ae65-08002b2e1262,true,standard_derived,
Windows.Win32.UI.Shell,IShellFolderViewDual,e7a1af80-4d96-11cf-960c-0080c7f4ee85,true,standard_derived,
Windows.Win32.UI.Shell,IShellFolderViewDual2,31c147b6-0ade-4a3c-b514-ddf932ef6d17,true,standard_derived,
Windows.Win32.UI.Shell,IShellFolderViewDual3,29ec8e6c-46d3-411f-baaa-611a6c9cac66,true,standard_derived,
Windows.Win32.UI.Shell,IShellIcon,000214e5-0000-0000-c000-000000000046,true,standard_derived,
Windows.Win32.UI.Shell,IShellIconOverlay,7d688a70-c613-11d0-999b-00c04fd655e1,true,standard_derived,
Windows.Win32.UI.Shell,IShellIconOverlayIdentifier,0c6c4200-c589-11d0-999a-00c04fd655e1,true,standard_derived,
Windows.Win32.UI.Shell,IShellIconOverlayManager,f10b5e34-dd3b-42a7-aa7d-2f4ec54bb09b,true,standard_derived,
Windows.Win32.UI.Shell,IShellImageData,bfdeec12-8040-4403-a5ea-9e07dafcf530,false,,missing_allocator
Windows.Win32.UI.Shell,IShellImageDataAbort,53fb8e58-50c0-4003-b4aa-0c8df28e7f3a,true,standard_derived,
Windows.Win32.UI.Shell,IShellImageDataFactory,9be8ed5c-edab-4d75-90f3-bd5bdbb21c82,true,standard_derived,
Windows.Win32.UI.Shell,IShellItem,43826d1e-e718-42ee-bc55-a1e261c37bfe,true,exact_registry_dependent,
Windows.Win32.UI.Shell,IShellItem2,7e9fb0d3-919f-4307-ab2e-9b1860310c93,false,,missing_allocator
Windows.Win32.UI.Shell,IShellItemArray,b63ea76d-1f85-456f-a19c-48159efa858b,true,standard_derived,
Windows.Win32.UI.Shell,IShellItemFilter,2659b475-eeb8-48b7-8f07-b378810f48cf,true,standard_derived,
Windows.Win32.UI.Shell,IShellItemImageFactory,bcc18b79-ba16-442f-80c4-8a59c30c463b,false,,missing_handle_ownership
Windows.Win32.UI.Shell,IShellItemResources,ff5693be-2ce0-4d48-b5c5-40817d1acdb9,false,,missing_allocator
Windows.Win32.UI.Shell,IShellLibrary,11a66efa-382e-451a-9234-1e0e12ef3085,false,,missing_allocator
Windows.Win32.UI.Shell,IShellLinkA,000214ee-0000-0000-c000-000000000046,false,,external_pointee_storage
Windows.Win32.UI.Shell,IShellLinkDataList,45e2b4ae-b1c3-11d0-b92f-00a0c90312e1,false,,external_pointee_storage
Windows.Win32.UI.Shell,IShellLinkDual,88a05c00-f000-11ce-8350-444553540000,true,standard_derived,
Windows.Win32.UI.Shell,IShellLinkDual2,317ee249-f12e-11d2-b1e4-00c04f8eeb3e,true,standard_derived,
Windows.Win32.UI.Shell,IShellLinkW,000214f9-0000-0000-c000-000000000046,true,exact_registry_dependent,
Windows.Win32.UI.Shell,IShellMenu,ee1f7637-e138-11d1-8379-00c04fd918d0,false,,incomplete_pointee_layout_for_storage
Windows.Win32.UI.Shell,IShellMenuCallback,4ca300a1-9b8d-11d1-8b22-00c04fd918d0,false,,incomplete_pointee_layout_for_storage
Windows.Win32.UI.Shell,IShellNameSpace,e572d3c9-37be-4ae2-825d-d521763e3108,true,standard_derived,
Windows.Win32.UI.Shell,IShellPropSheetExt,000214e9-0000-0000-c000-000000000046,false,,safe_projection_incomplete
Windows.Win32.UI.Shell,IShellRunDll,fce4bde0-4b68-4b80-8e9c-7426315a7388,true,standard_derived,
Windows.Win32.UI.Shell,IShellService,5836fb00-8187-11cf-a12b-00aa004ae837,true,standard_derived,
Windows.Win32.UI.Shell,IShellTaskScheduler,6ccb7be0-6807-11d0-b810-00c04fd706ec,true,standard_derived,
Windows.Win32.UI.Shell,IShellUIHelper,729fe2f8-1ea8-11d1-8f85-00c04fc2fbe1,false,,safe_projection_incomplete
Windows.Win32.UI.Shell,IShellUIHelper2,a7fe6eda-1932-4281-b881-87b31b8bc52c,false,,safe_projection_incomplete
Windows.Win32.UI.Shell,IShellUIHelper3,528df2ec-d419-40bc-9b6d-dcdbf9c1b25d,false,,safe_projection_incomplete
Windows.Win32.UI.Shell,IShellUIHelper4,b36e6a53-8073-499e-824c-d776330a333e,false,,safe_projection_incomplete
Windows.Win32.UI.Shell,IShellUIHelper5,a2a08b09-103d-4d3f-b91c-ea455ca82efa,false,,safe_projection_incomplete
Windows.Win32.UI.Shell,IShellUIHelper6,987a573e-46ee-4e89-96ab-ddf7f8fdc98c,false,,safe_projection_incomplete
Windows.Win32.UI.Shell,IShellUIHelper7,60e567c8-9573-4ab2-a264-637c6c161cb1,false,,safe_projection_incomplete
Windows.Win32.UI.Shell,IShellUIHelper8,66debcf2-05b0-4f07-b49b-b96241a65db2,false,,safe_projection_incomplete
Windows.Win32.UI.Shell,IShellUIHelper9,6cdf73b0-7f2f-451f-bc0f-63e0f3284e54,false,,safe_projection_incomplete
Windows.Win32.UI.Shell,IShellView,000214e3-0000-0000-c000-000000000046,false,,external_pointee_storage
Windows.Win32.UI.Shell,IShellView2,88e39e80-3578-11cf-ae69-08002b2e1262,false,,external_pointee_storage
Windows.Win32.UI.Shell,IShellView3,ec39fa88-f8af-41c5-8421-38bed28f4673,false,,external_pointee_storage
Windows.Win32.UI.Shell,IShellWindows,85cb6900-4d95-11cf-960c-0080c7f4ee85,true,standard_derived,
Windows.Win32.UI.Shell,ISortColumnArray,6dfc60fb-f2e9-459b-beb5-288f1a7c7d54,true,standard_derived,
Windows.Win32.UI.Shell,IStartMenuPinnedList,4cd19ada-25a5-4a32-b3b7-347bee5be36b,true,standard_derived,
Windows.Win32.UI.Shell,IStaticVerbProvider,4b770da6-d111-4015-96fd-8c1c56f06c55,true,standard_derived,
Windows.Win32.UI.Shell,IStorageProviderBanners,5efb46d7-47c0-4b68-acda-ded47c90ec91,false,,missing_allocator
Windows.Win32.UI.Shell,IStorageProviderCopyHook,7bf992a9-af7a-4dba-b2e5-4d080b1ecbc6,true,standard_derived,
Windows.Win32.UI.Shell,IStorageProviderHandler,162c6fb5-44d3-435b-903d-e613fa093fb5,true,standard_derived,
Windows.Win32.UI.Shell,IStorageProviderPropertyHandler,301dfbe5-524c-4b0f-8b2d-21c40b3a2988,true,standard_derived,
Windows.Win32.UI.Shell,IStreamAsync,fe0b6665-e0ca-49b9-a178-2b5cb48d92a5,false,,external_pointee_storage
Windows.Win32.UI.Shell,IStreamUnbufferedInfo,8a68fdda-1fdc-4c20-8ceb-416643b5a625,true,standard_derived,
Windows.Win32.UI.Shell,ISuspensionDependencyManager,52b83a42-2543-416a-81d9-c0de7969c8b3,true,standard_derived,
Windows.Win32.UI.Shell,ISyncMgrConflict,9c204249-c443-4ba4-85ed-c972681db137,false,,external_pointee_storage
Windows.Win32.UI.Shell,ISyncMgrConflictFolder,59287f5e-bc81-4fca-a7f1-e5a8ecdb1d69,false,,external_pointee_storage
Windows.Win32.UI.Shell,ISyncMgrConflictItems,9c7ead52-8023-4936-a4db-d2a9a99e436a,false,,incomplete_pointee_layout_for_storage
Windows.Win32.UI.Shell,ISyncMgrConflictPresenter,0b4f5353-fd2b-42cd-8763-4779f2d508a3,true,standard_derived,
Windows.Win32.UI.Shell,ISyncMgrConflictResolutionItems,458725b9-129d-4135-a998-9ceafec27007,false,,safe_projection_incomplete
Windows.Win32.UI.Shell,ISyncMgrConflictResolveInfo,c405a219-25a2-442e-8743-b845a2cee93f,true,standard_derived,
Windows.Win32.UI.Shell,ISyncMgrConflictStore,cf8fc579-c396-4774-85f1-d908a831156e,false,,external_pointee_storage
Windows.Win32.UI.Shell,ISyncMgrControl,9b63616c-36b2-46bc-959f-c1593952d19b,true,standard_derived,
Windows.Win32.UI.Shell,ISyncMgrEnumItems,6295df2a-35ee-11d1-8707-00c04fd93327,false,,safe_projection_incomplete
Windows.Win32.UI.Shell,ISyncMgrEvent,fee0ef8b-46bd-4db4-b7e6-ff2c687313bc,false,,missing_allocator
Windows.Win32.UI.Shell,ISyncMgrEventLinkUIOperation,64522e52-848b-4015-89ce-5a36f00b94ff,true,standard_derived,
Windows.Win32.UI.Shell,ISyncMgrEventStore,37e412f9-016e-44c2-81ff-db3add774266,true,standard_derived,
Windows.Win32.UI.Shell,ISyncMgrHandler,04ec2e43-ac77-49f9-9b98-0307ef7a72a2,false,,missing_allocator
Windows.Win32.UI.Shell,ISyncMgrHandlerCollection,a7f337a3-d20b-45cb-9ed7-87d094ca5045,true,standard_derived,
Windows.Win32.UI.Shell,ISyncMgrHandlerInfo,4ff1d798-ecf7-4524-aa81-1e362a0aef3a,false,,missing_allocator
Windows.Win32.UI.Shell,ISyncMgrRegister,6295df42-35ee-11d1-8707-00c04fd93327,true,standard_derived,
Windows.Win32.UI.Shell,ISyncMgrResolutionHandler,40a3d052-8bff-4c4b-a338-d4a395700de9,true,standard_derived,
Windows.Win32.UI.Shell,ISyncMgrScheduleWizardUIOperation,459a6c84-21d2-4ddc-8a53-f023a46066f2,true,standard_derived,
Windows.Win32.UI.Shell,ISyncMgrSessionCreator,17f48517-f305-4321-a08d-b25a834918fd,true,standard_derived,
Windows.Win32.UI.Shell,ISyncMgrSyncCallback,884ccd87-b139-4937-a4ba-4f8e19513fbe,true,standard_derived,
Windows.Win32.UI.Shell,ISyncMgrSyncItem,b20b24ce-2593-4f04-bd8b-7ad6c45051cd,false,,missing_allocator
Windows.Win32.UI.Shell,ISyncMgrSyncItemContainer,90701133-be32-4129-a65c-99e616cafff4,true,standard_derived,
Windows.Win32.UI.Shell,ISyncMgrSyncItemInfo,e7fd9502-be0c-4464-90a1-2b5277031232,false,,missing_allocator
Windows.Win32.UI.Shell,ISyncMgrSyncResult,2b90f17e-5a3e-4b33-bb7f-1bc48056b94d,true,standard_derived,
Windows.Win32.UI.Shell,ISyncMgrSynchronize,6295df40-35ee-11d1-8707-00c04fd93327,false,,missing_allocator
Windows.Win32.UI.Shell,ISyncMgrSynchronizeCallback,6295df41-35ee-11d1-8707-00c04fd93327,true,standard_derived,
Windows.Win32.UI.Shell,ISyncMgrSynchronizeInvoke,6295df2c-35ee-11d1-8707-00c04fd93327,true,standard_derived,
Windows.Win32.UI.Shell,ISyncMgrUIOperation,fc7cfa47-dfe1-45b5-a049-8cfd82bec271,true,standard_derived,
Windows.Win32.UI.Shell,ITaskbarList,56fdf342-fd6d-11d0-958a-006097c9a090,true,standard_derived,
Windows.Win32.UI.Shell,ITaskbarList2,602d4995-b13a-429b-a66e-1935e44f4317,true,standard_derived,
Windows.Win32.UI.Shell,ITaskbarList3,ea1afb91-9e28-4b86-90e9-9e9f8a5eefaf,true,standard_derived,
Windows.Win32.UI.Shell,ITaskbarList4,c43dc798-95d1-4bea-9030-bb99e2983a1a,true,standard_derived,
Windows.Win32.UI.Shell,IThumbnailCache,f676c15d-596a-4ce2-8234-33996f445db1,true,standard_derived,
Windows.Win32.UI.Shell,IThumbnailCachePrimer,0f03f8fe-2b26-46f0-965a-212aa8d66b76,true,standard_derived,
Windows.Win32.UI.Shell,IThumbnailCapture,4ea39266-7211-409f-b622-f63dbd16c533,false,,missing_handle_ownership
Windows.Win32.UI.Shell,IThumbnailHandlerFactory,e35b4b2e-00da-4bc1-9f13-38bc11f5d417,true,standard_derived,
Windows.Win32.UI.Shell,IThumbnailProvider,e357fccd-a995-4576-b01f-234630154e96,false,,missing_handle_ownership
Windows.Win32.UI.Shell,IThumbnailSettings,f4376f00-bef5-4d45-80f3-1e023bbf1209,true,standard_derived,
Windows.Win32.UI.Shell,IThumbnailStreamCache,90e11430-9569-41d8-ae75-6d4d2ae7cca0,true,standard_derived,
Windows.Win32.UI.Shell,ITrackShellMenu,8278f932-2a3e-11d2-838f-00c04fd918d0,false,,incomplete_pointee_layout_for_storage
Windows.Win32.UI.Shell,ITranscodeImage,bae86ddd-dc11-421c-b7ab-cc55d1d65c44,true,standard_derived,
Windows.Win32.UI.Shell,ITransferAdviseSink,d594d0d8-8da7-457b-b3b4-ce5dbaac0b88,false,,safe_projection_incomplete
Windows.Win32.UI.Shell,ITransferDestination,48addd32-3ca5-4124-abe3-b5a72531b207,false,,missing_allocator
Windows.Win32.UI.Shell,ITransferMediumItem,77f295d5-2d6f-4e19-b8ae-322f3e721ab5,false,,external_pointee_storage
Windows.Win32.UI.Shell,ITransferSource,00adb003-bde9-45c6-8e29-d09f9353e108,false,,missing_allocator
Windows.Win32.UI.Shell,ITravelEntry,f46edb3b-bc2f-11d0-9412-00aa00a3ebd3,false,,external_pointee_storage
Windows.Win32.UI.Shell,ITravelLog,66a9cb08-4802-11d2-a561-00a0c92dbfe8,true,standard_derived,
Windows.Win32.UI.Shell,ITravelLogClient,241c033e-e659-43da-aa4d-4086dbc4758d,false,,external_pointee_storage
Windows.Win32.UI.Shell,ITravelLogEntry,7ebfdd87-ad18-11d3-a4c5-00c04f72d6b8,false,,missing_allocator
Windows.Win32.UI.Shell,ITravelLogStg,7ebfdd80-ad18-11d3-a4c5-00c04f72d6b8,true,standard_derived,
Windows.Win32.UI.Shell,ITrayDeskBand,6d67e846-5b9c-4db8-9cbc-dde12f4254f1,true,standard_derived,
Windows.Win32.UI.Shell,IURLSearchHook,ac60f6a0-0fd9-11d0-99cb-00c04fd64497,true,standard_derived,
Windows.Win32.UI.Shell,IURLSearchHook2,5ee44da4-6d32-46e3-86bc-07540dedd0e0,true,standard_derived,
Windows.Win32.UI.Shell,IUniformResourceLocatorA,fbf23b80-e3f0-101b-8488-00aa003e56f8,false,,missing_allocator
Windows.Win32.UI.Shell,IUniformResourceLocatorW,cabb0da0-da57-11cf-9974-0020afd79762,false,,missing_allocator
Windows.Win32.UI.Shell,IUpdateIDList,6589b6d2-5f8d-4b9e-b7e0-23cdd9717d8c,false,,external_pointee_storage
Windows.Win32.UI.Shell,IUseToBrowseItem,05edda5c-98a3-4717-8adb-c5e7da991eb1,false,,external_pointee_storage
Windows.Win32.UI.Shell,IUserAccountChangeCallback,a561e69a-b4b8-4113-91a5-64c6bcca3430,true,standard_derived,
Windows.Win32.UI.Shell,IUserNotification,ba9711ba-5893-4787-a7e1-41277151550b,true,standard_derived,
Windows.Win32.UI.Shell,IUserNotification2,215913cc-57eb-4fab-ab5a-e5fa7bea2a6c,true,standard_derived,
Windows.Win32.UI.Shell,IUserNotificationCallback,19108294-0441-4aff-8013-fa0a730b0bea,true,standard_derived,
Windows.Win32.UI.Shell,IViewStateIdentityItem,9d264146-a94f-4195-9f9f-3bb12ce0c955,false,,external_pointee_storage
Windows.Win32.UI.Shell,IVirtualDesktopManager,a5cd92ff-29be-454c-8d04-d82879fb3f1b,true,standard_derived,
Windows.Win32.UI.Shell,IVisualProperties,e693cf68-d967-4112-8763-99172aee5e5a,true,standard_derived,
Windows.Win32.UI.Shell,IWebBrowser,eab22ac1-30c1-11cf-a7eb-0000c05bae0b,false,,safe_projection_incomplete
Windows.Win32.UI.Shell,IWebBrowser2,d30c1661-cdaf-11d0-8a3e-00c04fc9e26e,false,,safe_projection_incomplete
Windows.Win32.UI.Shell,IWebBrowserApp,0002df05-0000-0000-c000-000000000046,false,,safe_projection_incomplete
Windows.Win32.UI.Shell,IWebWizardExtension,0e6b3f66-98d1-48c0-a222-fbde74e2fbc5,false,,missing_allocator
Windows.Win32.UI.Shell,IWebWizardHost,18bcc359-4990-4bfb-b951-3c83702be5f9,true,standard_derived,
Windows.Win32.UI.Shell,IWebWizardHost2,f9c013dc-3c23-4041-8e39-cfb402f7ea59,true,standard_derived,
Windows.Win32.UI.Shell,IWizardExtension,c02ea696-86cc-491e-9b23-74394a0444a8,false,,missing_allocator
Windows.Win32.UI.Shell,IWizardSite,88960f5b-422f-4e7b-8013-73415381c3c3,false,,missing_allocator
Windows.Win32.UI.Shell.PropertiesSystem,ICreateObject,75121952-e0d0-43e5-9380-1d80483acf72,true,standard_derived,
Windows.Win32.UI.Shell.PropertiesSystem,IDelayedPropertyStoreFactory,40d4577f-e237-4bdb-bd69-58f089431b6a,true,standard_derived,
Windows.Win32.UI.Shell.PropertiesSystem,IInitializeWithFile,b7d14566-0509-4cce-a71f-0a554233bd9b,true,standard_derived,
Windows.Win32.UI.Shell.PropertiesSystem,IInitializeWithStream,b824b49d-22ac-4161-ac8a-9916e8fa3f7f,true,standard_derived,
Windows.Win32.UI.Shell.PropertiesSystem,INamedPropertyStore,71604b0f-97b0-4764-8577-2f13e98a1422,true,standard_derived,
Windows.Win32.UI.Shell.PropertiesSystem,IObjectWithPropertyKey,fc0ca0a7-c316-4fd2-9031-3e628e6d4f23,true,standard_derived,
Windows.Win32.UI.Shell.PropertiesSystem,IPersistSerializedPropStorage,e318ad57-0aa0-450f-aca5-6fab7103d917,false,,missing_allocator
Windows.Win32.UI.Shell.PropertiesSystem,IPersistSerializedPropStorage2,77effa68-4f98-4366-ba72-573b3d880571,false,,missing_allocator
Windows.Win32.UI.Shell.PropertiesSystem,IPropertyChange,f917bc8a-1bba-4478-a245-1bde03eb9431,true,standard_derived,
Windows.Win32.UI.Shell.PropertiesSystem,IPropertyChangeArray,380f5cad-1b5e-42f2-805d-637fd392d31e,true,standard_derived,
Windows.Win32.UI.Shell.PropertiesSystem,IPropertyDescription,6f79d558-3e96-4549-a1d1-7d75d2288814,false,,missing_allocator
Windows.Win32.UI.Shell.PropertiesSystem,IPropertyDescription2,57d2eded-5062-400e-b107-5dae79fe57a6,false,,missing_allocator
Windows.Win32.UI.Shell.PropertiesSystem,IPropertyDescriptionAliasInfo,f67104fc-2af9-46fd-b32d-243c1404f3d1,false,,missing_allocator
Windows.Win32.UI.Shell.PropertiesSystem,IPropertyDescriptionList,1f9fc1d0-c39b-4b26-817f-011967d3440e,true,standard_derived,
Windows.Win32.UI.Shell.PropertiesSystem,IPropertyDescriptionRelatedPropertyInfo,507393f4-2a3d-4a60-b59e-d9c75716c2dd,false,,missing_allocator
Windows.Win32.UI.Shell.PropertiesSystem,IPropertyDescriptionSearchInfo,078f91bd-29a2-440f-924e-46a291524520,false,,missing_allocator
Windows.Win32.UI.Shell.PropertiesSystem,IPropertyEnumType,11e1fbf9-2d56-4a6b-8db3-7cd193a471f2,false,,missing_allocator
Windows.Win32.UI.Shell.PropertiesSystem,IPropertyEnumType2,9b6e051c-5ddd-4321-9070-fe2acb55e794,false,,missing_allocator
Windows.Win32.UI.Shell.PropertiesSystem,IPropertyEnumTypeList,a99400f4-3d84-4557-94ba-1242fb2cc9a6,true,standard_derived,
Windows.Win32.UI.Shell.PropertiesSystem,IPropertyStore,886d8eeb-8cf2-4446-8d02-cdba1dbdcf99,true,standard_derived,
Windows.Win32.UI.Shell.PropertiesSystem,IPropertyStoreCache,3017056d-9a91-4e90-937d-746c72abbf4f,true,standard_derived,
Windows.Win32.UI.Shell.PropertiesSystem,IPropertyStoreCapabilities,c8e2d566-186e-4d49-bf41-6909ead56acc,true,standard_derived,
Windows.Win32.UI.Shell.PropertiesSystem,IPropertyStoreFactory,bc110b6d-57e8-4148-a9c6-91015ab2f3a5,true,standard_derived,
Windows.Win32.UI.Shell.PropertiesSystem,IPropertySystem,ca724e8a-c3e6-442b-88a4-6fb0db8035a3,false,,missing_allocator
Windows.Win32.UI.Shell.PropertiesSystem,IPropertySystemChangeNotify,fa955fd9-38be-4879-a6ce-824cf52d609f,true,standard_derived,
Windows.Win32.UI.Shell.PropertiesSystem,IPropertyUI,757a7d9f-919a-4118-99d7-dbb208c8cc66,true,standard_derived,
Windows.Win32.UI.TabletPC,IDynamicRenderer,a079468e-7165-46f9-b7af-98ad01a93009,true,standard_derived,
Windows.Win32.UI.TabletPC,IGestureRecognizer,ae9ef86b-7054-45e3-ae22-3174dc8811b7,true,standard_derived,
Windows.Win32.UI.TabletPC,IHandwrittenTextInsertion,56fdea97-ecd6-43e7-aa3a-816be7785860,false,,safe_projection_incomplete
Windows.Win32.UI.TabletPC,IInk,03f8e511-43a1-11d3-8bb6-0080c7d6bad5,true,standard_derived,
Windows.Win32.UI.TabletPC,IInkCollector,f0f060b5-8b1f-4a7c-89ec-880692588a4f,false,,missing_interface_replacement_contract
Windows.Win32.UI.TabletPC,IInkCursor,ad30c630-40c5-4350-8405-9c71012fc558,true,standard_derived,
Windows.Win32.UI.TabletPC,IInkCursorButton,85ef9417-1d59-49b2-a13c-702c85430894,true,standard_derived,
Windows.Win32.UI.TabletPC,IInkCursorButtons,3671cc40-b624-4671-9fa0-db119d952d54,true,standard_derived,
Windows.Win32.UI.TabletPC,IInkCursors,a248c1ac-c698-4e06-9e5c-d57f77c7e647,true,standard_derived,
Windows.Win32.UI.TabletPC,IInkCustomStrokes,7e23a88f-c30e-420f-9bdb-28902543f0c1,true,standard_derived,
Windows.Win32.UI.TabletPC,IInkDisp,9d398fa0-c4e2-4fcd-9973-975caaf47ea6,false,,safe_projection_incomplete
Windows.Win32.UI.TabletPC,IInkDivider,5de00405-f9a4-4651-b0c5-c317defd58b9,true,standard_derived,
Windows.Win32.UI.TabletPC,IInkDivisionResult,2dbec0a7-74c7-4b38-81eb-aa8ef0c24900,true,standard_derived,
Windows.Win32.UI.TabletPC,IInkDivisionUnit,85aee342-48b0-4244-9dd5-1ed435410fab,true,standard_derived,
Windows.Win32.UI.TabletPC,IInkDivisionUnits,1bb5ddc2-31cc-4135-ab82-2c66c9f00c41,true,standard_derived,
Windows.Win32.UI.TabletPC,IInkDrawingAttributes,bf519b75-0a15-4623-adc9-c00d436a8092,true,standard_derived,
Windows.Win32.UI.TabletPC,IInkEdit,f2127a19-fbfb-4aed-8464-3f36d78cfefb,true,standard_derived,
Windows.Win32.UI.TabletPC,IInkExtendedProperties,89f2a8be-95a9-4530-8b8f-88e971e3e25f,true,standard_derived,
Windows.Win32.UI.TabletPC,IInkExtendedProperty,db489209-b7c3-411d-90f6-1548cfff271e,true,standard_derived,
Windows.Win32.UI.TabletPC,IInkGesture,3bdc0a97-04e5-4e26-b813-18f052d41def,true,standard_derived,
Windows.Win32.UI.TabletPC,IInkLineInfo,9c1c5ad6-f22f-4de4-b453-a2cc482e7c33,true,standard_derived,
Windows.Win32.UI.TabletPC,IInkOverlay,b82a463b-c1c5-45a3-997c-deab5651b67a,false,,missing_interface_replacement_contract
Windows.Win32.UI.TabletPC,IInkPicture,e85662e0-379a-40d7-9b5c-757d233f9923,false,,missing_interface_replacement_contract
Windows.Win32.UI.TabletPC,IInkRecognitionAlternate,b7e660ad-77e4-429b-adda-873780d1fc4a,true,standard_derived,
Windows.Win32.UI.TabletPC,IInkRecognitionAlternates,286a167f-9f19-4c61-9d53-4f07be622b84,true,standard_derived,
Windows.Win32.UI.TabletPC,IInkRecognitionResult,3bc129a8-86cd-45ad-bde8-e0d32d61c16d,true,standard_derived,
Windows.Win32.UI.TabletPC,IInkRecognizer,782bf7cf-034b-4396-8a32-3a1833cf6b56,true,standard_derived,
Windows.Win32.UI.TabletPC,IInkRecognizer2,6110118a-3a75-4ad6-b2aa-04b2b72bbe65,true,standard_derived,
Windows.Win32.UI.TabletPC,IInkRecognizerContext,c68f52f9-32a3-4625-906c-44fc23b40958,true,standard_derived,
Windows.Win32.UI.TabletPC,IInkRecognizerContext2,d6f0e32f-73d8-408e-8e9f-5fea592c363f,true,standard_derived,
Windows.Win32.UI.TabletPC,IInkRecognizerGuide,d934be07-7b84-4208-9136-83c20994e905,true,standard_derived,
Windows.Win32.UI.TabletPC,IInkRecognizers,9ccc4f12-b0b7-4a8b-bf58-4aeca4e8cefd,true,standard_derived,
Windows.Win32.UI.TabletPC,IInkRectangle,9794ff82-6071-4717-8a8b-6ac7c64a686e,true,standard_derived,
Windows.Win32.UI.TabletPC,IInkRenderer,e6257a9c-b511-4f4c-a8b0-a7dbc9506b83,false,,safe_projection_incomplete
Windows.Win32.UI.TabletPC,IInkStrokeDisp,43242fea-91d1-4a72-963e-fbb91829cfa2,true,standard_derived,
Windows.Win32.UI.TabletPC,IInkStrokes,f1f4c9d8-590a-4963-b3ae-1935671bb6f3,true,standard_derived,
Windows.Win32.UI.TabletPC,IInkTablet,2de25eaa-6ef8-42d5-aee9-185bc81b912d,true,standard_derived,
Windows.Win32.UI.TabletPC,IInkTablet2,90c91ad2-fa36-49d6-9516-ce8d570f6f85,true,standard_derived,
Windows.Win32.UI.TabletPC,IInkTablet3,7e313997-1327-41dd-8ca9-79f24be17250,true,standard_derived,
Windows.Win32.UI.TabletPC,IInkTablets,112086d9-7779-4535-a699-862b43ac1863,true,standard_derived,
Windows.Win32.UI.TabletPC,IInkTransform,615f1d43-8703-4565-88e2-8201d2ecd7b7,true,standard_derived,
Windows.Win32.UI.TabletPC,IInkWordList,76ba3491-cb2f-406b-9961-0e0c4cdaaef2,true,standard_derived,
Windows.Win32.UI.TabletPC,IInkWordList2,14542586-11bf-4f5f-b6e7-49d0744aab6e,true,standard_derived,
Windows.Win32.UI.TabletPC,IInputPanelWindowHandle,4af81847-fdc4-4fc3-ad0b-422479c1b935,true,standard_derived,
Windows.Win32.UI.TabletPC,IMathInputControl,eba615aa-fac6-4738-ba5f-ff09e9fe473e,true,standard_derived,
Windows.Win32.UI.TabletPC,IPenInputPanel,fa7a4083-5747-4040-a182-0b0e9fd4fac7,true,standard_derived,
Windows.Win32.UI.TabletPC,IRealTimeStylus,a8bb5d22-3144-4a7b-93cd-f34a16be513a,false,,missing_allocator
Windows.Win32.UI.TabletPC,IRealTimeStylus2,b5f2a6cd-3179-4a3e-b9c4-bb5865962be2,true,standard_derived,
Windows.Win32.UI.TabletPC,IRealTimeStylus3,d70230a3-6986-4051-b57a-1cf69f4d9db5,true,standard_derived,
Windows.Win32.UI.TabletPC,IRealTimeStylusSynchronization,aa87eab8-ab4a-4cea-b5cb-46d84c6a2509,true,standard_derived,
Windows.Win32.UI.TabletPC,ISketchInk,b4563688-98eb-4646-b279-44da14d45748,true,standard_derived,
Windows.Win32.UI.TabletPC,IStrokeBuilder,a5fd4e2d-c44b-4092-9177-260905eb672b,false,,missing_interface_replacement_contract
Windows.Win32.UI.TabletPC,IStylusAsyncPlugin,a7cca85a-31bc-4cd2-aadc-3289a3af11c8,false,,missing_allocator
Windows.Win32.UI.TabletPC,IStylusPlugin,a81436d8-4757-4fd1-a185-133f97c6c545,false,,missing_allocator
Windows.Win32.UI.TabletPC,IStylusSyncPlugin,a157b174-482f-4d71-a3f6-3a41ddd11be9,false,,missing_allocator
Windows.Win32.UI.TabletPC,ITextInputPanel,6b6a65a5-6af3-46c2-b6ea-56cd1f80df71,true,exact_registry_dependent,
Windows.Win32.UI.TabletPC,ITextInputPanelEventSink,27560408-8e64-4fe1-804e-421201584b31,false,,safe_projection_incomplete
Windows.Win32.UI.TabletPC,ITextInputPanelRunInfo,9f424568-1920-48cc-9811-a993cbf5adba,true,standard_derived,
Windows.Win32.UI.TabletPC,ITipAutoCompleteClient,5e078e03-8265-4bbe-9487-d242edbef910,true,standard_derived,
Windows.Win32.UI.TabletPC,ITipAutoCompleteProvider,7c6cf46d-8404-46b9-ad33-f5b6036d4007,true,standard_derived,
Windows.Win32.UI.TabletPC,_IInkCollectorEvents,11a583f2-712d-4fea-abcf-ab4af38ea06b,true,standard_derived,
Windows.Win32.UI.TabletPC,_IInkEditEvents,e3b0b797-a72e-46db-a0d7-6c9eba8e9bbc,true,standard_derived,
Windows.Win32.UI.TabletPC,_IInkEvents,427b1865-ca3f-479a-83a9-0f420f2a0073,true,standard_derived,
Windows.Win32.UI.TabletPC,_IInkOverlayEvents,31179b69-e563-489e-b16f-712f1e8a0651,true,standard_derived,
Windows.Win32.UI.TabletPC,_IInkPictureEvents,60ff4fee-22ff-4484-acc1-d308d9cd7ea3,true,standard_derived,
Windows.Win32.UI.TabletPC,_IInkRecognitionEvents,17bce92f-2e21-47fd-9d33-3c6afbfd8c59,true,standard_derived,
Windows.Win32.UI.TabletPC,_IInkStrokesEvents,f33053ec-5d25-430a-928f-76a6491dde15,true,standard_derived,
Windows.Win32.UI.TabletPC,_IMathInputControlEvents,683336b5-a47d-4358-96f9-875a472ae70a,true,standard_derived,
Windows.Win32.UI.TabletPC,_IPenInputPanelEvents,b7e489da-3719-439f-848f-e7acbd820f17,true,standard_derived,
Windows.Win32.UI.TextServices,IAccClientDocMgr,4c896039-7b6d-49e6-a8c1-45116a98292b,true,standard_derived,
Windows.Win32.UI.TextServices,IAccDictionary,1dc4cb5f-d737-474d-ade9-5ccfc9bc1cc9,true,standard_derived,
Windows.Win32.UI.TextServices,IAccServerDocMgr,ad7c73cf-6dd5-4855-abc2-b04bad5b9153,true,standard_derived,
Windows.Win32.UI.TextServices,IAccStore,e2cd4a63-2b72-4d48-b739-95e4765195ba,true,standard_derived,
Windows.Win32.UI.TextServices,IAnchor,0feb7e34-5a60-4356-8ef7-abdec2ff7cf8,true,standard_derived,
Windows.Win32.UI.TextServices,IClonableWrapper,b33e75ff-e84c-4dca-a25c-33b8dc003374,true,standard_derived,
Windows.Win32.UI.TextServices,ICoCreateLocally,03de00aa-f272-41e3-99cb-03c5e8114ea0,true,standard_derived,
Windows.Win32.UI.TextServices,ICoCreatedLocally,0a53eb6c-1908-4742-8cff-2cee2e93f94c,true,standard_derived,
Windows.Win32.UI.TextServices,IDocWrap,dcd285fe-0be0-43bd-99c9-aaaec513c555,true,standard_derived,
Windows.Win32.UI.TextServices,IEnumITfCompositionView,5efd22ba-7838-46cb-88e2-cadb14124f8f,true,exact_registry_dependent,
Windows.Win32.UI.TextServices,IEnumSpeechCommands,8c5dac4f-083c-4b85-a4c9-71746048adca,false,,missing_allocator
Windows.Win32.UI.TextServices,IEnumTfCandidates,defb1926-6c80-4ce8-87d4-d6b72b812bde,true,exact_registry_dependent,
Windows.Win32.UI.TextServices,IEnumTfContextViews,f0c0f8dd-cf38-44e1-bb0f-68cf0d551c78,true,standard_derived,
Windows.Win32.UI.TextServices,IEnumTfContexts,8f1a7ea6-1654-4502-a86e-b2902344d507,true,exact_registry_dependent,
Windows.Win32.UI.TextServices,IEnumTfDisplayAttributeInfo,7cef04d7-cb75-4e80-a7ab-5f5bc7d332de,true,exact_registry_dependent,
Windows.Win32.UI.TextServices,IEnumTfDocumentMgrs,aa80e808-2021-11d2-93e0-0060b067b86e,true,exact_registry_dependent,
Windows.Win32.UI.TextServices,IEnumTfFunctionProviders,e4b24db0-0990-11d3-8df0-00105a2799b5,true,exact_registry_dependent,
Windows.Win32.UI.TextServices,IEnumTfInputProcessorProfiles,71c6e74d-0f28-11d8-a82a-00065b84435c,false,,safe_projection_incomplete
Windows.Win32.UI.TextServices,IEnumTfLangBarItems,583f34d0-de25-11d2-afdd-00105a2799b5,true,exact_registry_dependent,
Windows.Win32.UI.TextServices,IEnumTfLanguageProfiles,3d61bf11-ac5f-42c8-a4cb-931bcc28c744,false,,safe_projection_incomplete
Windows.Win32.UI.TextServices,IEnumTfLatticeElements,56988052-47da-4a05-911a-e3d941f17145,false,,incomplete_pointee_layout_for_storage
Windows.Win32.UI.TextServices,IEnumTfProperties,19188cb0-aca9-11d2-afc5-00105a2799b5,true,exact_registry_dependent,
Windows.Win32.UI.TextServices,IEnumTfPropertyValue,8ed8981b-7c10-4d7d-9fb3-ab72e9c75f72,false,,incomplete_pointee_layout_for_storage
Windows.Win32.UI.TextServices,IEnumTfRanges,f99d3f40-8e32-11d2-bf46-00105a2799b5,true,exact_registry_dependent,
Windows.Win32.UI.TextServices,IEnumTfUIElements,887aa91e-acba-4931-84da-3c5208cf543f,true,exact_registry_dependent,
Windows.Win32.UI.TextServices,IInternalDocWrap,e1aa6466-9db4-40ba-be03-77c38e8e60b2,true,standard_derived,
Windows.Win32.UI.TextServices,ISpeechCommandProvider,38e09d4c-586d-435a-b592-c8a86691dec6,true,standard_derived,
Windows.Win32.UI.TextServices,ITextStoreACP,28888fe3-c2a0-483a-a3ea-8cb1ce51ff3d,false,,incomplete_pointee_layout_for_storage
Windows.Win32.UI.TextServices,ITextStoreACP2,f86ad89f-5fe4-4b8d-bb9f-ef3797a84f1f,false,,incomplete_pointee_layout_for_storage
Windows.Win32.UI.TextServices,ITextStoreACPEx,a2de3bc2-3d8e-11d3-81a9-f753fbe61a00,true,standard_derived,
Windows.Win32.UI.TextServices,ITextStoreACPServices,aa80e901-2021-11d2-93e0-0060b067b86e,true,standard_derived,
Windows.Win32.UI.TextServices,ITextStoreACPSink,22d44c94-a419-4542-a272-ae26093ececf,true,standard_derived,
Windows.Win32.UI.TextServices,ITextStoreACPSinkEx,2bdf9464-41e2-43e3-950c-a6865ba25cd4,true,standard_derived,
Windows.Win32.UI.TextServices,ITextStoreAnchor,9b2077b0-5f18-4dec-bee9-3cc722f5dfe0,false,,incomplete_pointee_layout_for_storage
Windows.Win32.UI.TextServices,ITextStoreAnchorEx,a2de3bc1-3d8e-11d3-81a9-f753fbe61a00,true,standard_derived,
Windows.Win32.UI.TextServices,ITextStoreAnchorSink,aa80e905-2021-11d2-93e0-0060b067b86e,true,standard_derived,
Windows.Win32.UI.TextServices,ITextStoreSinkAnchorEx,25642426-028d-4474-977b-111bb114fe3e,true,standard_derived,
Windows.Win32.UI.TextServices,ITfActiveLanguageProfileNotifySink,b246cb75-a93e-4652-bf8c-b3fe0cfd7e57,true,standard_derived,
Windows.Win32.UI.TextServices,ITfCandidateList,a3ad50fb-9bdb-49e3-a843-6c76520fbf5d,true,standard_derived,
Windows.Win32.UI.TextServices,ITfCandidateListUIElement,ea1ea138-19df-11d7-a6d2-00065b84435c,false,,safe_projection_incomplete
Windows.Win32.UI.TextServices,ITfCandidateListUIElementBehavior,85fad185-58ce-497a-9460-355366b64b9a,false,,safe_projection_incomplete
Windows.Win32.UI.TextServices,ITfCandidateString,581f317e-fd9d-443f-b972-ed00467c5d40,true,standard_derived,
Windows.Win32.UI.TextServices,ITfCategoryMgr,c3acefb5-f69d-4905-938f-fcadcf4be830,false,,safe_projection_incomplete
Windows.Win32.UI.TextServices,ITfCleanupContextDurationSink,45c35144-154e-4797-bed8-d33ae7bf8794,true,standard_derived,
Windows.Win32.UI.TextServices,ITfCleanupContextSink,01689689-7acb-4e9b-ab7c-7ea46b12b522,true,standard_derived,
Windows.Win32.UI.TextServices,ITfClientId,d60a7b49-1b9f-4be2-b702-47e9dc05dec3,true,standard_derived,
Windows.Win32.UI.TextServices,ITfCompartment,bb08f7a9-607a-4384-8623-056892b64371,true,standard_derived,
Windows.Win32.UI.TextServices,ITfCompartmentEventSink,743abd5f-f26d-48df-8cc5-238492419b64,true,standard_derived,
Windows.Win32.UI.TextServices,ITfCompartmentMgr,7dcf57ac-18ad-438b-824d-979bffb74b7c,true,standard_derived,
Windows.Win32.UI.TextServices,ITfComposition,20168d64-5a8f-4a5a-b7bd-cfa29f4d0fd9,true,standard_derived,
Windows.Win32.UI.TextServices,ITfCompositionSink,a781718c-579a-4b15-a280-32b8577acc5e,true,standard_derived,
Windows.Win32.UI.TextServices,ITfCompositionView,d7540241-f9a1-4364-befc-dbcd2c4395b7,true,standard_derived,
Windows.Win32.UI.TextServices,ITfConfigureSystemKeystrokeFeed,0d2c969a-bc9c-437c-84ee-951c49b1a764,true,standard_derived,
Windows.Win32.UI.TextServices,ITfContext,aa80e7fd-2021-11d2-93e0-0060b067b86e,false,,incomplete_pointee_layout_for_storage
Windows.Win32.UI.TextServices,ITfContextComposition,d40c8aae-ac92-4fc7-9a11-0ee0e23aa39b,true,standard_derived,
Windows.Win32.UI.TextServices,ITfContextKeyEventSink,0552ba5d-c835-4934-bf50-846aaa67432f,true,standard_derived,
Windows.Win32.UI.TextServices,ITfContextOwner,aa80e80c-2021-11d2-93e0-0060b067b86e,true,exact_registry_dependent,
Windows.Win32.UI.TextServices,ITfContextOwnerCompositionServices,86462810-593b-4916-9764-19c08e9ce110,true,standard_derived,
Windows.Win32.UI.TextServices,ITfContextOwnerCompositionSink,5f20aa40-b57a-4f34-96ab-3576f377cc79,true,standard_derived,
Windows.Win32.UI.TextServices,ITfContextOwnerServices,b23eb630-3e1c-11d3-a745-0050040ab407,true,standard_derived,
Windows.Win32.UI.TextServices,ITfContextView,2433bf8e-0f9b-435c-ba2c-180611978c30,true,exact_registry_dependent,
Windows.Win32.UI.TextServices,ITfCreatePropertyStore,2463fbf0-b0af-11d2-afc5-00105a2799b5,true,standard_derived,
Windows.Win32.UI.TextServices,ITfDisplayAttributeInfo,70528852-2f26-4aea-8c96-215150578932,false,,incomplete_pointee_layout_for_storage
Windows.Win32.UI.TextServices,ITfDisplayAttributeMgr,8ded7393-5db1-475c-9e71-a39111b0ff67,true,standard_derived,
Windows.Win32.UI.TextServices,ITfDisplayAttributeNotifySink,ad56f402-e162-4f25-908f-7d577cf9bda9,true,standard_derived,
Windows.Win32.UI.TextServices,ITfDisplayAttributeProvider,fee47777-163c-4769-996a-6e9c50ad8f54,true,standard_derived,
Windows.Win32.UI.TextServices,ITfDocumentMgr,aa80e7f4-2021-11d2-93e0-0060b067b86e,true,standard_derived,
Windows.Win32.UI.TextServices,ITfEditRecord,42d4d099-7c1a-4a89-b836-6c6f22160df0,false,,safe_projection_incomplete
Windows.Win32.UI.TextServices,ITfEditSession,aa80e803-2021-11d2-93e0-0060b067b86e,true,standard_derived,
Windows.Win32.UI.TextServices,ITfEditTransactionSink,708fbf70-b520-416b-b06c-2c41ab44f8ba,true,standard_derived,
Windows.Win32.UI.TextServices,ITfFnAdviseText,3527268b-7d53-4dd9-92b7-7296ae461249,true,standard_derived,
Windows.Win32.UI.TextServices,ITfFnBalloon,3bab89e4-5fbe-45f4-a5bc-dca36ad225a8,true,standard_derived,
Windows.Win32.UI.TextServices,ITfFnConfigure,88f567c6-1757-49f8-a1b2-89234c1eeff9,true,standard_derived,
Windows.Win32.UI.TextServices,ITfFnConfigureRegisterEudc,b5e26ff5-d7ad-4304-913f-21a2ed95a1b0,true,standard_derived,
Windows.Win32.UI.TextServices,ITfFnConfigureRegisterWord,bb95808a-6d8f-4bca-8400-5390b586aedf,true,standard_derived,
Windows.Win32.UI.TextServices,ITfFnCustomSpeechCommand,fca6c349-a12f-43a3-8dd6-5a5a4282577b,true,standard_derived,
Windows.Win32.UI.TextServices,ITfFnGetLinguisticAlternates,ea163ce2-7a65-4506-82a3-c528215da64e,true,standard_derived,
Windows.Win32.UI.TextServices,ITfFnGetPreferredTouchKeyboardLayout,5f309a41-590a-4acc-a97f-d8efff13fdfc,true,standard_derived,
Windows.Win32.UI.TextServices,ITfFnGetSAPIObject,5c0ab7ea-167d-4f59-bfb5-4693755e90ca,true,standard_derived,
Windows.Win32.UI.TextServices,ITfFnLMInternal,04b825b1-ac9a-4f7b-b5ad-c7168f1ee445,true,standard_derived,
Windows.Win32.UI.TextServices,ITfFnLMProcessor,7afbf8e7-ac4b-4082-b058-890899d3a010,true,standard_derived,
Windows.Win32.UI.TextServices,ITfFnLangProfileUtil,a87a8574-a6c1-4e15-99f0-3d3965f548eb,true,standard_derived,
Windows.Win32.UI.TextServices,ITfFnPlayBack,a3a416a4-0f64-11d3-b5b7-00c04fc324a1,true,standard_derived,
Windows.Win32.UI.TextServices,ITfFnPropertyUIStatus,2338ac6e-2b9d-44c0-a75e-ee64f256b3bd,true,standard_derived,
Windows.Win32.UI.TextServices,ITfFnReconversion,4cea93c0-0a58-11d3-8df0-00105a2799b5,false,,missing_interface_replacement_contract
Windows.Win32.UI.TextServices,ITfFnSearchCandidateProvider,87a2ad8f-f27b-4920-8501-67602280175d,true,standard_derived,
Windows.Win32.UI.TextServices,ITfFnShowHelp,5ab1d30c-094d-4c29-8ea5-0bf59be87bf3,true,standard_derived,
Windows.Win32.UI.TextServices,ITfFunction,db593490-098f-11d3-8df0-00105a2799b5,true,standard_derived,
Windows.Win32.UI.TextServices,ITfFunctionProvider,101d6610-0990-11d3-8df0-00105a2799b5,true,standard_derived,
Windows.Win32.UI.TextServices,ITfInputProcessorProfileActivationSink,71c6e74e-0f28-11d8-a82a-00065b84435c,true,standard_derived,
Windows.Win32.UI.TextServices,ITfInputProcessorProfileMgr,71c6e74c-0f28-11d8-a82a-00065b84435c,false,,safe_projection_incomplete
Windows.Win32.UI.TextServices,ITfInputProcessorProfileSubstituteLayout,4fd67194-1002-4513-bff2-c0ddf6258552,false,,missing_handle_ownership
Windows.Win32.UI.TextServices,ITfInputProcessorProfiles,1f02b6c5-7842-4ee6-8a0b-9a24183a95ca,false,,missing_allocator
Windows.Win32.UI.TextServices,ITfInputProcessorProfilesEx,892f230f-fe00-4a41-a98e-fcd6de0d35ef,false,,missing_allocator
Windows.Win32.UI.TextServices,ITfInputScope,fde1eaee-6924-4cdf-91e7-da38cff5559d,false,,missing_allocator
Windows.Win32.UI.TextServices,ITfInputScope2,5731eaa0-6bc2-4681-a532-92fbb74d7c41,false,,missing_allocator
Windows.Win32.UI.TextServices,ITfInsertAtSelection,55ce16ba-3014-41c1-9ceb-fade1446ac6c,true,standard_derived,
Windows.Win32.UI.TextServices,ITfIntegratableCandidateListUIElement,c7a6f54f-b180-416f-b2bf-7bf2e4683d7b,true,standard_derived,
Windows.Win32.UI.TextServices,ITfKeyEventSink,aa80e7f5-2021-11d2-93e0-0060b067b86e,true,standard_derived,
Windows.Win32.UI.TextServices,ITfKeyTraceEventSink,1cd4c13b-1c36-4191-a70a-7f3e611f367d,true,standard_derived,
Windows.Win32.UI.TextServices,ITfKeystrokeMgr,aa80e7f0-2021-11d2-93e0-0060b067b86e,true,standard_derived,
Windows.Win32.UI.TextServices,ITfLMLattice,d4236675-a5bf-4570-9d42-5d6d7b02d59b,true,standard_derived,
Windows.Win32.UI.TextServices,ITfLangBarEventSink,18a4e900-e0ae-11d2-afdd-00105a2799b5,true,standard_derived,
Windows.Win32.UI.TextServices,ITfLangBarItem,73540d69-edeb-4ee9-96c9-23aa30b25916,true,standard_derived,
Windows.Win32.UI.TextServices,ITfLangBarItemBalloon,01c2d285-d3c7-4b7b-b5b5-d97411d0c283,false,,safe_projection_incomplete
Windows.Win32.UI.TextServices,ITfLangBarItemBitmap,73830352-d722-4179-ada5-f045c98df355,false,,missing_handle_ownership
Windows.Win32.UI.TextServices,ITfLangBarItemBitmapButton,a26a0525-3fae-4fa0-89ee-88a964f9f1b5,false,,missing_handle_ownership
Windows.Win32.UI.TextServices,ITfLangBarItemButton,28c7f1d0-de25-11d2-afdd-00105a2799b5,false,,missing_handle_ownership
Windows.Win32.UI.TextServices,ITfLangBarItemMgr,ba468c55-9956-4fb1-a59d-52a7dd7cc6aa,false,,safe_projection_incomplete
Windows.Win32.UI.TextServices,ITfLangBarItemSink,57dbe1a0-de25-11d2-afdd-00105a2799b5,true,standard_derived,
Windows.Win32.UI.TextServices,ITfLangBarMgr,87955690-e627-11d2-8ddb-00105a2799b5,true,standard_derived,
Windows.Win32.UI.TextServices,ITfLanguageProfileNotifySink,43c9fe15-f494-4c17-9de2-b8a4ac350aa8,true,standard_derived,
Windows.Win32.UI.TextServices,ITfMSAAControl,b5f8fb3b-393f-4f7c-84cb-504924c2705a,true,standard_derived,
Windows.Win32.UI.TextServices,ITfMenu,6f8a98e4-aaa0-4f15-8c5b-07e0df0a3dd8,false,,missing_interface_replacement_contract
Windows.Win32.UI.TextServices,ITfMessagePump,8f1b8ad8-0b6b-4874-90c5-bd76011e8f7c,false,,safe_projection_incomplete
Windows.Win32.UI.TextServices,ITfMouseSink,a1adaaa2-3a24-449d-ac96-5183e7f5c217,true,standard_derived,
Windows.Win32.UI.TextServices,ITfMouseTracker,09d146cd-a544-4132-925b-7afa8ef322d0,true,standard_derived,
Windows.Win32.UI.TextServices,ITfMouseTrackerACP,3bdd78e2-c16e-47fd-b883-ce6facc1a208,true,standard_derived,
Windows.Win32.UI.TextServices,ITfPersistentPropertyLoaderACP,4ef89150-0807-11d3-8df0-00105a2799b5,true,standard_derived,
Windows.Win32.UI.TextServices,ITfPreservedKeyNotifySink,6f77c993-d2b1-446e-853e-5912efc8a286,true,standard_derived,
Windows.Win32.UI.TextServices,ITfProperty,e2449660-9542-11d2-bf46-00105a2799b5,true,standard_derived,
Windows.Win32.UI.TextServices,ITfPropertyStore,6834b120-88cb-11d2-bf45-00105a2799b5,true,standard_derived,
Windows.Win32.UI.TextServices,ITfQueryEmbedded,0fab9bdb-d250-4169-84e5-6be118fdd7a8,false,,external_pointee_storage
Windows.Win32.UI.TextServices,ITfRange,aa80e7ff-2021-11d2-93e0-0060b067b86e,false,,external_pointee_storage
Windows.Win32.UI.TextServices,ITfRangeACP,057a6296-029b-4154-b79a-0d461d4ea94c,false,,external_pointee_storage
Windows.Win32.UI.TextServices,ITfRangeBackup,463a506d-6992-49d2-9b88-93d55e70bb16,true,standard_derived,
Windows.Win32.UI.TextServices,ITfReadOnlyProperty,17d49a3d-f8b8-4b2f-b254-52319dd64c53,true,standard_derived,
Windows.Win32.UI.TextServices,ITfReadingInformationUIElement,ea1ea139-19df-11d7-a6d2-00065b84435c,true,standard_derived,
Windows.Win32.UI.TextServices,ITfReverseConversion,a415e162-157d-417d-8a8c-0ab26c7d2781,true,standard_derived,
Windows.Win32.UI.TextServices,ITfReverseConversionList,151d69f0-86f4-4674-b721-56911e797f47,true,standard_derived,
Windows.Win32.UI.TextServices,ITfReverseConversionMgr,b643c236-c493-41b6-abb3-692412775cc4,true,standard_derived,
Windows.Win32.UI.TextServices,ITfSource,4ea48a35-60ae-446f-8fd6-e6a8d82459f7,true,standard_derived,
Windows.Win32.UI.TextServices,ITfSourceSingle,73131f9c-56a9-49dd-b0ee-d046633f7528,true,standard_derived,
Windows.Win32.UI.TextServices,ITfSpeechUIServer,90e9a944-9244-489f-a78f-de67afc013a7,true,standard_derived,
Windows.Win32.UI.TextServices,ITfStatusSink,6b7d8d73-b267-4f69-b32e-1ca321ce4f45,true,standard_derived,
Windows.Win32.UI.TextServices,ITfSystemDeviceTypeLangBarItem,45672eb9-9059-46a2-838d-4530355f6a77,true,standard_derived,
Windows.Win32.UI.TextServices,ITfSystemLangBarItem,1e13e9ec-6b33-4d4a-b5eb-8a92f029f356,true,standard_derived,
Windows.Win32.UI.TextServices,ITfSystemLangBarItemSink,1449d9ab-13cf-4687-aa3e-8d8b18574396,true,standard_derived,
Windows.Win32.UI.TextServices,ITfSystemLangBarItemText,5c4ce0e5-ba49-4b52-ac6b-3b397b4f701f,true,standard_derived,
Windows.Win32.UI.TextServices,ITfTextEditSink,8127d409-ccd3-4683-967a-b43d5b482bf7,true,standard_derived,
Windows.Win32.UI.TextServices,ITfTextInputProcessor,aa80e7f7-2021-11d2-93e0-0060b067b86e,true,standard_derived,
Windows.Win32.UI.TextServices,ITfTextInputProcessorEx,6e4e2102-f9cd-433d-b496-303ce03a6507,true,standard_derived,
Windows.Win32.UI.TextServices,ITfTextLayoutSink,2af2d06a-dd5b-4927-a0b4-54f19c91fade,true,standard_derived,
Windows.Win32.UI.TextServices,ITfThreadFocusSink,c0f1db0c-3a20-405c-a303-96b6010a885f,true,standard_derived,
Windows.Win32.UI.TextServices,ITfThreadMgr,aa80e801-2021-11d2-93e0-0060b067b86e,true,standard_derived,
Windows.Win32.UI.TextServices,ITfThreadMgr2,0ab198ef-6477-4ee8-8812-6780edb82d5e,true,standard_derived,
Windows.Win32.UI.TextServices,ITfThreadMgrEventSink,aa80e80e-2021-11d2-93e0-0060b067b86e,true,standard_derived,
Windows.Win32.UI.TextServices,ITfThreadMgrEx,3e90ade3-7594-4cb0-bb58-69628f5f458c,true,standard_derived,
Windows.Win32.UI.TextServices,ITfToolTipUIElement,52b18b5c-555d-46b2-b00a-fa680144fbdb,true,standard_derived,
Windows.Win32.UI.TextServices,ITfTransitoryExtensionSink,a615096f-1c57-4813-8a15-55ee6e5a839c,true,standard_derived,
Windows.Win32.UI.TextServices,ITfTransitoryExtensionUIElement,858f956a-972f-42a2-a2f2-0321e1abe209,true,standard_derived,
Windows.Win32.UI.TextServices,ITfUIElement,ea1ea137-19df-11d7-a6d2-00065b84435c,true,standard_derived,
Windows.Win32.UI.TextServices,ITfUIElementMgr,ea1ea135-19df-11d7-a6d2-00065b84435c,true,standard_derived,
Windows.Win32.UI.TextServices,ITfUIElementSink,ea1ea136-19df-11d7-a6d2-00065b84435c,true,standard_derived,
Windows.Win32.UI.TextServices,IUIManagerEventSink,cd91d690-a7e8-4265-9b38-8bb3bbaba7de,true,standard_derived,
Windows.Win32.UI.TextServices,IVersionInfo,401518ec-db00-4611-9b29-2a0e4b9afa85,true,standard_derived,
Windows.Win32.UI.Wpf,IMILBitmapEffect,8a6ff321-c944-4a1b-9944-9954af301258,true,standard_derived,
Windows.Win32.UI.Wpf,IMILBitmapEffectConnections,c2b5d861-9b1a-4374-89b0-dec4874d6a81,true,standard_derived,
Windows.Win32.UI.Wpf,IMILBitmapEffectConnectionsInfo,476b538a-c765-4237-ba4a-d6a880ff0cfc,true,standard_derived,
Windows.Win32.UI.Wpf,IMILBitmapEffectConnector,f59567b3-76c1-4d47-ba1e-79f955e350ef,true,standard_derived,
Windows.Win32.UI.Wpf,IMILBitmapEffectConnectorInfo,f66d2e4b-b46b-42fc-859e-3da0ecdb3c43,true,standard_derived,
Windows.Win32.UI.Wpf,IMILBitmapEffectEvents,2e880dd8-f8ce-457b-8199-d60bb3d7ef98,true,standard_derived,
Windows.Win32.UI.Wpf,IMILBitmapEffectFactory,33a9df34-a403-4ec7-b07e-bc0682370845,true,standard_derived,
Windows.Win32.UI.Wpf,IMILBitmapEffectGroup,2f952360-698a-4ac6-81a1-bcfdf08eb8e8,true,standard_derived,
Windows.Win32.UI.Wpf,IMILBitmapEffectGroupImpl,78fed518-1cfc-4807-8b85-6b6e51398f62,true,standard_derived,
Windows.Win32.UI.Wpf,IMILBitmapEffectImpl,cc2468f2-9936-47be-b4af-06b5df5dbcbb,true,standard_derived,
Windows.Win32.UI.Wpf,IMILBitmapEffectInputConnector,a9b4ecaa-7a3c-45e7-8573-f4b81b60dd6c,true,standard_derived,
Windows.Win32.UI.Wpf,IMILBitmapEffectInteriorInputConnector,20287e9e-86a2-4e15-953d-eb1438a5b842,true,standard_derived,
Windows.Win32.UI.Wpf,IMILBitmapEffectInteriorOutputConnector,00bbb6dc-acc9-4bfc-b344-8bee383dfefa,true,standard_derived,
Windows.Win32.UI.Wpf,IMILBitmapEffectOutputConnector,92957aad-841b-4866-82ec-8752468b07fd,true,standard_derived,
Windows.Win32.UI.Wpf,IMILBitmapEffectOutputConnectorImpl,21fae777-8b39-4bfa-9f2d-f3941ed36913,true,standard_derived,
Windows.Win32.UI.Wpf,IMILBitmapEffectPrimitive,67e31025-3091-4dfc-98d6-dd494551461d,false,,incomplete_pointee_layout_for_storage
Windows.Win32.UI.Wpf,IMILBitmapEffectPrimitiveImpl,ce41e00b-efa6-44e7-b007-dd042e3ae126,true,standard_derived,
Windows.Win32.UI.Wpf,IMILBitmapEffectRenderContext,12a2ec7e-2d33-44b2-b334-1abb7846e390,true,standard_derived,
Windows.Win32.UI.Wpf,IMILBitmapEffectRenderContextImpl,4d25accb-797d-4fd2-b128-dffeff84fcc3,true,standard_derived,
Windows.Win32.UI.Wpf,IMILBitmapEffects,51ac3dce-67c5-448b-9180-ad3eabddd5dd,true,standard_derived,
Windows.Win32.UI.Xaml.Diagnostics,IBitmapData,d1a34ef2-cad8-4635-a3d2-fcda8d3f3caf,true,standard_derived,
Windows.Win32.UI.Xaml.Diagnostics,IVisualTreeService,a593b11a-d17f-48bb-8f66-83910731c8a5,false,,missing_allocator
Windows.Win32.UI.Xaml.Diagnostics,IVisualTreeService2,130f5136-ec43-4f61-89c7-9801a36d2e95,false,,missing_allocator
Windows.Win32.UI.Xaml.Diagnostics,IVisualTreeService3,0e79c6e0-85a0-4be8-b41a-655cf1fd19bd,false,,missing_allocator
Windows.Win32.UI.Xaml.Diagnostics,IVisualTreeServiceCallback,aa7a8931-80e4-4fec-8f3b-553f87b4966e,false,,safe_projection_incomplete
Windows.Win32.UI.Xaml.Diagnostics,IVisualTreeServiceCallback2,bad9eb88-ae77-4397-b948-5fa2db0a19ea,false,,safe_projection_incomplete
Windows.Win32.UI.Xaml.Diagnostics,IXamlDiagnostics,18c9e2b6-3f43-4116-9f2b-ff935d7770d2,false,,missing_allocator
Windows.Win32.Web.InternetExplorer,IActiveXUIHandlerSite,30510853-98b5-11cf-bb82-00aa00bdce0b,true,standard_derived,
Windows.Win32.Web.InternetExplorer,IActiveXUIHandlerSite2,7e3707b2-d087-4542-ac1f-a0d2fcd080fd,true,standard_derived,
Windows.Win32.Web.InternetExplorer,IActiveXUIHandlerSite3,7904009a-1238-47f4-901c-871375c34608,true,standard_derived,
Windows.Win32.Web.InternetExplorer,IAnchorClick,13d5413b-33b9-11d2-95a7-00c04f8ecb02,true,standard_derived,
Windows.Win32.Web.InternetExplorer,IAudioSessionSite,d7d8b684-d02d-4517-b6b7-19e3dfe29c45,true,standard_derived,
Windows.Win32.Web.InternetExplorer,ICaretPositionProvider,58da43a2-108e-4d5b-9f75-e5f74f93fff5,true,standard_derived,
Windows.Win32.Web.InternetExplorer,IDeviceRect,3050f6d5-98b5-11cf-bb82-00aa00bdce0b,true,standard_derived,
Windows.Win32.Web.InternetExplorer,IDithererImpl,7c48e840-3910-11d0-86fc-00a0c913f750,true,standard_derived,
Windows.Win32.Web.InternetExplorer,IDocObjectService,3050f801-98b5-11cf-bb82-00aa00bdce0b,true,standard_derived,
Windows.Win32.Web.InternetExplorer,IDownloadBehavior,3050f5bd-98b5-11cf-bb82-00aa00bdce0b,true,standard_derived,
Windows.Win32.Web.InternetExplorer,IDownloadManager,988934a4-064b-11d3-bb80-00104b35e7f9,false,,external_pointee_storage
Windows.Win32.Web.InternetExplorer,IEnumManagerFrames,3caa826a-9b1f-4a79-bc81-f0430ded1648,false,,missing_handle_ownership
Windows.Win32.Web.InternetExplorer,IEnumOpenServiceActivity,a436d7d2-17c3-4ef4-a1e8-5c86faff26c0,true,standard_derived,
Windows.Win32.Web.InternetExplorer,IEnumOpenServiceActivityCategory,33627a56-8c9a-4430-8fd1-b5f5c771afb6,true,standard_derived,
Windows.Win32.Web.InternetExplorer,IEnumSTATURL,3c374a42-bae4-11cf-bf7d-00aa006946ee,false,,safe_projection_incomplete
Windows.Win32.Web.InternetExplorer,IExtensionValidation,7d33f73d-8525-4e0f-87db-830288baff44,false,,missing_allocator
Windows.Win32.Web.InternetExplorer,IHTMLPersistData,3050f4c5-98b5-11cf-bb82-00aa00bdce0b,true,standard_derived,
Windows.Win32.Web.InternetExplorer,IHTMLPersistDataOM,3050f4c0-98b5-11cf-bb82-00aa00bdce0b,true,standard_derived,
Windows.Win32.Web.InternetExplorer,IHTMLUserDataOM,3050f48f-98b5-11cf-bb82-00aa00bdce0b,true,standard_derived,
Windows.Win32.Web.InternetExplorer,IHeaderFooter,3050f6ce-98b5-11cf-bb82-00aa00bdce0b,true,standard_derived,
Windows.Win32.Web.InternetExplorer,IHeaderFooter2,305104a5-98b5-11cf-bb82-00aa00bdce0b,true,standard_derived,
Windows.Win32.Web.InternetExplorer,IHomePage,766bf2af-d650-11d1-9811-00c04fc31d2e,true,standard_derived,
Windows.Win32.Web.InternetExplorer,IHomePageSetting,fdfc244f-18fa-4ff2-b08e-1d618f3ffbe4,true,standard_derived,
Windows.Win32.Web.InternetExplorer,IIEWebDriverManager,bd1dc630-6590-4ca2-a293-6bc72b2438d8,false,,missing_allocator
Windows.Win32.Web.InternetExplorer,IIEWebDriverSite,ffb84444-453d-4fbc-9f9d-8db5c471ec75,true,standard_derived,
Windows.Win32.Web.InternetExplorer,IImageDecodeEventSink,baa342a0-2ded-11d0-86f4-00a0c913f750,false,,missing_allocator
Windows.Win32.Web.InternetExplorer,IImageDecodeEventSink2,8ebd8a57-8a96-48c9-84a6-962e2db9c931,false,,missing_allocator
Windows.Win32.Web.InternetExplorer,IImageDecodeFilter,a3ccedf3-2de2-11d0-86f4-00a0c913f750,true,standard_derived,
Windows.Win32.Web.InternetExplorer,IIntelliForms,9b9f68e6-1aaa-11d2-bca5-00c04fd929db,true,standard_derived,
Windows.Win32.Web.InternetExplorer,IInternetExplorerManager,acc84351-04ff-44f9-b23f-655ed168c6d5,true,standard_derived,
Windows.Win32.Web.InternetExplorer,IInternetExplorerManager2,dfbb5136-9259-4895-b4a7-c1934429919a,true,standard_derived,
Windows.Win32.Web.InternetExplorer,ILayoutRect,3050f665-98b5-11cf-bb82-00aa00bdce0b,true,standard_derived,
Windows.Win32.Web.InternetExplorer,IMapMIMEToCLSID,d9e89500-30fa-11d0-b724-00aa006c1a01,true,standard_derived,
Windows.Win32.Web.InternetExplorer,IMediaActivityNotifySite,8165cfef-179d-46c2-bc71-3fa726dc1f8d,true,standard_derived,
Windows.Win32.Web.InternetExplorer,IOpenService,c2952ed1-6a89-4606-925f-1ed8b4be0630,true,standard_derived,
Windows.Win32.Web.InternetExplorer,IOpenServiceActivity,13645c88-221a-4905-8ed1-4f5112cfc108,false,,missing_handle_ownership
Windows.Win32.Web.InternetExplorer,IOpenServiceActivityCategory,850af9d6-7309-40b5-bdb8-786c106b2153,true,standard_derived,
Windows.Win32.Web.InternetExplorer,IOpenServiceActivityInput,75cb4db9-6da0-4da3-83ce-422b6a433346,true,standard_derived,
Windows.Win32.Web.InternetExplorer,IOpenServiceActivityManager,8a2d0a9d-e920-4bdc-a291-d30f650bc4f1,true,standard_derived,
Windows.Win32.Web.InternetExplorer,IOpenServiceActivityOutputContext,e289deab-f709-49a9-b99e-282364074571,true,standard_derived,
Windows.Win32.Web.InternetExplorer,IOpenServiceManager,5664125f-4e10-4e90-98e4-e4513d955a14,true,standard_derived,
Windows.Win32.Web.InternetExplorer,IPeerFactory,6663f9d3-b482-11d1-89c6-00c04fb6bfc4,true,standard_derived,
Windows.Win32.Web.InternetExplorer,IPersistHistory,91a565c1-e38f-11d0-94bf-00a0c9055cbf,true,standard_derived,
Windows.Win32.Web.InternetExplorer,IPrintTaskRequestFactory,bb516745-8c34-4f8b-9605-684dcb144be5,true,standard_derived,
Windows.Win32.Web.InternetExplorer,IPrintTaskRequestHandler,191cd340-cf36-44ff-bd53-d1b701799d9b,true,standard_derived,
Windows.Win32.Web.InternetExplorer,IScrollableContextMenu,30510854-98b5-11cf-bb82-00aa00bdce0b,true,standard_derived,
Windows.Win32.Web.InternetExplorer,IScrollableContextMenu2,f77e9056-8674-4936-924c-0e4a06fa634a,true,standard_derived,
Windows.Win32.Web.InternetExplorer,ISniffStream,4ef17940-30e0-11d0-b724-00aa006c1a01,false,,external_pointee_storage
Windows.Win32.Web.InternetExplorer,ISurfacePresenterFlip,30510848-98b5-11cf-bb82-00aa00bdce0b,true,standard_derived,
Windows.Win32.Web.InternetExplorer,ISurfacePresenterFlip2,30510865-98b5-11cf-bb82-00aa00bdce0b,true,standard_derived,
Windows.Win32.Web.InternetExplorer,ISurfacePresenterFlipBuffer,e43f4a08-8bbc-4665-ac92-c55ce61fd7e7,true,standard_derived,
Windows.Win32.Web.InternetExplorer,ITargetContainer,7847ec01-2bec-11d0-82b4-00a0c90c29c5,false,,missing_allocator
Windows.Win32.Web.InternetExplorer,ITargetEmbedding,548793c0-9e74-11cf-9655-00a0c9034923,true,standard_derived,
Windows.Win32.Web.InternetExplorer,ITargetFrame,d5f78c80-5252-11cf-90fa-00aa0042106e,false,,missing_allocator
Windows.Win32.Web.InternetExplorer,ITargetFrame2,86d52e11-94a8-11d0-82af-00c04fd5ae38,false,,missing_allocator
Windows.Win32.Web.InternetExplorer,ITargetFramePriv,9216e421-2bf5-11d0-82b4-00a0c90c29c5,true,standard_derived,
Windows.Win32.Web.InternetExplorer,ITargetFramePriv2,b2c867e6-69d6-46f2-a611-ded9a4bd7fef,true,standard_derived,
Windows.Win32.Web.InternetExplorer,ITargetNotify,863a99a0-21bc-11d0-82b4-00a0c90c29c5,true,standard_derived,
Windows.Win32.Web.InternetExplorer,ITargetNotify2,3050f6b1-98b5-11cf-bb82-00aa00bdce0b,true,standard_derived,
Windows.Win32.Web.InternetExplorer,ITimer,3050f360-98b5-11cf-bb82-00aa00bdce0b,true,standard_derived,
Windows.Win32.Web.InternetExplorer,ITimerEx,30510414-98b5-11cf-bb82-00aa00bdce0b,true,standard_derived,
Windows.Win32.Web.InternetExplorer,ITimerService,3050f35f-98b5-11cf-bb82-00aa00bdce0b,true,standard_derived,
Windows.Win32.Web.InternetExplorer,ITimerSink,3050f361-98b5-11cf-bb82-00aa00bdce0b,true,standard_derived,
Windows.Win32.Web.InternetExplorer,ITridentTouchInput,30510850-98b5-11cf-bb82-00aa00bdce0b,true,standard_derived,
Windows.Win32.Web.InternetExplorer,ITridentTouchInputSite,30510849-98b5-11cf-bb82-00aa00bdce0b,true,standard_derived,
Windows.Win32.Web.InternetExplorer,IUrlHistoryNotify,bc40bec1-c493-11d0-831b-00c04fd5ae38,false,,incomplete_pointee_layout_for_storage
Windows.Win32.Web.InternetExplorer,IUrlHistoryStg,3c374a41-bae4-11cf-bf7d-00aa006946ee,false,,missing_allocator
Windows.Win32.Web.InternetExplorer,IUrlHistoryStg2,afa0dc11-c313-11d0-831a-00c04fd5ae38,false,,missing_allocator
Windows.Win32.Web.InternetExplorer,IViewObjectPresentFlip,30510847-98b5-11cf-bb82-00aa00bdce0b,true,standard_derived,
Windows.Win32.Web.InternetExplorer,IViewObjectPresentFlip2,30510856-98b5-11cf-bb82-00aa00bdce0b,true,standard_derived,
Windows.Win32.Web.InternetExplorer,IViewObjectPresentFlipSite,30510846-98b5-11cf-bb82-00aa00bdce0b,true,standard_derived,
Windows.Win32.Web.InternetExplorer,IViewObjectPresentFlipSite2,aad0cbf1-e7fd-4f12-8902-c78132a8e01d,true,standard_derived,
Windows.Win32.Web.InternetExplorer,IWebBrowserEventsService,54a8f188-9ebd-4795-ad16-9b4945119636,true,standard_derived,
Windows.Win32.Web.InternetExplorer,IWebBrowserEventsUrlService,87cc5d04-eafa-4833-9820-8f986530cc00,true,standard_derived,
Windows.Win32.Web.InternetExplorer,Iwfolders,bae31f98-1b81-11d2-a97a-00c04f8ecb02,true,standard_derived,
Windows.Win32.Web.MsHtml,DWebBridgeEvents,a6d897ff-0a95-11d1-b0ba-006008166e11,true,standard_derived,
Windows.Win32.Web.MsHtml,DispApplicationCache,305900e4-98b5-11cf-bb82-00aa00bdce0b,true,standard_derived,
Windows.Win32.Web.MsHtml,DispCEventObj,3050f558-98b5-11cf-bb82-00aa00bdce0b,true,standard_derived,
Windows.Win32.Web.MsHtml,DispCPlugins,3050f54a-98b5-11cf-bb82-00aa00bdce0b,true,standard_derived,
Windows.Win32.Web.MsHtml,DispCPrintManagerTemplatePrinter,305900e9-98b5-11cf-bb82-00aa00bdce0b,true,standard_derived,
Windows.Win32.Web.MsHtml,DispCanvasGradient,3059008c-98b5-11cf-bb82-00aa00bdce0b,true,standard_derived,
Windows.Win32.Web.MsHtml,DispCanvasImageData,3059008f-98b5-11cf-bb82-00aa00bdce0b,true,standard_derived,
Windows.Win32.Web.MsHtml,DispCanvasPattern,3059008d-98b5-11cf-bb82-00aa00bdce0b,true,standard_derived,
Windows.Win32.Web.MsHtml,DispCanvasRenderingContext2D,30590082-98b5-11cf-bb82-00aa00bdce0b,true,standard_derived,
Windows.Win32.Web.MsHtml,DispCanvasTextMetrics,3059008e-98b5-11cf-bb82-00aa00bdce0b,true,standard_derived,
Windows.Win32.Web.MsHtml,DispDOMBeforeUnloadEvent,305900a8-98b5-11cf-bb82-00aa00bdce0b,true,standard_derived,
Windows.Win32.Web.MsHtml,DispDOMChildrenCollection,3050f577-98b5-11cf-bb82-00aa00bdce0b,true,standard_derived,
Windows.Win32.Web.MsHtml,DispDOMCloseEvent,305900dc-98b5-11cf-bb82-00aa00bdce0b,true,standard_derived,
Windows.Win32.Web.MsHtml,DispDOMCompositionEvent,30590078-98b5-11cf-bb82-00aa00bdce0b,true,standard_derived,
Windows.Win32.Web.MsHtml,DispDOMCustomEvent,3059007c-98b5-11cf-bb82-00aa00bdce0b,true,standard_derived,
Windows.Win32.Web.MsHtml,DispDOMDocumentType,30590098-98b5-11cf-bb82-00aa00bdce0b,true,standard_derived,
Windows.Win32.Web.MsHtml,DispDOMDragEvent,305900a7-98b5-11cf-bb82-00aa00bdce0b,true,standard_derived,
Windows.Win32.Web.MsHtml,DispDOMEvent,3050f5a2-98b5-11cf-bb82-00aa00bdce0b,true,standard_derived,
Windows.Win32.Web.MsHtml,DispDOMException,30590094-98b5-11cf-bb82-00aa00bdce0b,true,standard_derived,
Windows.Win32.Web.MsHtml,DispDOMFocusEvent,30590071-98b5-11cf-bb82-00aa00bdce0b,true,standard_derived,
Windows.Win32.Web.MsHtml,DispDOMKeyboardEvent,30590077-98b5-11cf-bb82-00aa00bdce0b,true,standard_derived,
Windows.Win32.Web.MsHtml,DispDOMMSAnimationEvent,305900bc-98b5-11cf-bb82-00aa00bdce0b,true,standard_derived,
Windows.Win32.Web.MsHtml,DispDOMMSManipulationEvent,305900e1-98b5-11cf-bb82-00aa00bdce0b,true,standard_derived,
Windows.Win32.Web.MsHtml,DispDOMMSTransitionEvent,305900bb-98b5-11cf-bb82-00aa00bdce0b,true,standard_derived,
Windows.Win32.Web.MsHtml,DispDOMMessageEvent,30590092-98b5-11cf-bb82-00aa00bdce0b,true,standard_derived,
Windows.Win32.Web.MsHtml,DispDOMMouseEvent,30590073-98b5-11cf-bb82-00aa00bdce0b,true,standard_derived,
Windows.Win32.Web.MsHtml,DispDOMMouseWheelEvent,30590074-98b5-11cf-bb82-00aa00bdce0b,true,standard_derived,
Windows.Win32.Web.MsHtml,DispDOMMutationEvent,30590079-98b5-11cf-bb82-00aa00bdce0b,true,standard_derived,
Windows.Win32.Web.MsHtml,DispDOMParser,305900ae-98b5-11cf-bb82-00aa00bdce0b,true,standard_derived,
Windows.Win32.Web.MsHtml,DispDOMProcessingInstruction,3059009b-98b5-11cf-bb82-00aa00bdce0b,true,standard_derived,
Windows.Win32.Web.MsHtml,DispDOMProgressEvent,30590091-98b5-11cf-bb82-00aa00bdce0b,true,standard_derived,
Windows.Win32.Web.MsHtml,DispDOMSiteModeEvent,305900a9-98b5-11cf-bb82-00aa00bdce0b,true,standard_derived,
Windows.Win32.Web.MsHtml,DispDOMStorageEvent,30590093-98b5-11cf-bb82-00aa00bdce0b,true,standard_derived,
Windows.Win32.Web.MsHtml,DispDOMTextEvent,30590076-98b5-11cf-bb82-00aa00bdce0b,true,standard_derived,
Windows.Win32.Web.MsHtml,DispDOMUIEvent,30590072-98b5-11cf-bb82-00aa00bdce0b,true,standard_derived,
Windows.Win32.Web.MsHtml,DispDOMWheelEvent,30590075-98b5-11cf-bb82-00aa00bdce0b,true,standard_derived,
Windows.Win32.Web.MsHtml,DispEventException,30590099-98b5-11cf-bb82-00aa00bdce0b,true,standard_derived,
Windows.Win32.Web.MsHtml,DispHTCAttachBehavior,3050f583-98b5-11cf-bb82-00aa00bdce0b,true,standard_derived,
Windows.Win32.Web.MsHtml,DispHTCDefaultDispatch,3050f573-98b5-11cf-bb82-00aa00bdce0b,true,standard_derived,
Windows.Win32.Web.MsHtml,DispHTCDescBehavior,3050f57e-98b5-11cf-bb82-00aa00bdce0b,true,standard_derived,
Windows.Win32.Web.MsHtml,DispHTCEventBehavior,3050f574-98b5-11cf-bb82-00aa00bdce0b,true,standard_derived,
Windows.Win32.Web.MsHtml,DispHTCMethodBehavior,3050f587-98b5-11cf-bb82-00aa00bdce0b,true,standard_derived,
Windows.Win32.Web.MsHtml,DispHTCPropertyBehavior,3050f57f-98b5-11cf-bb82-00aa00bdce0b,true,standard_derived,
Windows.Win32.Web.MsHtml,DispHTMLAnchorElement,3050f502-98b5-11cf-bb82-00aa00bdce0b,true,standard_derived,
Windows.Win32.Web.MsHtml,DispHTMLAppBehavior,3050f57c-98b5-11cf-bb82-00aa00bdce0b,true,standard_derived,
Windows.Win32.Web.MsHtml,DispHTMLAreaElement,3050f503-98b5-11cf-bb82-00aa00bdce0b,true,standard_derived,
Windows.Win32.Web.MsHtml,DispHTMLAreasCollection,3050f56a-98b5-11cf-bb82-00aa00bdce0b,true,standard_derived,
Windows.Win32.Web.MsHtml,DispHTMLAttributeCollection,3050f56c-98b5-11cf-bb82-00aa00bdce0b,true,standard_derived,
Windows.Win32.Web.MsHtml,DispHTMLAudioElement,3059008a-98b5-11cf-bb82-00aa00bdce0b,true,standard_derived,
Windows.Win32.Web.MsHtml,DispHTMLBGsound,3050f53c-98b5-11cf-bb82-00aa00bdce0b,true,standard_derived,
Windows.Win32.Web.MsHtml,DispHTMLBRElement,3050f53a-98b5-11cf-bb82-00aa00bdce0b,true,standard_derived,
Windows.Win32.Web.MsHtml,DispHTMLBaseElement,3050f518-98b5-11cf-bb82-00aa00bdce0b,true,standard_derived,
Windows.Win32.Web.MsHtml,DispHTMLBaseFontElement,3050f504-98b5-11cf-bb82-00aa00bdce0b,true,standard_derived,
Windows.Win32.Web.MsHtml,DispHTMLBlockElement,3050f506-98b5-11cf-bb82-00aa00bdce0b,true,standard_derived,
Windows.Win32.Web.MsHtml,DispHTMLBody,3050f507-98b5-11cf-bb82-00aa00bdce0b,true,standard_derived,
Windows.Win32.Web.MsHtml,DispHTMLButtonElement,3050f51f-98b5-11cf-bb82-00aa00bdce0b,true,standard_derived,
Windows.Win32.Web.MsHtml,DispHTMLCSSImportRule,3059007e-98b5-11cf-bb82-00aa00bdce0b,true,standard_derived,
Windows.Win32.Web.MsHtml,DispHTMLCSSMediaList,30590097-98b5-11cf-bb82-00aa00bdce0b,true,standard_derived,
Windows.Win32.Web.MsHtml,DispHTMLCSSMediaRule,3059007f-98b5-11cf-bb82-00aa00bdce0b,true,standard_derived,
Windows.Win32.Web.MsHtml,DispHTMLCSSNamespaceRule,30590080-98b5-11cf-bb82-00aa00bdce0b,true,standard_derived,
Windows.Win32.Web.MsHtml,DispHTMLCSSRule,3059007d-98b5-11cf-bb82-00aa00bdce0b,true,standard_derived,
Windows.Win32.Web.MsHtml,DispHTMLCSSStyleDeclaration,3059009a-98b5-11cf-bb82-00aa00bdce0b,true,standard_derived,
Windows.Win32.Web.MsHtml,DispHTMLCanvasElement,3059007b-98b5-11cf-bb82-00aa00bdce0b,true,standard_derived,
Windows.Win32.Web.MsHtml,DispHTMLCommentElement,3050f50a-98b5-11cf-bb82-00aa00bdce0b,true,standard_derived,
Windows.Win32.Web.MsHtml,DispHTMLCurrentStyle,3050f557-98b5-11cf-bb82-00aa00bdce0b,true,standard_derived,
Windows.Win32.Web.MsHtml,DispHTMLDDElement,3050f50b-98b5-11cf-bb82-00aa00bdce0b,true,standard_derived,
Windows.Win32.Web.MsHtml,DispHTMLDListElement,3050f53b-98b5-11cf-bb82-00aa00bdce0b,true,standard_derived,
Windows.Win32.Web.MsHtml,DispHTMLDOMAttribute,3050f564-98b5-11cf-bb82-00aa00bdce0b,true,standard_derived,
Windows.Win32.Web.MsHtml,DispHTMLDOMImplementation,3050f58f-98b5-11cf-bb82-00aa00bdce0b,true,standard_derived,
Windows.Win32.Web.MsHtml,DispHTMLDOMRange,3050f5a3-98b5-11cf-bb82-00aa00bdce0b,true,standard_derived,
Windows.Win32.Web.MsHtml,DispHTMLDOMTextNode,3050f565-98b5-11cf-bb82-00aa00bdce0b,true,standard_derived,
Windows.Win32.Web.MsHtml,DispHTMLDTElement,3050f50d-98b5-11cf-bb82-00aa00bdce0b,true,standard_derived,
Windows.Win32.Web.MsHtml,DispHTMLDefaults,3050f58c-98b5-11cf-bb82-00aa00bdce0b,true,standard_derived,
Windows.Win32.Web.MsHtml,DispHTMLDivElement,3050f50c-98b5-11cf-bb82-00aa00bdce0b,true,standard_derived,
Windows.Win32.Web.MsHtml,DispHTMLDivPosition,3050f50f-98b5-11cf-bb82-00aa00bdce0b,true,standard_derived,
Windows.Win32.Web.MsHtml,DispHTMLDocument,3050f55f-98b5-11cf-bb82-00aa00bdce0b,true,standard_derived,
Windows.Win32.Web.MsHtml,DispHTMLDocumentCompatibleInfo,3050f53e-98b5-11cf-bb82-00aa00bdce0b,true,standard_derived,
Windows.Win32.Web.MsHtml,DispHTMLDocumentCompatibleInfoCollection,3050f53f-98b5-11cf-bb82-00aa00bdce0b,true,standard_derived,
Windows.Win32.Web.MsHtml,DispHTMLElementCollection,3050f56b-98b5-11cf-bb82-00aa00bdce0b,true,standard_derived,
Windows.Win32.Web.MsHtml,DispHTMLEmbed,3050f52e-98b5-11cf-bb82-00aa00bdce0b,true,standard_derived,
Windows.Win32.Web.MsHtml,DispHTMLFieldSetElement,3050f545-98b5-11cf-bb82-00aa00bdce0b,true,standard_derived,
Windows.Win32.Web.MsHtml,DispHTMLFontElement,3050f512-98b5-11cf-bb82-00aa00bdce0b,true,standard_derived,
Windows.Win32.Web.MsHtml,DispHTMLFormElement,3050f510-98b5-11cf-bb82-00aa00bdce0b,true,standard_derived,
Windows.Win32.Web.MsHtml,DispHTMLFrameBase,3050f541-98b5-11cf-bb82-00aa00bdce0b,true,standard_derived,
Windows.Win32.Web.MsHtml,DispHTMLFrameElement,3050f513-98b5-11cf-bb82-00aa00bdce0b,true,standard_derived,
Windows.Win32.Web.MsHtml,DispHTMLFrameSetSite,3050f514-98b5-11cf-bb82-00aa00bdce0b,true,standard_derived,
Windows.Win32.Web.MsHtml,DispHTMLGenericElement,3050f563-98b5-11cf-bb82-00aa00bdce0b,true,standard_derived,
Windows.Win32.Web.MsHtml,DispHTMLHRElement,3050f53d-98b5-11cf-bb82-00aa00bdce0b,true,standard_derived,
Windows.Win32.Web.MsHtml,DispHTMLHeadElement,3050f561-98b5-11cf-bb82-00aa00bdce0b,true,standard_derived,
Windows.Win32.Web.MsHtml,DispHTMLHeaderElement,3050f515-98b5-11cf-bb82-00aa00bdce0b,true,standard_derived,
Windows.Win32.Web.MsHtml,DispHTMLHistory,3050f549-98b5-11cf-bb82-00aa00bdce0b,true,standard_derived,
Windows.Win32.Web.MsHtml,DispHTMLHtmlElement,3050f560-98b5-11cf-bb82-00aa00bdce0b,true,standard_derived,
Windows.Win32.Web.MsHtml,DispHTMLIFrame,3050f51b-98b5-11cf-bb82-00aa00bdce0b,true,standard_derived,
Windows.Win32.Web.MsHtml,DispHTMLImg,3050f51c-98b5-11cf-bb82-00aa00bdce0b,true,standard_derived,
Windows.Win32.Web.MsHtml,DispHTMLInputElement,3050f57d-98b5-11cf-bb82-00aa00bdce0b,true,standard_derived,
Windows.Win32.Web.MsHtml,DispHTMLIsIndexElement,3050f519-98b5-11cf-bb82-00aa00bdce0b,true,standard_derived,
Windows.Win32.Web.MsHtml,DispHTMLLIElement,3050f523-98b5-11cf-bb82-00aa00bdce0b,true,standard_derived,
Windows.Win32.Web.MsHtml,DispHTMLLabelElement,3050f522-98b5-11cf-bb82-00aa00bdce0b,true,standard_derived,
Windows.Win32.Web.MsHtml,DispHTMLLegendElement,3050f546-98b5-11cf-bb82-00aa00bdce0b,true,standard_derived,
Windows.Win32.Web.MsHtml,DispHTMLLinkElement,3050f524-98b5-11cf-bb82-00aa00bdce0b,true,standard_derived,
Windows.Win32.Web.MsHtml,DispHTMLListElement,3050f525-98b5-11cf-bb82-00aa00bdce0b,true,standard_derived,
Windows.Win32.Web.MsHtml,DispHTMLLocation,3050f54e-98b5-11cf-bb82-00aa00bdce0b,true,standard_derived,
Windows.Win32.Web.MsHtml,DispHTMLMSCSSKeyframeRule,305900de-98b5-11cf-bb82-00aa00bdce0b,true,standard_derived,
Windows.Win32.Web.MsHtml,DispHTMLMSCSSKeyframesRule,305900df-98b5-11cf-bb82-00aa00bdce0b,true,standard_derived,
Windows.Win32.Web.MsHtml,DispHTMLMapElement,3050f526-98b5-11cf-bb82-00aa00bdce0b,true,standard_derived,
Windows.Win32.Web.MsHtml,DispHTMLMarqueeElement,3050f527-98b5-11cf-bb82-00aa00bdce0b,true,standard_derived,
Windows.Win32.Web.MsHtml,DispHTMLMediaElement,30590088-98b5-11cf-bb82-00aa00bdce0b,true,standard_derived,
Windows.Win32.Web.MsHtml,DispHTMLMediaError,30590086-98b5-11cf-bb82-00aa00bdce0b,true,standard_derived,
Windows.Win32.Web.MsHtml,DispHTMLMetaElement,3050f517-98b5-11cf-bb82-00aa00bdce0b,true,standard_derived,
Windows.Win32.Web.MsHtml,DispHTMLNamespace,3050f54f-98b5-11cf-bb82-00aa00bdce0b,true,standard_derived,
Windows.Win32.Web.MsHtml,DispHTMLNamespaceCollection,3050f550-98b5-11cf-bb82-00aa00bdce0b,true,standard_derived,
Windows.Win32.Web.MsHtml,DispHTMLNavigator,3050f54c-98b5-11cf-bb82-00aa00bdce0b,true,standard_derived,
Windows.Win32.Web.MsHtml,DispHTMLNextIdElement,3050f51a-98b5-11cf-bb82-00aa00bdce0b,true,standard_derived,
Windows.Win32.Web.MsHtml,DispHTMLNoShowElement,3050f528-98b5-11cf-bb82-00aa00bdce0b,true,standard_derived,
Windows.Win32.Web.MsHtml,DispHTMLOListElement,3050f52a-98b5-11cf-bb82-00aa00bdce0b,true,standard_derived,
Windows.Win32.Web.MsHtml,DispHTMLObjectElement,3050f529-98b5-11cf-bb82-00aa00bdce0b,true,standard_derived,
Windows.Win32.Web.MsHtml,DispHTMLOptionElement,3050f52b-98b5-11cf-bb82-00aa00bdce0b,true,standard_derived,
Windows.Win32.Web.MsHtml,DispHTMLParaElement,3050f52c-98b5-11cf-bb82-00aa00bdce0b,true,standard_derived,
Windows.Win32.Web.MsHtml,DispHTMLParamElement,3050f590-98b5-11cf-bb82-00aa00bdce0b,true,standard_derived,
Windows.Win32.Web.MsHtml,DispHTMLPerformance,3059009f-98b5-11cf-bb82-00aa00bdce0b,true,standard_derived,
Windows.Win32.Web.MsHtml,DispHTMLPerformanceNavigation,305900a0-98b5-11cf-bb82-00aa00bdce0b,true,standard_derived,
Windows.Win32.Web.MsHtml,DispHTMLPerformanceTiming,305900a1-98b5-11cf-bb82-00aa00bdce0b,true,standard_derived,
Windows.Win32.Web.MsHtml,DispHTMLPhraseElement,3050f52d-98b5-11cf-bb82-00aa00bdce0b,true,standard_derived,
Windows.Win32.Web.MsHtml,DispHTMLPopup,3050f589-98b5-11cf-bb82-00aa00bdce0b,true,standard_derived,
Windows.Win32.Web.MsHtml,DispHTMLProgressElement,305900af-98b5-11cf-bb82-00aa00bdce0b,true,standard_derived,
Windows.Win32.Web.MsHtml,DispHTMLRenderStyle,3050f58b-98b5-11cf-bb82-00aa00bdce0b,true,standard_derived,
Windows.Win32.Web.MsHtml,DispHTMLRichtextElement,3050f54d-98b5-11cf-bb82-00aa00bdce0b,true,standard_derived,
Windows.Win32.Web.MsHtml,DispHTMLRuleStyle,3050f55c-98b5-11cf-bb82-00aa00bdce0b,true,standard_derived,
Windows.Win32.Web.MsHtml,DispHTMLScreen,3050f591-98b5-11cf-bb82-00aa00bdce0b,true,standard_derived,
Windows.Win32.Web.MsHtml,DispHTMLScriptElement,3050f530-98b5-11cf-bb82-00aa00bdce0b,true,standard_derived,
Windows.Win32.Web.MsHtml,DispHTMLSelectElement,3050f531-98b5-11cf-bb82-00aa00bdce0b,true,standard_derived,
Windows.Win32.Web.MsHtml,DispHTMLSemanticElement,305900ba-98b5-11cf-bb82-00aa00bdce0b,true,standard_derived,
Windows.Win32.Web.MsHtml,DispHTMLSourceElement,30590089-98b5-11cf-bb82-00aa00bdce0b,true,standard_derived,
Windows.Win32.Web.MsHtml,DispHTMLSpanElement,3050f548-98b5-11cf-bb82-00aa00bdce0b,true,standard_derived,
Windows.Win32.Web.MsHtml,DispHTMLSpanFlow,3050f544-98b5-11cf-bb82-00aa00bdce0b,true,standard_derived,
Windows.Win32.Web.MsHtml,DispHTMLStorage,3050f59d-98b5-11cf-bb82-00aa00bdce0b,true,standard_derived,
Windows.Win32.Web.MsHtml,DispHTMLStyle,3050f55a-98b5-11cf-bb82-00aa00bdce0b,true,standard_derived,
Windows.Win32.Web.MsHtml,DispHTMLStyleElement,3050f511-98b5-11cf-bb82-00aa00bdce0b,true,standard_derived,
Windows.Win32.Web.MsHtml,DispHTMLStyleFontFace,30590081-98b5-11cf-bb82-00aa00bdce0b,true,standard_derived,
Windows.Win32.Web.MsHtml,DispHTMLStyleMedia,3059009e-98b5-11cf-bb82-00aa00bdce0b,true,standard_derived,
Windows.Win32.Web.MsHtml,DispHTMLStyleSheet,3050f58d-98b5-11cf-bb82-00aa00bdce0b,true,standard_derived,
Windows.Win32.Web.MsHtml,DispHTMLStyleSheetPage,3050f540-98b5-11cf-bb82-00aa00bdce0b,true,standard_derived,
Windows.Win32.Web.MsHtml,DispHTMLStyleSheetPagesCollection,3050f543-98b5-11cf-bb82-00aa00bdce0b,true,standard_derived,
Windows.Win32.Web.MsHtml,DispHTMLStyleSheetRule,3050f50e-98b5-11cf-bb82-00aa00bdce0b,true,standard_derived,
Windows.Win32.Web.MsHtml,DispHTMLStyleSheetRulesAppliedCollection,3050f5a6-98b5-11cf-bb82-00aa00bdce0b,true,standard_derived,
Windows.Win32.Web.MsHtml,DispHTMLStyleSheetRulesCollection,3050f52f-98b5-11cf-bb82-00aa00bdce0b,true,standard_derived,
Windows.Win32.Web.MsHtml,DispHTMLStyleSheetsCollection,3050f547-98b5-11cf-bb82-00aa00bdce0b,true,standard_derived,
Windows.Win32.Web.MsHtml,DispHTMLTable,3050f532-98b5-11cf-bb82-00aa00bdce0b,true,standard_derived,
Windows.Win32.Web.MsHtml,DispHTMLTableCaption,3050f508-98b5-11cf-bb82-00aa00bdce0b,true,standard_derived,
Windows.Win32.Web.MsHtml,DispHTMLTableCell,3050f536-98b5-11cf-bb82-00aa00bdce0b,true,standard_derived,
Windows.Win32.Web.MsHtml,DispHTMLTableCol,3050f533-98b5-11cf-bb82-00aa00bdce0b,true,standard_derived,
Windows.Win32.Web.MsHtml,DispHTMLTableRow,3050f535-98b5-11cf-bb82-00aa00bdce0b,true,standard_derived,
Windows.Win32.Web.MsHtml,DispHTMLTableSection,3050f534-98b5-11cf-bb82-00aa00bdce0b,true,standard_derived,
Windows.Win32.Web.MsHtml,DispHTMLTextAreaElement,3050f521-98b5-11cf-bb82-00aa00bdce0b,true,standard_derived,
Windows.Win32.Web.MsHtml,DispHTMLTextElement,3050f537-98b5-11cf-bb82-00aa00bdce0b,true,standard_derived,
Windows.Win32.Web.MsHtml,DispHTMLTimeRanges,30590087-98b5-11cf-bb82-00aa00bdce0b,true,standard_derived,
Windows.Win32.Web.MsHtml,DispHTMLTitleElement,3050f516-98b5-11cf-bb82-00aa00bdce0b,true,standard_derived,
Windows.Win32.Web.MsHtml,DispHTMLUListElement,3050f538-98b5-11cf-bb82-00aa00bdce0b,true,standard_derived,
Windows.Win32.Web.MsHtml,DispHTMLUnknownElement,3050f539-98b5-11cf-bb82-00aa00bdce0b,true,standard_derived,
Windows.Win32.Web.MsHtml,DispHTMLUrnCollection,3050f551-98b5-11cf-bb82-00aa00bdce0b,true,standard_derived,
Windows.Win32.Web.MsHtml,DispHTMLVideoElement,3059008b-98b5-11cf-bb82-00aa00bdce0b,true,standard_derived,
Windows.Win32.Web.MsHtml,DispHTMLW3CComputedStyle,30590070-98b5-11cf-bb82-00aa00bdce0b,true,standard_derived,
Windows.Win32.Web.MsHtml,DispHTMLWindow2,3050f55d-98b5-11cf-bb82-00aa00bdce0b,true,standard_derived,
Windows.Win32.Web.MsHtml,DispHTMLWindowProxy,3050f55e-98b5-11cf-bb82-00aa00bdce0b,true,standard_derived,
Windows.Win32.Web.MsHtml,DispHTMLWndOptionElement,3050f598-98b5-11cf-bb82-00aa00bdce0b,true,standard_derived,
Windows.Win32.Web.MsHtml,DispHTMLWndSelectElement,3050f597-98b5-11cf-bb82-00aa00bdce0b,true,standard_derived,
Windows.Win32.Web.MsHtml,DispHTMLXMLHttpRequest,3050f596-98b5-11cf-bb82-00aa00bdce0b,true,standard_derived,
Windows.Win32.Web.MsHtml,DispIHTMLInputButtonElement,3050f51e-98b5-11cf-bb82-00aa00bdce0b,true,standard_derived,
Windows.Win32.Web.MsHtml,DispIHTMLInputFileElement,3050f542-98b5-11cf-bb82-00aa00bdce0b,true,standard_derived,
Windows.Win32.Web.MsHtml,DispIHTMLInputImage,3050f51d-98b5-11cf-bb82-00aa00bdce0b,true,standard_derived,
Windows.Win32.Web.MsHtml,DispIHTMLInputTextElement,3050f520-98b5-11cf-bb82-00aa00bdce0b,true,standard_derived,
Windows.Win32.Web.MsHtml,DispIHTMLOptionButtonElement,3050f509-98b5-11cf-bb82-00aa00bdce0b,true,standard_derived,
Windows.Win32.Web.MsHtml,DispNodeIterator,3059009c-98b5-11cf-bb82-00aa00bdce0b,true,standard_derived,
Windows.Win32.Web.MsHtml,DispRangeException,30590095-98b5-11cf-bb82-00aa00bdce0b,true,standard_derived,
Windows.Win32.Web.MsHtml,DispRulesApplied,3050f5a5-98b5-11cf-bb82-00aa00bdce0b,true,standard_derived,
Windows.Win32.Web.MsHtml,DispRulesAppliedCollection,3050f5a4-98b5-11cf-bb82-00aa00bdce0b,true,standard_derived,
Windows.Win32.Web.MsHtml,DispSVGAElement,30590033-98b5-11cf-bb82-00aa00bdce0b,true,standard_derived,
Windows.Win32.Web.MsHtml,DispSVGCircleElement,3059000a-98b5-11cf-bb82-00aa00bdce0b,true,standard_derived,
Windows.Win32.Web.MsHtml,DispSVGClipPathElement,3059003b-98b5-11cf-bb82-00aa00bdce0b,true,standard_derived,
Windows.Win32.Web.MsHtml,DispSVGDefsElement,30590003-98b5-11cf-bb82-00aa00bdce0b,true,standard_derived,
Windows.Win32.Web.MsHtml,DispSVGDescElement,30590005-98b5-11cf-bb82-00aa00bdce0b,true,standard_derived,
Windows.Win32.Web.MsHtml,DispSVGElement,30590000-98b5-11cf-bb82-00aa00bdce0b,true,standard_derived,
Windows.Win32.Web.MsHtml,DispSVGElementInstance,30590007-98b5-11cf-bb82-00aa00bdce0b,true,standard_derived,
Windows.Win32.Web.MsHtml,DispSVGElementInstanceList,30590008-98b5-11cf-bb82-00aa00bdce0b,true,standard_derived,
Windows.Win32.Web.MsHtml,DispSVGEllipseElement,3059000b-98b5-11cf-bb82-00aa00bdce0b,true,standard_derived,
Windows.Win32.Web.MsHtml,DispSVGException,30590096-98b5-11cf-bb82-00aa00bdce0b,true,standard_derived,
Windows.Win32.Web.MsHtml,DispSVGGElement,30590002-98b5-11cf-bb82-00aa00bdce0b,true,standard_derived,
Windows.Win32.Web.MsHtml,DispSVGGradientElement,3059002e-98b5-11cf-bb82-00aa00bdce0b,true,standard_derived,
Windows.Win32.Web.MsHtml,DispSVGImageElement,30590027-98b5-11cf-bb82-00aa00bdce0b,true,standard_derived,
Windows.Win32.Web.MsHtml,DispSVGLineElement,3059000c-98b5-11cf-bb82-00aa00bdce0b,true,standard_derived,
Windows.Win32.Web.MsHtml,DispSVGLinearGradientElement,3059002a-98b5-11cf-bb82-00aa00bdce0b,true,standard_derived,
Windows.Win32.Web.MsHtml,DispSVGMarkerElement,30590036-98b5-11cf-bb82-00aa00bdce0b,true,standard_derived,
Windows.Win32.Web.MsHtml,DispSVGMaskElement,3059003c-98b5-11cf-bb82-00aa00bdce0b,true,standard_derived,
Windows.Win32.Web.MsHtml,DispSVGMetadataElement,3059002f-98b5-11cf-bb82-00aa00bdce0b,true,standard_derived,
Windows.Win32.Web.MsHtml,DispSVGPathElement,30590011-98b5-11cf-bb82-00aa00bdce0b,true,standard_derived,
Windows.Win32.Web.MsHtml,DispSVGPathSegArcAbs,30590013-98b5-11cf-bb82-00aa00bdce0b,true,standard_derived,
Windows.Win32.Web.MsHtml,DispSVGPathSegArcRel,30590014-98b5-11cf-bb82-00aa00bdce0b,true,standard_derived,
Windows.Win32.Web.MsHtml,DispSVGPathSegClosePath,30590015-98b5-11cf-bb82-00aa00bdce0b,true,standard_derived,
Windows.Win32.Web.MsHtml,DispSVGPathSegCurvetoCubicAbs,30590016-98b5-11cf-bb82-00aa00bdce0b,true,standard_derived,
Windows.Win32.Web.MsHtml,DispSVGPathSegCurvetoCubicRel,30590017-98b5-11cf-bb82-00aa00bdce0b,true,standard_derived,
Windows.Win32.Web.MsHtml,DispSVGPathSegCurvetoCubicSmoothAbs,30590018-98b5-11cf-bb82-00aa00bdce0b,true,standard_derived,
Windows.Win32.Web.MsHtml,DispSVGPathSegCurvetoCubicSmoothRel,30590019-98b5-11cf-bb82-00aa00bdce0b,true,standard_derived,
Windows.Win32.Web.MsHtml,DispSVGPathSegCurvetoQuadraticAbs,3059001a-98b5-11cf-bb82-00aa00bdce0b,true,standard_derived,
Windows.Win32.Web.MsHtml,DispSVGPathSegCurvetoQuadraticRel,3059001b-98b5-11cf-bb82-00aa00bdce0b,true,standard_derived,
Windows.Win32.Web.MsHtml,DispSVGPathSegCurvetoQuadraticSmoothAbs,3059001c-98b5-11cf-bb82-00aa00bdce0b,true,standard_derived,
Windows.Win32.Web.MsHtml,DispSVGPathSegCurvetoQuadraticSmoothRel,3059001d-98b5-11cf-bb82-00aa00bdce0b,true,standard_derived,
Windows.Win32.Web.MsHtml,DispSVGPathSegLinetoAbs,3059001e-98b5-11cf-bb82-00aa00bdce0b,true,standard_derived,
Windows.Win32.Web.MsHtml,DispSVGPathSegLinetoHorizontalAbs,3059001f-98b5-11cf-bb82-00aa00bdce0b,true,standard_derived,
Windows.Win32.Web.MsHtml,DispSVGPathSegLinetoHorizontalRel,30590020-98b5-11cf-bb82-00aa00bdce0b,true,standard_derived,
Windows.Win32.Web.MsHtml,DispSVGPathSegLinetoRel,30590021-98b5-11cf-bb82-00aa00bdce0b,true,standard_derived,
Windows.Win32.Web.MsHtml,DispSVGPathSegLinetoVerticalAbs,30590022-98b5-11cf-bb82-00aa00bdce0b,true,standard_derived,
Windows.Win32.Web.MsHtml,DispSVGPathSegLinetoVerticalRel,30590023-98b5-11cf-bb82-00aa00bdce0b,true,standard_derived,
Windows.Win32.Web.MsHtml,DispSVGPathSegMovetoAbs,30590024-98b5-11cf-bb82-00aa00bdce0b,true,standard_derived,
Windows.Win32.Web.MsHtml,DispSVGPathSegMovetoRel,30590025-98b5-11cf-bb82-00aa00bdce0b,true,standard_derived,
Windows.Win32.Web.MsHtml,DispSVGPatternElement,3059002c-98b5-11cf-bb82-00aa00bdce0b,true,standard_derived,
Windows.Win32.Web.MsHtml,DispSVGPolygonElement,3059000d-98b5-11cf-bb82-00aa00bdce0b,true,standard_derived,
Windows.Win32.Web.MsHtml,DispSVGPolylineElement,3059000e-98b5-11cf-bb82-00aa00bdce0b,true,standard_derived,
Windows.Win32.Web.MsHtml,DispSVGRadialGradientElement,3059002b-98b5-11cf-bb82-00aa00bdce0b,true,standard_derived,
Windows.Win32.Web.MsHtml,DispSVGRectElement,30590009-98b5-11cf-bb82-00aa00bdce0b,true,standard_derived,
Windows.Win32.Web.MsHtml,DispSVGSVGElement,30590001-98b5-11cf-bb82-00aa00bdce0b,true,standard_derived,
Windows.Win32.Web.MsHtml,DispSVGScriptElement,30590039-98b5-11cf-bb82-00aa00bdce0b,true,standard_derived,
Windows.Win32.Web.MsHtml,DispSVGStopElement,3059002d-98b5-11cf-bb82-00aa00bdce0b,true,standard_derived,
Windows.Win32.Web.MsHtml,DispSVGStyleElement,30590029-98b5-11cf-bb82-00aa00bdce0b,true,standard_derived,
Windows.Win32.Web.MsHtml,DispSVGSwitchElement,30590030-98b5-11cf-bb82-00aa00bdce0b,true,standard_derived,
Windows.Win32.Web.MsHtml,DispSVGSymbolElement,30590004-98b5-11cf-bb82-00aa00bdce0b,true,standard_derived,
Windows.Win32.Web.MsHtml,DispSVGTSpanElement,3059003a-98b5-11cf-bb82-00aa00bdce0b,true,standard_derived,
Windows.Win32.Web.MsHtml,DispSVGTextContentElement,30590035-98b5-11cf-bb82-00aa00bdce0b,true,standard_derived,
Windows.Win32.Web.MsHtml,DispSVGTextElement,30590037-98b5-11cf-bb82-00aa00bdce0b,true,standard_derived,
Windows.Win32.Web.MsHtml,DispSVGTextPathElement,3059003d-98b5-11cf-bb82-00aa00bdce0b,true,standard_derived,
Windows.Win32.Web.MsHtml,DispSVGTextPositioningElement,30590038-98b5-11cf-bb82-00aa00bdce0b,true,standard_derived,
Windows.Win32.Web.MsHtml,DispSVGTitleElement,30590006-98b5-11cf-bb82-00aa00bdce0b,true,standard_derived,
Windows.Win32.Web.MsHtml,DispSVGUseElement,30590010-98b5-11cf-bb82-00aa00bdce0b,true,standard_derived,
Windows.Win32.Web.MsHtml,DispSVGViewElement,30590034-98b5-11cf-bb82-00aa00bdce0b,true,standard_derived,
Windows.Win32.Web.MsHtml,DispSVGZoomEvent,30590031-98b5-11cf-bb82-00aa00bdce0b,true,standard_derived,
Windows.Win32.Web.MsHtml,DispStaticNodeList,3050f59b-98b5-11cf-bb82-00aa00bdce0b,true,standard_derived,
Windows.Win32.Web.MsHtml,DispTreeWalker,3059009d-98b5-11cf-bb82-00aa00bdce0b,true,standard_derived,
Windows.Win32.Web.MsHtml,DispWebGeocoordinates,305900be-98b5-11cf-bb82-00aa00bdce0b,true,standard_derived,
Windows.Win32.Web.MsHtml,DispWebGeolocation,305900bd-98b5-11cf-bb82-00aa00bdce0b,true,standard_derived,
Windows.Win32.Web.MsHtml,DispWebGeoposition,305900c1-98b5-11cf-bb82-00aa00bdce0b,true,standard_derived,
Windows.Win32.Web.MsHtml,DispWebGeopositionError,305900bf-98b5-11cf-bb82-00aa00bdce0b,true,standard_derived,
Windows.Win32.Web.MsHtml,DispXDomainRequest,3050f599-98b5-11cf-bb82-00aa00bdce0b,true,standard_derived,
Windows.Win32.Web.MsHtml,DispXMLHttpRequestEventTarget,305900e7-98b5-11cf-bb82-00aa00bdce0b,true,standard_derived,
Windows.Win32.Web.MsHtml,DispXMLSerializer,305900ad-98b5-11cf-bb82-00aa00bdce0b,true,standard_derived,
Windows.Win32.Web.MsHtml,HTMLAnchorEvents,3050f29d-98b5-11cf-bb82-00aa00bdce0b,true,standard_derived,
Windows.Win32.Web.MsHtml,HTMLAnchorEvents2,3050f610-98b5-11cf-bb82-00aa00bdce0b,true,standard_derived,
Windows.Win32.Web.MsHtml,HTMLAreaEvents,3050f366-98b5-11cf-bb82-00aa00bdce0b,true,standard_derived,
Windows.Win32.Web.MsHtml,HTMLAreaEvents2,3050f611-98b5-11cf-bb82-00aa00bdce0b,true,standard_derived,
Windows.Win32.Web.MsHtml,HTMLButtonElementEvents,3050f2b3-98b5-11cf-bb82-00aa00bdce0b,true,standard_derived,
Windows.Win32.Web.MsHtml,HTMLButtonElementEvents2,3050f617-98b5-11cf-bb82-00aa00bdce0b,true,standard_derived,
Windows.Win32.Web.MsHtml,HTMLControlElementEvents,3050f4ea-98b5-11cf-bb82-00aa00bdce0b,true,standard_derived,
Windows.Win32.Web.MsHtml,HTMLControlElementEvents2,3050f612-98b5-11cf-bb82-00aa00bdce0b,true,standard_derived,
Windows.Win32.Web.MsHtml,HTMLDocumentEvents,3050f260-98b5-11cf-bb82-00aa00bdce0b,true,standard_derived,
Windows.Win32.Web.MsHtml,HTMLDocumentEvents2,3050f613-98b5-11cf-bb82-00aa00bdce0b,true,standard_derived,
Windows.Win32.Web.MsHtml,HTMLDocumentEvents3,3050f5a0-98b5-11cf-bb82-00aa00bdce0b,true,standard_derived,
Windows.Win32.Web.MsHtml,HTMLDocumentEvents4,30510737-98b5-11cf-bb82-00aa00bdce0b,true,standard_derived,
Windows.Win32.Web.MsHtml,HTMLElementEvents,3050f33c-98b5-11cf-bb82-00aa00bdce0b,true,standard_derived,
Windows.Win32.Web.MsHtml,HTMLElementEvents2,3050f60f-98b5-11cf-bb82-00aa00bdce0b,true,standard_derived,
Windows.Win32.Web.MsHtml,HTMLElementEvents3,3050f59f-98b5-11cf-bb82-00aa00bdce0b,true,standard_derived,
Windows.Win32.Web.MsHtml,HTMLElementEvents4,3051075e-98b5-11cf-bb82-00aa00bdce0b,true,standard_derived,
Windows.Win32.Web.MsHtml,HTMLFormElementEvents,3050f364-98b5-11cf-bb82-00aa00bdce0b,true,standard_derived,
Windows.Win32.Web.MsHtml,HTMLFormElementEvents2,3050f614-98b5-11cf-bb82-00aa00bdce0b,true,standard_derived,
Windows.Win32.Web.MsHtml,HTMLFrameSiteEvents,3050f800-98b5-11cf-bb82-00aa00bdce0b,true,standard_derived,
Windows.Win32.Web.MsHtml,HTMLFrameSiteEvents2,3050f7ff-98b5-11cf-bb82-00aa00bdce0b,true,standard_derived,
Windows.Win32.Web.MsHtml,HTMLImgEvents,3050f25b-98b5-11cf-bb82-00aa00bdce0b,true,standard_derived,
Windows.Win32.Web.MsHtml,HTMLImgEvents2,3050f616-98b5-11cf-bb82-00aa00bdce0b,true,standard_derived,
Windows.Win32.Web.MsHtml,HTMLInputFileElementEvents,3050f2af-98b5-11cf-bb82-00aa00bdce0b,true,standard_derived,
Windows.Win32.Web.MsHtml,HTMLInputFileElementEvents2,3050f61a-98b5-11cf-bb82-00aa00bdce0b,true,standard_derived,
Windows.Win32.Web.MsHtml,HTMLInputImageEvents,3050f2c3-98b5-11cf-bb82-00aa00bdce0b,true,standard_derived,
Windows.Win32.Web.MsHtml,HTMLInputImageEvents2,3050f61b-98b5-11cf-bb82-00aa00bdce0b,true,standard_derived,
Windows.Win32.Web.MsHtml,HTMLInputTextElementEvents,3050f2a7-98b5-11cf-bb82-00aa00bdce0b,true,standard_derived,
Windows.Win32.Web.MsHtml,HTMLInputTextElementEvents2,3050f618-98b5-11cf-bb82-00aa00bdce0b,true,standard_derived,
Windows.Win32.Web.MsHtml,HTMLLabelEvents,3050f329-98b5-11cf-bb82-00aa00bdce0b,true,standard_derived,
Windows.Win32.Web.MsHtml,HTMLLabelEvents2,3050f61c-98b5-11cf-bb82-00aa00bdce0b,true,standard_derived,
Windows.Win32.Web.MsHtml,HTMLLinkElementEvents,3050f3cc-98b5-11cf-bb82-00aa00bdce0b,true,standard_derived,
Windows.Win32.Web.MsHtml,HTMLLinkElementEvents2,3050f61d-98b5-11cf-bb82-00aa00bdce0b,true,standard_derived,
Windows.Win32.Web.MsHtml,HTMLMapEvents,3050f3ba-98b5-11cf-bb82-00aa00bdce0b,true,standard_derived,
Windows.Win32.Web.MsHtml,HTMLMapEvents2,3050f61e-98b5-11cf-bb82-00aa00bdce0b,true,standard_derived,
Windows.Win32.Web.MsHtml,HTMLMarqueeElementEvents,3050f2b8-98b5-11cf-bb82-00aa00bdce0b,true,standard_derived,
Windows.Win32.Web.MsHtml,HTMLMarqueeElementEvents2,3050f61f-98b5-11cf-bb82-00aa00bdce0b,true,standard_derived,
Windows.Win32.Web.MsHtml,HTMLNamespaceEvents,3050f6bd-98b5-11cf-bb82-00aa00bdce0b,true,standard_derived,
Windows.Win32.Web.MsHtml,HTMLObjectElementEvents,3050f3c4-98b5-11cf-bb82-00aa00bdce0b,true,standard_derived,
Windows.Win32.Web.MsHtml,HTMLObjectElementEvents2,3050f620-98b5-11cf-bb82-00aa00bdce0b,true,standard_derived,
Windows.Win32.Web.MsHtml,HTMLOptionButtonElementEvents,3050f2bd-98b5-11cf-bb82-00aa00bdce0b,true,standard_derived,
Windows.Win32.Web.MsHtml,HTMLOptionButtonElementEvents2,3050f619-98b5-11cf-bb82-00aa00bdce0b,true,standard_derived,
Windows.Win32.Web.MsHtml,HTMLScriptEvents,3050f3e2-98b5-11cf-bb82-00aa00bdce0b,true,standard_derived,
Windows.Win32.Web.MsHtml,HTMLScriptEvents2,3050f621-98b5-11cf-bb82-00aa00bdce0b,true,standard_derived,
Windows.Win32.Web.MsHtml,HTMLSelectElementEvents,3050f302-98b5-11cf-bb82-00aa00bdce0b,true,standard_derived,
Windows.Win32.Web.MsHtml,HTMLSelectElementEvents2,3050f622-98b5-11cf-bb82-00aa00bdce0b,true,standard_derived,
Windows.Win32.Web.MsHtml,HTMLStyleElementEvents,3050f3cb-98b5-11cf-bb82-00aa00bdce0b,true,standard_derived,
Windows.Win32.Web.MsHtml,HTMLStyleElementEvents2,3050f615-98b5-11cf-bb82-00aa00bdce0b,true,standard_derived,
Windows.Win32.Web.MsHtml,HTMLTableEvents,3050f407-98b5-11cf-bb82-00aa00bdce0b,true,standard_derived,
Windows.Win32.Web.MsHtml,HTMLTableEvents2,3050f623-98b5-11cf-bb82-00aa00bdce0b,true,standard_derived,
Windows.Win32.Web.MsHtml,HTMLTextContainerEvents,1ff6aa72-5842-11cf-a707-00aa00c0098d,true,standard_derived,
Windows.Win32.Web.MsHtml,HTMLTextContainerEvents2,3050f624-98b5-11cf-bb82-00aa00bdce0b,true,standard_derived,
Windows.Win32.Web.MsHtml,HTMLWindowEvents,96a0a4e0-d062-11cf-94b6-00aa0060275c,true,standard_derived,
Windows.Win32.Web.MsHtml,HTMLWindowEvents2,3050f625-98b5-11cf-bb82-00aa00bdce0b,true,standard_derived,
Windows.Win32.Web.MsHtml,HTMLWindowEvents3,3050f5a1-98b5-11cf-bb82-00aa00bdce0b,true,standard_derived,
Windows.Win32.Web.MsHtml,HTMLXMLHttpRequestEvents,30510498-98b5-11cf-bb82-00aa00bdce0b,true,standard_derived,
Windows.Win32.Web.MsHtml,IBFCacheable,30510861-98b5-11cf-bb82-00aa00bdce0b,true,standard_derived,
Windows.Win32.Web.MsHtml,IBlockFormats,3050f830-98b5-11cf-bb82-00aa00bdce0b,true,standard_derived,
Windows.Win32.Web.MsHtml,ICSSFilter,3050f3ec-98b5-11cf-bb82-00aa00bdce0b,true,standard_derived,
Windows.Win32.Web.MsHtml,ICSSFilterSite,3050f3ed-98b5-11cf-bb82-00aa00bdce0b,true,standard_derived,
Windows.Win32.Web.MsHtml,ICanvasGradient,30510714-98b5-11cf-bb82-00aa00bdce0b,true,standard_derived,
Windows.Win32.Web.MsHtml,ICanvasImageData,3051071a-98b5-11cf-bb82-00aa00bdce0b,true,standard_derived,
Windows.Win32.Web.MsHtml,ICanvasPattern,30510716-98b5-11cf-bb82-00aa00bdce0b,true,standard_derived,
Windows.Win32.Web.MsHtml,ICanvasPixelArray,3051071c-98b5-11cf-bb82-00aa00bdce0b,true,standard_derived,
Windows.Win32.Web.MsHtml,ICanvasPixelArrayData,305107f9-98b5-11cf-bb82-00aa00bdce0b,false,,missing_allocator
Windows.Win32.Web.MsHtml,ICanvasRenderingContext2D,305106ff-98b5-11cf-bb82-00aa00bdce0b,true,standard_derived,
Windows.Win32.Web.MsHtml,ICanvasTextMetrics,30510718-98b5-11cf-bb82-00aa00bdce0b,true,standard_derived,
Windows.Win32.Web.MsHtml,IClassFactoryEx,342d1ea0-ae25-11d1-89c5-006008c3fbfc,true,standard_derived,
Windows.Win32.Web.MsHtml,IClientCaps,7e8bc44d-aeff-11d1-89c2-00c04fb6bfc4,true,standard_derived,
Windows.Win32.Web.MsHtml,ICustomDoc,3050f3f0-98b5-11cf-bb82-00aa00bdce0b,true,standard_derived,
Windows.Win32.Web.MsHtml,IDOMBeforeUnloadEvent,30510763-98b5-11cf-bb82-00aa00bdce0b,true,standard_derived,
Windows.Win32.Web.MsHtml,IDOMCloseEvent,305107ff-98b5-11cf-bb82-00aa00bdce0b,true,standard_derived,
Windows.Win32.Web.MsHtml,IDOMCompositionEvent,305106d8-98b5-11cf-bb82-00aa00bdce0b,true,standard_derived,
Windows.Win32.Web.MsHtml,IDOMCustomEvent,305106de-98b5-11cf-bb82-00aa00bdce0b,true,standard_derived,
Windows.Win32.Web.MsHtml,IDOMDocumentType,30510738-98b5-11cf-bb82-00aa00bdce0b,true,standard_derived,
Windows.Win32.Web.MsHtml,IDOMDragEvent,30510761-98b5-11cf-bb82-00aa00bdce0b,true,standard_derived,
Windows.Win32.Web.MsHtml,IDOMEvent,305104ba-98b5-11cf-bb82-00aa00bdce0b,true,standard_derived,
Windows.Win32.Web.MsHtml,IDOMEventRegistrationCallback,3051083b-98b5-11cf-bb82-00aa00bdce0b,true,standard_derived,
Windows.Win32.Web.MsHtml,IDOMException,3051072b-98b5-11cf-bb82-00aa00bdce0b,true,standard_derived,
Windows.Win32.Web.MsHtml,IDOMFocusEvent,305106cc-98b5-11cf-bb82-00aa00bdce0b,true,standard_derived,
Windows.Win32.Web.MsHtml,IDOMKeyboardEvent,305106d6-98b5-11cf-bb82-00aa00bdce0b,true,standard_derived,
Windows.Win32.Web.MsHtml,IDOMMSAnimationEvent,305107b7-98b5-11cf-bb82-00aa00bdce0b,true,standard_derived,
Windows.Win32.Web.MsHtml,IDOMMSManipulationEvent,30510816-98b5-11cf-bb82-00aa00bdce0b,true,standard_derived,
Windows.Win32.Web.MsHtml,IDOMMSTransitionEvent,305107b5-98b5-11cf-bb82-00aa00bdce0b,true,standard_derived,
Windows.Win32.Web.MsHtml,IDOMMessageEvent,30510720-98b5-11cf-bb82-00aa00bdce0b,true,standard_derived,
Windows.Win32.Web.MsHtml,IDOMMouseEvent,305106ce-98b5-11cf-bb82-00aa00bdce0b,true,standard_derived,
Windows.Win32.Web.MsHtml,IDOMMouseWheelEvent,305106d0-98b5-11cf-bb82-00aa00bdce0b,true,standard_derived,
Windows.Win32.Web.MsHtml,IDOMMutationEvent,305106da-98b5-11cf-bb82-00aa00bdce0b,true,standard_derived,
Windows.Win32.Web.MsHtml,IDOMNodeIterator,30510746-98b5-11cf-bb82-00aa00bdce0b,true,standard_derived,
Windows.Win32.Web.MsHtml,IDOMParser,30510781-98b5-11cf-bb82-00aa00bdce0b,true,standard_derived,
Windows.Win32.Web.MsHtml,IDOMParserFactory,30510783-98b5-11cf-bb82-00aa00bdce0b,true,standard_derived,
Windows.Win32.Web.MsHtml,IDOMProcessingInstruction,30510742-98b5-11cf-bb82-00aa00bdce0b,true,standard_derived,
Windows.Win32.Web.MsHtml,IDOMProgressEvent,3051071e-98b5-11cf-bb82-00aa00bdce0b,true,standard_derived,
Windows.Win32.Web.MsHtml,IDOMSiteModeEvent,30510765-98b6-11cf-bb82-00aa00bdce0b,true,standard_derived,
Windows.Win32.Web.MsHtml,IDOMStorageEvent,30510722-98b5-11cf-bb82-00aa00bdce0b,true,standard_derived,
Windows.Win32.Web.MsHtml,IDOMTextEvent,305106d4-98b5-11cf-bb82-00aa00bdce0b,true,standard_derived,
Windows.Win32.Web.MsHtml,IDOMTreeWalker,30510748-98b5-11cf-bb82-00aa00bdce0b,true,standard_derived,
Windows.Win32.Web.MsHtml,IDOMUIEvent,305106ca-98b5-11cf-bb82-00aa00bdce0b,true,standard_derived,
Windows.Win32.Web.MsHtml,IDOMWheelEvent,305106d2-98b5-11cf-bb82-00aa00bdce0b,true,standard_derived,
Windows.Win32.Web.MsHtml,IDOMXmlSerializer,3051077d-98b5-11cf-bb82-00aa00bdce0b,true,standard_derived,
Windows.Win32.Web.MsHtml,IDOMXmlSerializerFactory,3051077f-98b5-11cf-bb82-00aa00bdce0b,true,standard_derived,
Windows.Win32.Web.MsHtml,IDebugCallbackNotificationHandler,30510842-98b5-11cf-bb82-00aa00bdce0b,true,standard_derived,
Windows.Win32.Web.MsHtml,IDeveloperConsoleMessageReceiver,30510808-98b5-11cf-bb82-00aa00bdce0b,true,standard_derived,
Windows.Win32.Web.MsHtml,IDiagnosticsScriptEngine,30510859-98b5-11cf-bb82-00aa00bdce0b,true,standard_derived,
Windows.Win32.Web.MsHtml,IDiagnosticsScriptEngineProvider,3051085a-98b5-11cf-bb82-00aa00bdce0b,true,standard_derived,
Windows.Win32.Web.MsHtml,IDiagnosticsScriptEngineSite,30510858-98b5-11cf-bb82-00aa00bdce0b,true,standard_derived,
Windows.Win32.Web.MsHtml,IDisplayPointer,3050f69e-98b5-11cf-bb82-00aa00bdce0b,true,standard_derived,
Windows.Win32.Web.MsHtml,IDisplayServices,3050f69d-98b5-11cf-bb82-00aa00bdce0b,true,standard_derived,
Windows.Win32.Web.MsHtml,IDocHostShowUI,c4d244b0-d43e-11cf-893b-00aa00bdce1a,true,standard_derived,
Windows.Win32.Web.MsHtml,IDocHostUIHandler,bd3f23c0-d43e-11cf-893b-00aa00bdce1a,false,,missing_allocator
Windows.Win32.Web.MsHtml,IDocHostUIHandler2,3050f6d0-98b5-11cf-bb82-00aa00bdce0b,false,,missing_allocator
Windows.Win32.Web.MsHtml,IDocumentEvent,305104bc-98b5-11cf-bb82-00aa00bdce0b,true,standard_derived,
Windows.Win32.Web.MsHtml,IDocumentRange,305104af-98b5-11cf-bb82-00aa00bdce0b,true,standard_derived,
Windows.Win32.Web.MsHtml,IDocumentSelector,30510462-98b5-11cf-bb82-00aa00bdce0b,true,standard_derived,
Windows.Win32.Web.MsHtml,IDocumentTraversal,30510744-98b5-11cf-bb82-00aa00bdce0b,true,standard_derived,
Windows.Win32.Web.MsHtml,IElementBehavior,3050f425-98b5-11cf-bb82-00aa00bdce0b,false,,safe_projection_incomplete
Windows.Win32.Web.MsHtml,IElementBehaviorCategory,3050f4ed-98b5-11cf-bb82-00aa00bdce0b,false,,missing_allocator
Windows.Win32.Web.MsHtml,IElementBehaviorFactory,3050f429-98b5-11cf-bb82-00aa00bdce0b,true,standard_derived,
Windows.Win32.Web.MsHtml,IElementBehaviorFocus,3050f6b6-98b5-11cf-bb82-00aa00bdce0b,true,standard_derived,
Windows.Win32.Web.MsHtml,IElementBehaviorLayout,3050f6ba-98b5-11cf-bb82-00aa00bdce0b,true,standard_derived,
Windows.Win32.Web.MsHtml,IElementBehaviorLayout2,3050f846-98b5-11cf-bb82-00aa00bdce0b,true,standard_derived,
Windows.Win32.Web.MsHtml,IElementBehaviorRender,3050f4aa-98b5-11cf-bb82-00aa00bdce0b,true,standard_derived,
Windows.Win32.Web.MsHtml,IElementBehaviorSite,3050f427-98b5-11cf-bb82-00aa00bdce0b,true,standard_derived,
Windows.Win32.Web.MsHtml,IElementBehaviorSiteCategory,3050f4ee-98b5-11cf-bb82-00aa00bdce0b,true,standard_derived,
Windows.Win32.Web.MsHtml,IElementBehaviorSiteLayout,3050f6b7-98b5-11cf-bb82-00aa00bdce0b,true,standard_derived,
Windows.Win32.Web.MsHtml,IElementBehaviorSiteLayout2,3050f847-98b5-11cf-bb82-00aa00bdce0b,true,standard_derived,
Windows.Win32.Web.MsHtml,IElementBehaviorSiteOM,3050f489-98b5-11cf-bb82-00aa00bdce0b,true,standard_derived,
Windows.Win32.Web.MsHtml,IElementBehaviorSiteOM2,3050f659-98b5-11cf-bb82-00aa00bdce0b,true,standard_derived,
Windows.Win32.Web.MsHtml,IElementBehaviorSiteRender,3050f4a7-98b5-11cf-bb82-00aa00bdce0b,true,standard_derived,
Windows.Win32.Web.MsHtml,IElementBehaviorSubmit,3050f646-98b5-11cf-bb82-00aa00bdce0b,true,standard_derived,
Windows.Win32.Web.MsHtml,IElementNamespace,3050f671-98b5-11cf-bb82-00aa00bdce0b,true,standard_derived,
Windows.Win32.Web.MsHtml,IElementNamespaceFactory,3050f672-98b5-11cf-bb82-00aa00bdce0b,true,standard_derived,
Windows.Win32.Web.MsHtml,IElementNamespaceFactory2,3050f805-98b5-11cf-bb82-00aa00bdce0b,true,standard_derived,
Windows.Win32.Web.MsHtml,IElementNamespaceFactoryCallback,3050f7fd-98b5-11cf-bb82-00aa00bdce0b,true,standard_derived,
Windows.Win32.Web.MsHtml,IElementNamespaceTable,3050f670-98b5-11cf-bb82-00aa00bdce0b,true,standard_derived,
Windows.Win32.Web.MsHtml,IElementSegment,3050f68f-98b5-11cf-bb82-00aa00bdce0b,true,standard_derived,
Windows.Win32.Web.MsHtml,IElementSelector,30510463-98b5-11cf-bb82-00aa00bdce0b,true,standard_derived,
Windows.Win32.Web.MsHtml,IElementTraversal,30510736-98b5-11cf-bb82-00aa00bdce0b,true,standard_derived,
Windows.Win32.Web.MsHtml,IEnumPrivacyRecords,3050f844-98b5-11cf-bb82-00aa00bdce0b,false,,safe_projection_incomplete
Windows.Win32.Web.MsHtml,IEventException,3051073a-98b5-11cf-bb82-00aa00bdce0b,true,standard_derived,
Windows.Win32.Web.MsHtml,IEventTarget,305104b9-98b5-11cf-bb82-00aa00bdce0b,true,standard_derived,
Windows.Win32.Web.MsHtml,IEventTarget2,30510839-98b5-11cf-bb82-00aa00bdce0b,false,,safe_projection_incomplete
Windows.Win32.Web.MsHtml,IFontNames,3050f839-98b5-11cf-bb82-00aa00bdce0b,true,standard_derived,
Windows.Win32.Web.MsHtml,IGetSVGDocument,305105ab-98b5-11cf-bb82-00aa00bdce0b,true,standard_derived,
Windows.Win32.Web.MsHtml,IHTCAttachBehavior,3050f5f4-98b5-11cf-bb82-00aa00bdce0b,true,standard_derived,
Windows.Win32.Web.MsHtml,IHTCAttachBehavior2,3050f7eb-98b5-11cf-bb82-00aa00bdce0b,true,standard_derived,
Windows.Win32.Web.MsHtml,IHTCDefaultDispatch,3050f4fd-98b5-11cf-bb82-00aa00bdce0b,true,standard_derived,
Windows.Win32.Web.MsHtml,IHTCDescBehavior,3050f5dc-98b5-11cf-bb82-00aa00bdce0b,true,standard_derived,
Windows.Win32.Web.MsHtml,IHTCEventBehavior,3050f4ff-98b5-11cf-bb82-00aa00bdce0b,true,standard_derived,
Windows.Win32.Web.MsHtml,IHTCMethodBehavior,3050f631-98b5-11cf-bb82-00aa00bdce0b,true,standard_derived,
Windows.Win32.Web.MsHtml,IHTCPropertyBehavior,3050f5df-98b5-11cf-bb82-00aa00bdce0b,true,standard_derived,
Windows.Win32.Web.MsHtml,IHTMLAnchorElement,3050f1da-98b5-11cf-bb82-00aa00bdce0b,true,standard_derived,
Windows.Win32.Web.MsHtml,IHTMLAnchorElement2,3050f825-98b5-11cf-bb82-00aa00bdce0b,true,standard_derived,
Windows.Win32.Web.MsHtml,IHTMLAnchorElement3,3051041d-98b5-11cf-bb82-00aa00bdce0b,true,standard_derived,
Windows.Win32.Web.MsHtml,IHTMLAppBehavior,3050f5ca-98b5-11cf-bb82-00aa00bdce0b,true,standard_derived,
Windows.Win32.Web.MsHtml,IHTMLAppBehavior2,3050f5c9-98b5-11cf-bb82-00aa00bdce0b,true,standard_derived,
Windows.Win32.Web.MsHtml,IHTMLAppBehavior3,3050f5cd-98b5-11cf-bb82-00aa00bdce0b,true,standard_derived,
Windows.Win32.Web.MsHtml,IHTMLApplicationCache,30510828-98b5-11cf-bb82-00aa00bdce0b,true,standard_derived,
Windows.Win32.Web.MsHtml,IHTMLAreaElement,3050f265-98b5-11cf-bb82-00aa00bdce0b,true,standard_derived,
Windows.Win32.Web.MsHtml,IHTMLAreaElement2,3051041f-98b5-11cf-bb82-00aa00bdce0b,true,standard_derived,
Windows.Win32.Web.MsHtml,IHTMLAreasCollection,3050f383-98b5-11cf-bb82-00aa00bdce0b,true,standard_derived,
Windows.Win32.Web.MsHtml,IHTMLAreasCollection2,3050f5ec-98b5-11cf-bb82-00aa00bdce0b,true,standard_derived,
Windows.Win32.Web.MsHtml,IHTMLAreasCollection3,3050f837-98b5-11cf-bb82-00aa00bdce0b,true,standard_derived,
Windows.Win32.Web.MsHtml,IHTMLAreasCollection4,30510492-98b5-11cf-bb82-00aa00bdce0b,true,standard_derived,
Windows.Win32.Web.MsHtml,IHTMLAttributeCollection,3050f4c3-98b5-11cf-bb82-00aa00bdce0b,true,standard_derived,
Windows.Win32.Web.MsHtml,IHTMLAttributeCollection2,3050f80a-98b5-11cf-bb82-00aa00bdce0b,true,standard_derived,
Windows.Win32.Web.MsHtml,IHTMLAttributeCollection3,30510469-98b5-11cf-bb82-00aa00bdce0b,true,standard_derived,
Windows.Win32.Web.MsHtml,IHTMLAttributeCollection4,305106fa-98b5-11cf-bb82-00aa00bdce0b,true,standard_derived,
Windows.Win32.Web.MsHtml,IHTMLAudioElement,30510708-98b5-11cf-bb82-00aa00bdce0b,true,standard_derived,
Windows.Win32.Web.MsHtml,IHTMLAudioElementFactory,305107eb-98b5-11cf-bb82-00aa00bdce0b,true,standard_derived,
Windows.Win32.Web.MsHtml,IHTMLBGsound,3050f369-98b5-11cf-bb82-00aa00bdce0b,true,standard_derived,
Windows.Win32.Web.MsHtml,IHTMLBRElement,3050f1f0-98b5-11cf-bb82-00aa00bdce0b,true,standard_derived,
Windows.Win32.Web.MsHtml,IHTMLBaseElement,3050f204-98b5-11cf-bb82-00aa00bdce0b,true,standard_derived,
Windows.Win32.Web.MsHtml,IHTMLBaseElement2,30510420-98b5-11cf-bb82-00aa00bdce0b,true,standard_derived,
Windows.Win32.Web.MsHtml,IHTMLBaseFontElement,3050f202-98b5-11cf-bb82-00aa00bdce0b,true,standard_derived,
Windows.Win32.Web.MsHtml,IHTMLBlockElement,3050f208-98b5-11cf-bb82-00aa00bdce0b,true,standard_derived,
Windows.Win32.Web.MsHtml,IHTMLBlockElement2,3050f823-98b5-11cf-bb82-00aa00bdce0b,true,standard_derived,
Windows.Win32.Web.MsHtml,IHTMLBlockElement3,30510494-98b5-11cf-bb82-00aa00bdce0b,true,standard_derived,
Windows.Win32.Web.MsHtml,IHTMLBodyElement,3050f1d8-98b5-11cf-bb82-00aa00bdce0b,true,standard_derived,
Windows.Win32.Web.MsHtml,IHTMLBodyElement2,3050f5c5-98b5-11cf-bb82-00aa00bdce0b,true,standard_derived,
Windows.Win32.Web.MsHtml,IHTMLBodyElement3,30510422-98b5-11cf-bb82-00aa00bdce0b,true,standard_derived,
Windows.Win32.Web.MsHtml,IHTMLBodyElement4,30510795-98b5-11cf-bb82-00aa00bdce0b,true,standard_derived,
Windows.Win32.Web.MsHtml,IHTMLBodyElement5,30510822-98b5-11cf-bb82-00aa00bdce0b,true,standard_derived,
Windows.Win32.Web.MsHtml,IHTMLBookmarkCollection,3050f4ce-98b5-11cf-bb82-00aa00bdce0b,true,standard_derived,
Windows.Win32.Web.MsHtml,IHTMLButtonElement,3050f2bb-98b5-11cf-bb82-00aa00bdce0b,true,standard_derived,
Windows.Win32.Web.MsHtml,IHTMLButtonElement2,305106f3-98b5-11cf-bb82-00aa00bdce0b,true,standard_derived,
Windows.Win32.Web.MsHtml,IHTMLCSSImportRule,305106ea-98b5-11cf-bb82-00aa00bdce0b,true,standard_derived,
Windows.Win32.Web.MsHtml,IHTMLCSSMediaList,30510731-98b5-11cf-bb82-00aa00bdce0b,true,standard_derived,
Windows.Win32.Web.MsHtml,IHTMLCSSMediaRule,305106eb-98b5-11cf-bb82-00aa00bdce0b,true,standard_derived,
Windows.Win32.Web.MsHtml,IHTMLCSSNamespaceRule,305106ee-98b5-11cf-bb82-00aa00bdce0b,true,standard_derived,
Windows.Win32.Web.MsHtml,IHTMLCSSRule,305106e9-98b5-11cf-bb82-00aa00bdce0b,true,standard_derived,
Windows.Win32.Web.MsHtml,IHTMLCSSStyleDeclaration,30510740-98b5-11cf-bb82-00aa00bdce0b,true,standard_derived,
Windows.Win32.Web.MsHtml,IHTMLCSSStyleDeclaration2,305107d1-98b5-11cf-bb82-00aa00bdce0b,true,standard_derived,
Windows.Win32.Web.MsHtml,IHTMLCSSStyleDeclaration3,3051085c-98b5-11cf-bb82-00aa00bdce0b,true,standard_derived,
Windows.Win32.Web.MsHtml,IHTMLCSSStyleDeclaration4,d6100f3b-27c8-4132-afea-f0e4b1e00060,true,standard_derived,
Windows.Win32.Web.MsHtml,IHTMLCanvasElement,305106e4-98b5-11cf-bb82-00aa00bdce0b,true,standard_derived,
Windows.Win32.Web.MsHtml,IHTMLCaret,3050f604-98b5-11cf-bb82-00aa00bdce0b,true,standard_derived,
Windows.Win32.Web.MsHtml,IHTMLChangeLog,3050f649-98b5-11cf-bb82-00aa00bdce0b,true,standard_derived,
Windows.Win32.Web.MsHtml,IHTMLChangePlayback,3050f6e0-98b5-11cf-bb82-00aa00bdce0b,true,standard_derived,
Windows.Win32.Web.MsHtml,IHTMLChangeSink,3050f64a-98b5-11cf-bb82-00aa00bdce0b,true,standard_derived,
Windows.Win32.Web.MsHtml,IHTMLCommentElement,3050f20c-98b5-11cf-bb82-00aa00bdce0b,true,standard_derived,
Windows.Win32.Web.MsHtml,IHTMLCommentElement2,3050f813-98b5-11cf-bb82-00aa00bdce0b,true,standard_derived,
Windows.Win32.Web.MsHtml,IHTMLCommentElement3,3051073f-98b5-11cf-bb82-00aa00bdce0b,true,standard_derived,
Windows.Win32.Web.MsHtml,IHTMLComputedStyle,3050f6c3-98b5-11cf-bb82-00aa00bdce0b,true,standard_derived,
Windows.Win32.Web.MsHtml,IHTMLControlElement,3050f4e9-98b5-11cf-bb82-00aa00bdce0b,true,standard_derived,
Windows.Win32.Web.MsHtml,IHTMLControlRange,3050f29c-98b5-11cf-bb82-00aa00bdce0b,true,standard_derived,
Windows.Win32.Web.MsHtml,IHTMLControlRange2,3050f65e-98b5-11cf-bb82-00aa00bdce0b,true,standard_derived,
Windows.Win32.Web.MsHtml,IHTMLCurrentStyle,3050f3db-98b5-11cf-bb82-00aa00bdce0b,true,standard_derived,
Windows.Win32.Web.MsHtml,IHTMLCurrentStyle2,3050f658-98b5-11cf-bb82-00aa00bdce0b,true,standard_derived,
Windows.Win32.Web.MsHtml,IHTMLCurrentStyle3,3050f818-98b5-11cf-bb82-00aa00bdce0b,true,standard_derived,
Windows.Win32.Web.MsHtml,IHTMLCurrentStyle4,3050f33b-98b5-11cf-bb82-00aa00bdce0b,true,standard_derived,
Windows.Win32.Web.MsHtml,IHTMLCurrentStyle5,30510481-98b5-11cf-bb82-00aa00bdce0b,true,standard_derived,
Windows.Win32.Web.MsHtml,IHTMLDDElement,3050f1f2-98b5-11cf-bb82-00aa00bdce0b,true,standard_derived,
Windows.Win32.Web.MsHtml,IHTMLDListElement,3050f1f1-98b5-11cf-bb82-00aa00bdce0b,true,standard_derived,
Windows.Win32.Web.MsHtml,IHTMLDOMAttribute,3050f4b0-98b5-11cf-bb82-00aa00bdce0b,true,standard_derived,
Windows.Win32.Web.MsHtml,IHTMLDOMAttribute2,3050f810-98b5-11cf-bb82-00aa00bdce0b,true,standard_derived,
Windows.Win32.Web.MsHtml,IHTMLDOMAttribute3,30510468-98b5-11cf-bb82-00aa00bdce0b,true,standard_derived,
Windows.Win32.Web.MsHtml,IHTMLDOMAttribute4,305106f9-98b5-11cf-bb82-00aa00bdce0b,true,standard_derived,
Windows.Win32.Web.MsHtml,IHTMLDOMChildrenCollection,3050f5ab-98b5-11cf-bb82-00aa00bdce0b,true,standard_derived,
Windows.Win32.Web.MsHtml,IHTMLDOMChildrenCollection2,30510791-98b5-11cf-bb82-00aa00bdce0b,true,standard_derived,
Windows.Win32.Web.MsHtml,IHTMLDOMConstructor,3051049b-98b5-11cf-bb82-00aa00bdce0b,true,standard_derived,
Windows.Win32.Web.MsHtml,IHTMLDOMConstructorCollection,3051049c-98b5-11cf-bb82-00aa00bdce0b,true,standard_derived,
Windows.Win32.Web.MsHtml,IHTMLDOMImplementation,3050f80d-98b5-11cf-bb82-00aa00bdce0b,true,standard_derived,
Windows.Win32.Web.MsHtml,IHTMLDOMImplementation2,3051073c-98b5-11cf-bb82-00aa00bdce0b,true,standard_derived,
Windows.Win32.Web.MsHtml,IHTMLDOMNode,3050f5da-98b5-11cf-bb82-00aa00bdce0b,true,standard_derived,
Windows.Win32.Web.MsHtml,IHTMLDOMNode2,3050f80b-98b5-11cf-bb82-00aa00bdce0b,true,standard_derived,
Windows.Win32.Web.MsHtml,IHTMLDOMNode3,305106e0-98b5-11cf-bb82-00aa00bdce0b,true,standard_derived,
Windows.Win32.Web.MsHtml,IHTMLDOMRange,305104ae-98b5-11cf-bb82-00aa00bdce0b,true,standard_derived,
Windows.Win32.Web.MsHtml,IHTMLDOMTextNode,3050f4b1-98b5-11cf-bb82-00aa00bdce0b,true,standard_derived,
Windows.Win32.Web.MsHtml,IHTMLDOMTextNode2,3050f809-98b5-11cf-bb82-00aa00bdce0b,true,standard_derived,
Windows.Win32.Web.MsHtml,IHTMLDOMTextNode3,3051073e-98b5-11cf-bb82-00aa00bdce0b,true,standard_derived,
Windows.Win32.Web.MsHtml,IHTMLDTElement,3050f1f3-98b5-11cf-bb82-00aa00bdce0b,true,standard_derived,
Windows.Win32.Web.MsHtml,IHTMLDataTransfer,3050f4b3-98b5-11cf-bb82-00aa00bdce0b,true,standard_derived,
Windows.Win32.Web.MsHtml,IHTMLDatabinding,3050f3f2-98b5-11cf-bb82-00aa00bdce0b,true,standard_derived,
Windows.Win32.Web.MsHtml,IHTMLDialog,3050f216-98b5-11cf-bb82-00aa00bdce0b,true,standard_derived,
Windows.Win32.Web.MsHtml,IHTMLDialog2,3050f5e0-98b5-11cf-bb82-00aa00bdce0b,true,standard_derived,
Windows.Win32.Web.MsHtml,IHTMLDialog3,3050f388-98b5-11cf-bb82-00aa00bdce0b,true,standard_derived,
Windows.Win32.Web.MsHtml,IHTMLDivElement,3050f200-98b5-11cf-bb82-00aa00bdce0b,true,standard_derived,
Windows.Win32.Web.MsHtml,IHTMLDivPosition,3050f212-98b5-11cf-bb82-00aa00bdce0b,true,standard_derived,
Windows.Win32.Web.MsHtml,IHTMLDocument,626fc520-a41e-11cf-a731-00a0c9082637,true,standard_derived,
Windows.Win32.Web.MsHtml,IHTMLDocument2,332c4425-26cb-11d0-b483-00c04fd90119,false,,safe_projection_incomplete
Windows.Win32.Web.MsHtml,IHTMLDocument3,3050f485-98b5-11cf-bb82-00aa00bdce0b,true,standard_derived,
Windows.Win32.Web.MsHtml,IHTMLDocument4,3050f69a-98b5-11cf-bb82-00aa00bdce0b,true,standard_derived,
Windows.Win32.Web.MsHtml,IHTMLDocument5,3050f80c-98b5-11cf-bb82-00aa00bdce0b,true,standard_derived,
Windows.Win32.Web.MsHtml,IHTMLDocument6,30510417-98b5-11cf-bb82-00aa00bdce0b,true,standard_derived,
Windows.Win32.Web.MsHtml,IHTMLDocument7,305104b8-98b5-11cf-bb82-00aa00bdce0b,true,standard_derived,
Windows.Win32.Web.MsHtml,IHTMLDocument8,305107d0-98b5-11cf-bb82-00aa00bdce0b,true,standard_derived,
Windows.Win32.Web.MsHtml,IHTMLDocumentCompatibleInfo,3051041a-98b5-11cf-bb82-00aa00bdce0b,true,standard_derived,
Windows.Win32.Web.MsHtml,IHTMLDocumentCompatibleInfoCollection,30510418-98b5-11cf-bb82-00aa00bdce0b,true,standard_derived,
Windows.Win32.Web.MsHtml,IHTMLEditDesigner,3050f662-98b5-11cf-bb82-00aa00bdce0b,true,standard_derived,
Windows.Win32.Web.MsHtml,IHTMLEditHost,3050f6a0-98b5-11cf-bb82-00aa00bdce0b,true,standard_derived,
Windows.Win32.Web.MsHtml,IHTMLEditHost2,3050f848-98b5-11cf-bb82-00aa00bdce0d,true,standard_derived,
Windows.Win32.Web.MsHtml,IHTMLEditServices,3050f663-98b5-11cf-bb82-00aa00bdce0b,true,standard_derived,
Windows.Win32.Web.MsHtml,IHTMLEditServices2,3050f812-98b5-11cf-bb82-00aa00bdce0b,true,standard_derived,
Windows.Win32.Web.MsHtml,IHTMLElement,3050f1ff-98b5-11cf-bb82-00aa00bdce0b,true,standard_derived,
Windows.Win32.Web.MsHtml,IHTMLElement2,3050f434-98b5-11cf-bb82-00aa00bdce0b,true,standard_derived,
Windows.Win32.Web.MsHtml,IHTMLElement3,3050f673-98b5-11cf-bb82-00aa00bdce0b,true,standard_derived,
Windows.Win32.Web.MsHtml,IHTMLElement4,3050f80f-98b5-11cf-bb82-00aa00bdce0b,true,standard_derived,
Windows.Win32.Web.MsHtml,IHTMLElement5,3051045d-98b5-11cf-bb82-00aa00bdce0b,true,standard_derived,
Windows.Win32.Web.MsHtml,IHTMLElement6,305106f8-98b5-11cf-bb82-00aa00bdce0b,true,standard_derived,
Windows.Win32.Web.MsHtml,IHTMLElement7,305107aa-98b5-11cf-bb82-00aa00bdce0b,true,standard_derived,
Windows.Win32.Web.MsHtml,IHTMLElementAppliedStyles,305104bd-98b5-11cf-bb82-00aa00bdce0b,true,standard_derived,
Windows.Win32.Web.MsHtml,IHTMLElementCollection,3050f21f-98b5-11cf-bb82-00aa00bdce0b,true,standard_derived,
Windows.Win32.Web.MsHtml,IHTMLElementCollection2,3050f5ee-98b5-11cf-bb82-00aa00bdce0b,true,standard_derived,
Windows.Win32.Web.MsHtml,IHTMLElementCollection3,3050f835-98b5-11cf-bb82-00aa00bdce0b,true,standard_derived,
Windows.Win32.Web.MsHtml,IHTMLElementCollection4,30510425-98b5-11cf-bb82-00aa00bdce0b,true,standard_derived,
Windows.Win32.Web.MsHtml,IHTMLElementDefaults,3050f6c9-98b5-11cf-bb82-00aa00bdce0b,true,standard_derived,
Windows.Win32.Web.MsHtml,IHTMLElementRender,3050f669-98b5-11cf-bb82-00aa00bdce0b,true,standard_derived,
Windows.Win32.Web.MsHtml,IHTMLEmbedElement,3050f25f-98b5-11cf-bb82-00aa00bdce0b,true,standard_derived,
Windows.Win32.Web.MsHtml,IHTMLEmbedElement2,30510493-98b5-11cf-bb82-00aa00bdce0b,true,standard_derived,
Windows.Win32.Web.MsHtml,IHTMLEventObj,3050f32d-98b5-11cf-bb82-00aa00bdce0b,true,standard_derived,
Windows.Win32.Web.MsHtml,IHTMLEventObj2,3050f48b-98b5-11cf-bb82-00aa00bdce0b,true,standard_derived,
Windows.Win32.Web.MsHtml,IHTMLEventObj3,3050f680-98b5-11cf-bb82-00aa00bdce0b,true,standard_derived,
Windows.Win32.Web.MsHtml,IHTMLEventObj4,3050f814-98b5-11cf-bb82-00aa00bdce0b,true,standard_derived,
Windows.Win32.Web.MsHtml,IHTMLEventObj5,30510478-98b5-11cf-bb82-00aa00bdce0b,true,standard_derived,
Windows.Win32.Web.MsHtml,IHTMLEventObj6,30510734-98b5-11cf-bb82-00aa00bdce0b,true,standard_derived,
Windows.Win32.Web.MsHtml,IHTMLFieldSetElement,3050f3e7-98b5-11cf-bb82-00aa00bdce0b,true,standard_derived,
Windows.Win32.Web.MsHtml,IHTMLFieldSetElement2,3050f833-98b5-11cf-bb82-00aa00bdce0b,true,standard_derived,
Windows.Win32.Web.MsHtml,IHTMLFiltersCollection,3050f3ee-98b5-11cf-bb82-00aa00bdce0b,true,standard_derived,
Windows.Win32.Web.MsHtml,IHTMLFontElement,3050f1d9-98b5-11cf-bb82-00aa00bdce0b,true,standard_derived,
Windows.Win32.Web.MsHtml,IHTMLFontNamesCollection,3050f376-98b5-11cf-bb82-00aa00bdce0b,true,standard_derived,
Windows.Win32.Web.MsHtml,IHTMLFontSizesCollection,3050f377-98b5-11cf-bb82-00aa00bdce0b,true,standard_derived,
Windows.Win32.Web.MsHtml,IHTMLFormElement,3050f1f7-98b5-11cf-bb82-00aa00bdce0b,true,standard_derived,
Windows.Win32.Web.MsHtml,IHTMLFormElement2,3050f4f6-98b5-11cf-bb82-00aa00bdce0b,true,standard_derived,
Windows.Win32.Web.MsHtml,IHTMLFormElement3,3050f836-98b5-11cf-bb82-00aa00bdce0b,true,standard_derived,
Windows.Win32.Web.MsHtml,IHTMLFormElement4,3051042c-98b5-11cf-bb82-00aa00bdce0b,true,standard_derived,
Windows.Win32.Web.MsHtml,IHTMLFrameBase,3050f311-98b5-11cf-bb82-00aa00bdce0b,true,standard_derived,
Windows.Win32.Web.MsHtml,IHTMLFrameBase2,3050f6db-98b5-11cf-bb82-00aa00bdce0b,true,standard_derived,
Windows.Win32.Web.MsHtml,IHTMLFrameBase3,3050f82e-98b5-11cf-bb82-00aa00bdce0b,true,standard_derived,
Windows.Win32.Web.MsHtml,IHTMLFrameElement,3050f313-98b5-11cf-bb82-00aa00bdce0b,true,standard_derived,
Windows.Win32.Web.MsHtml,IHTMLFrameElement2,3050f7f5-98b5-11cf-bb82-00aa00bdce0b,true,standard_derived,
Windows.Win32.Web.MsHtml,IHTMLFrameElement3,3051042d-98b5-11cf-bb82-00aa00bdce0b,true,standard_derived,
Windows.Win32.Web.MsHtml,IHTMLFrameSetElement,3050f319-98b5-11cf-bb82-00aa00bdce0b,true,standard_derived,
Windows.Win32.Web.MsHtml,IHTMLFrameSetElement2,3050f5c6-98b5-11cf-bb82-00aa00bdce0b,true,standard_derived,
Windows.Win32.Web.MsHtml,IHTMLFrameSetElement3,30510796-98b5-11cf-bb82-00aa00bdce0b,true,standard_derived,
Windows.Win32.Web.MsHtml,IHTMLFramesCollection2,332c4426-26cb-11d0-b483-00c04fd90119,true,standard_derived,
Windows.Win32.Web.MsHtml,IHTMLGenericElement,3050f4b7-98b5-11cf-bb82-00aa00bdce0b,true,standard_derived,
Windows.Win32.Web.MsHtml,IHTMLHRElement,3050f1f4-98b5-11cf-bb82-00aa00bdce0b,true,standard_derived,
Windows.Win32.Web.MsHtml,IHTMLHeadElement,3050f81d-98b5-11cf-bb82-00aa00bdce0b,true,standard_derived,
Windows.Win32.Web.MsHtml,IHTMLHeadElement2,3051042f-98b5-11cf-bb82-00aa00bdce0b,true,standard_derived,
Windows.Win32.Web.MsHtml,IHTMLHeaderElement,3050f1f6-98b5-11cf-bb82-00aa00bdce0b,true,standard_derived,
Windows.Win32.Web.MsHtml,IHTMLHtmlElement,3050f81c-98b5-11cf-bb82-00aa00bdce0b,true,standard_derived,
Windows.Win32.Web.MsHtml,IHTMLIFrameElement,3050f315-98b5-11cf-bb82-00aa00bdce0b,true,standard_derived,
Windows.Win32.Web.MsHtml,IHTMLIFrameElement2,3050f4e6-98b5-11cf-bb82-00aa00bdce0b,true,standard_derived,
Windows.Win32.Web.MsHtml,IHTMLIFrameElement3,30510433-98b5-11cf-bb82-00aa00bdce0b,true,standard_derived,
Windows.Win32.Web.MsHtml,IHTMLIPrintCollection,3050f6b5-98b5-11cf-bb82-00aa00bdce0b,true,standard_derived,
Windows.Win32.Web.MsHtml,IHTMLImageElementFactory,3050f38e-98b5-11cf-bb82-00aa00bdce0b,true,standard_derived,
Windows.Win32.Web.MsHtml,IHTMLImgElement,3050f240-98b5-11cf-bb82-00aa00bdce0b,true,standard_derived,
Windows.Win32.Web.MsHtml,IHTMLImgElement2,3050f826-98b5-11cf-bb82-00aa00bdce0b,true,standard_derived,
Windows.Win32.Web.MsHtml,IHTMLImgElement3,30510434-98b5-11cf-bb82-00aa00bdce0b,true,standard_derived,
Windows.Win32.Web.MsHtml,IHTMLImgElement4,305107f6-98b5-11cf-bb82-00aa00bdce0b,true,standard_derived,
Windows.Win32.Web.MsHtml,IHTMLInputButtonElement,3050f2b2-98b5-11cf-bb82-00aa00bdce0b,true,standard_derived,
Windows.Win32.Web.MsHtml,IHTMLInputElement,3050f5d2-98b5-11cf-bb82-00aa00bdce0b,true,standard_derived,
Windows.Win32.Web.MsHtml,IHTMLInputElement2,3050f821-98b5-11cf-bb82-00aa00bdce0b,true,standard_derived,
Windows.Win32.Web.MsHtml,IHTMLInputElement3,30510435-98b5-11cf-bb82-00aa00bdce0b,true,standard_derived,
Windows.Win32.Web.MsHtml,IHTMLInputFileElement,3050f2ad-98b5-11cf-bb82-00aa00bdce0b,true,standard_derived,
Windows.Win32.Web.MsHtml,IHTMLInputHiddenElement,3050f2a4-98b5-11cf-bb82-00aa00bdce0b,true,standard_derived,
Windows.Win32.Web.MsHtml,IHTMLInputImage,3050f2c2-98b5-11cf-bb82-00aa00bdce0b,true,standard_derived,
Windows.Win32.Web.MsHtml,IHTMLInputRangeElement,3050f2d4-98b5-11cf-bb82-00aa00bdce0b,true,standard_derived,
Windows.Win32.Web.MsHtml,IHTMLInputTextElement,3050f2a6-98b5-11cf-bb82-00aa00bdce0b,true,standard_derived,
Windows.Win32.Web.MsHtml,IHTMLInputTextElement2,3050f2d2-98b5-11cf-bb82-00aa00bdce0b,true,standard_derived,
Windows.Win32.Web.MsHtml,IHTMLIsIndexElement,3050f206-98b5-11cf-bb82-00aa00bdce0b,true,standard_derived,
Windows.Win32.Web.MsHtml,IHTMLIsIndexElement2,3050f82f-98b5-11cf-bb82-00aa00bdce0b,true,standard_derived,
Windows.Win32.Web.MsHtml,IHTMLLIElement,3050f1e0-98b5-11cf-bb82-00aa00bdce0b,true,standard_derived,
Windows.Win32.Web.MsHtml,IHTMLLabelElement,3050f32a-98b5-11cf-bb82-00aa00bdce0b,true,standard_derived,
Windows.Win32.Web.MsHtml,IHTMLLabelElement2,3050f832-98b5-11cf-bb82-00aa00bdce0b,true,standard_derived,
Windows.Win32.Web.MsHtml,IHTMLLegendElement,3050f3ea-98b5-11cf-bb82-00aa00bdce0b,true,standard_derived,
Windows.Win32.Web.MsHtml,IHTMLLegendElement2,3050f834-98b5-11cf-bb82-00aa00bdce0b,true,standard_derived,
Windows.Win32.Web.MsHtml,IHTMLLinkElement,3050f205-98b5-11cf-bb82-00aa00bdce0b,true,standard_derived,
Windows.Win32.Web.MsHtml,IHTMLLinkElement2,3050f4e5-98b5-11cf-bb82-00aa00bdce0b,true,standard_derived,
Windows.Win32.Web.MsHtml,IHTMLLinkElement3,3050f81e-98b5-11cf-bb82-00aa00bdce0b,true,standard_derived,
Windows.Win32.Web.MsHtml,IHTMLLinkElement4,3051043a-98b5-11cf-bb82-00aa00bdce0b,true,standard_derived,
Windows.Win32.Web.MsHtml,IHTMLLinkElement5,30510726-98b5-11cf-bb82-00aa00bdce0b,true,standard_derived,
Windows.Win32.Web.MsHtml,IHTMLListElement,3050f20e-98b5-11cf-bb82-00aa00bdce0b,true,standard_derived,
Windows.Win32.Web.MsHtml,IHTMLListElement2,3050f822-98b5-11cf-bb82-00aa00bdce0b,true,standard_derived,
Windows.Win32.Web.MsHtml,IHTMLLocation,163bb1e0-6e00-11cf-837a-48dc04c10000,true,standard_derived,
Windows.Win32.Web.MsHtml,IHTMLMSCSSKeyframeRule,3051080c-98b5-11cf-bb82-00aa00bdce0b,true,standard_derived,
Windows.Win32.Web.MsHtml,IHTMLMSCSSKeyframesRule,3051080d-98b5-11cf-bb82-00aa00bdce0b,true,standard_derived,
Windows.Win32.Web.MsHtml,IHTMLMSImgElement,30510793-98b5-11cf-bb82-00aa00bdce0b,true,standard_derived,
Windows.Win32.Web.MsHtml,IHTMLMSMediaElement,30510792-98b5-11cf-bb82-00aa00bdce0b,true,standard_derived,
Windows.Win32.Web.MsHtml,IHTMLMapElement,3050f266-98b5-11cf-bb82-00aa00bdce0b,true,standard_derived,
Windows.Win32.Web.MsHtml,IHTMLMarqueeElement,3050f2b5-98b5-11cf-bb82-00aa00bdce0b,true,standard_derived,
Windows.Win32.Web.MsHtml,IHTMLMediaElement,30510706-98b5-11cf-bb82-00aa00bdce0b,true,standard_derived,
Windows.Win32.Web.MsHtml,IHTMLMediaElement2,30510809-98b5-11cf-bb82-00aa00bdce0b,true,standard_derived,
Windows.Win32.Web.MsHtml,IHTMLMediaError,30510704-98b5-11cf-bb82-00aa00bdce0b,true,standard_derived,
Windows.Win32.Web.MsHtml,IHTMLMetaElement,3050f203-98b5-11cf-bb82-00aa00bdce0b,true,standard_derived,
Windows.Win32.Web.MsHtml,IHTMLMetaElement2,3050f81f-98b5-11cf-bb82-00aa00bdce0b,true,standard_derived,
Windows.Win32.Web.MsHtml,IHTMLMetaElement3,30510495-98b5-11cf-bb82-00aa00bdce0b,true,standard_derived,
Windows.Win32.Web.MsHtml,IHTMLMimeTypesCollection,3050f3fc-98b5-11cf-bb82-00aa00bdce0b,true,standard_derived,
Windows.Win32.Web.MsHtml,IHTMLModelessInit,3050f5e4-98b5-11cf-bb82-00aa00bdce0b,true,standard_derived,
Windows.Win32.Web.MsHtml,IHTMLNamespace,3050f6bb-98b5-11cf-bb82-00aa00bdce0b,true,standard_derived,
Windows.Win32.Web.MsHtml,IHTMLNamespaceCollection,3050f6b8-98b5-11cf-bb82-00aa00bdce0b,true,standard_derived,
Windows.Win32.Web.MsHtml,IHTMLNextIdElement,3050f207-98b5-11cf-bb82-00aa00bdce0b,true,standard_derived,
Windows.Win32.Web.MsHtml,IHTMLNoShowElement,3050f38a-98b5-11cf-bb82-00aa00bdce0b,true,standard_derived,
Windows.Win32.Web.MsHtml,IHTMLOListElement,3050f1de-98b5-11cf-bb82-00aa00bdce0b,true,standard_derived,
Windows.Win32.Web.MsHtml,IHTMLOMWindowServices,3050f5fc-98b5-11cf-bb82-00aa00bdce0b,true,standard_derived,
Windows.Win32.Web.MsHtml,IHTMLObjectElement,3050f24f-98b5-11cf-bb82-00aa00bdce0b,true,standard_derived,
Windows.Win32.Web.MsHtml,IHTMLObjectElement2,3050f4cd-98b5-11cf-bb82-00aa00bdce0b,true,standard_derived,
Windows.Win32.Web.MsHtml,IHTMLObjectElement3,3050f827-98b5-11cf-bb82-00aa00bdce0b,true,standard_derived,
Windows.Win32.Web.MsHtml,IHTMLObjectElement4,3051043e-98b5-11cf-bb82-00aa00bdce0b,true,standard_derived,
Windows.Win32.Web.MsHtml,IHTMLObjectElement5,305104b5-98b5-11cf-bb82-00aa00bdce0b,true,standard_derived,
Windows.Win32.Web.MsHtml,IHTMLOpsProfile,3050f401-98b5-11cf-bb82-00aa00bdce0b,true,standard_derived,
Windows.Win32.Web.MsHtml,IHTMLOptionButtonElement,3050f2bc-98b5-11cf-bb82-00aa00bdce0b,true,standard_derived,
Windows.Win32.Web.MsHtml,IHTMLOptionElement,3050f211-98b5-11cf-bb82-00aa00bdce0b,true,standard_derived,
Windows.Win32.Web.MsHtml,IHTMLOptionElement3,3050f820-98b5-11cf-bb82-00aa00bdce0b,true,standard_derived,
Windows.Win32.Web.MsHtml,IHTMLOptionElement4,305107b4-98b5-11cf-bb82-00aa00bdce0b,true,standard_derived,
Windows.Win32.Web.MsHtml,IHTMLOptionElementFactory,3050f38c-98b5-11cf-bb82-00aa00bdce0b,true,standard_derived,
Windows.Win32.Web.MsHtml,IHTMLOptionsHolder,3050f378-98b5-11cf-bb82-00aa00bdce0b,true,standard_derived,
Windows.Win32.Web.MsHtml,IHTMLPaintSite,3050f6a7-98b5-11cf-bb82-00aa00bdce0b,false,,safe_projection_incomplete
Windows.Win32.Web.MsHtml,IHTMLPainter,3050f6a6-98b5-11cf-bb82-00aa00bdce0b,true,standard_derived,
Windows.Win32.Web.MsHtml,IHTMLPainterEventInfo,3050f6df-98b5-11cf-bb82-00aa00bdce0b,true,standard_derived,
Windows.Win32.Web.MsHtml,IHTMLPainterOverlay,3050f7e3-98b5-11cf-bb82-00aa00bdce0b,true,standard_derived,
Windows.Win32.Web.MsHtml,IHTMLParaElement,3050f1f5-98b5-11cf-bb82-00aa00bdce0b,true,standard_derived,
Windows.Win32.Web.MsHtml,IHTMLParamElement,3050f83d-98b5-11cf-bb82-00aa00bdce0b,true,standard_derived,
Windows.Win32.Web.MsHtml,IHTMLParamElement2,30510444-98b5-11cf-bb82-00aa00bdce0b,true,standard_derived,
Windows.Win32.Web.MsHtml,IHTMLPerformance,3051074e-98b5-11cf-bb82-00aa00bdce0b,true,standard_derived,
Windows.Win32.Web.MsHtml,IHTMLPerformanceNavigation,30510750-98b5-11cf-bb82-00aa00bdce0b,true,standard_derived,
Windows.Win32.Web.MsHtml,IHTMLPerformanceTiming,30510752-98b5-11cf-bb82-00aa00bdce0b,true,standard_derived,
Windows.Win32.Web.MsHtml,IHTMLPhraseElement,3050f20a-98b5-11cf-bb82-00aa00bdce0b,true,standard_derived,
Windows.Win32.Web.MsHtml,IHTMLPhraseElement2,3050f824-98b5-11cf-bb82-00aa00bdce0b,true,standard_derived,
Windows.Win32.Web.MsHtml,IHTMLPhraseElement3,3051043d-98b5-11cf-bb82-00aa00bdce0b,true,standard_derived,
Windows.Win32.Web.MsHtml,IHTMLPluginsCollection,3050f3fd-98b5-11cf-bb82-00aa00bdce0b,true,standard_derived,
Windows.Win32.Web.MsHtml,IHTMLPopup,3050f666-98b5-11cf-bb82-00aa00bdce0b,true,standard_derived,
Windows.Win32.Web.MsHtml,IHTMLProgressElement,3050f2d6-98b5-11cf-bb82-00aa00bdce0b,true,standard_derived,
Windows.Win32.Web.MsHtml,IHTMLRect,3050f4a3-98b5-11cf-bb82-00aa00bdce0b,true,standard_derived,
Windows.Win32.Web.MsHtml,IHTMLRect2,3051076c-98b5-11cf-bb82-00aa00bdce0b,true,standard_derived,
Windows.Win32.Web.MsHtml,IHTMLRectCollection,3050f4a4-98b5-11cf-bb82-00aa00bdce0b,true,standard_derived,
Windows.Win32.Web.MsHtml,IHTMLRenderStyle,3050f6ae-98b5-11cf-bb82-00aa00bdce0b,true,standard_derived,
Windows.Win32.Web.MsHtml,IHTMLRuleStyle,3050f3cf-98b5-11cf-bb82-00aa00bdce0b,true,standard_derived,
Windows.Win32.Web.MsHtml,IHTMLRuleStyle2,3050f4ac-98b5-11cf-bb82-00aa00bdce0b,true,standard_derived,
Windows.Win32.Web.MsHtml,IHTMLRuleStyle3,3050f657-98b5-11cf-bb82-00aa00bdce0b,true,standard_derived,
Windows.Win32.Web.MsHtml,IHTMLRuleStyle4,3050f817-98b5-11cf-bb82-00aa00bdce0b,true,standard_derived,
Windows.Win32.Web.MsHtml,IHTMLRuleStyle5,3050f335-98b5-11cf-bb82-00aa00bdce0b,true,standard_derived,
Windows.Win32.Web.MsHtml,IHTMLRuleStyle6,30510471-98b5-11cf-bb82-00aa00bdce0b,true,standard_derived,
Windows.Win32.Web.MsHtml,IHTMLScreen,3050f35c-98b5-11cf-bb82-00aa00bdce0b,true,standard_derived,
Windows.Win32.Web.MsHtml,IHTMLScreen2,3050f84a-98b5-11cf-bb82-00aa00bdce0b,true,standard_derived,
Windows.Win32.Web.MsHtml,IHTMLScreen3,305104a1-98b5-11cf-bb82-00aa00bdce0b,true,standard_derived,
Windows.Win32.Web.MsHtml,IHTMLScreen4,3051076b-98b5-11cf-bb82-00aa00bdce0b,true,standard_derived,
Windows.Win32.Web.MsHtml,IHTMLScriptElement,3050f28b-98b5-11cf-bb82-00aa00bdce0b,true,standard_derived,
Windows.Win32.Web.MsHtml,IHTMLScriptElement2,3050f828-98b5-11cf-bb82-00aa00bdce0b,true,standard_derived,
Windows.Win32.Web.MsHtml,IHTMLScriptElement3,30510447-98b5-11cf-bb82-00aa00bdce0b,true,standard_derived,
Windows.Win32.Web.MsHtml,IHTMLScriptElement4,30510801-98b5-11cf-bb82-00aa00bdce0b,true,standard_derived,
Windows.Win32.Web.MsHtml,IHTMLSelectElement,3050f244-98b5-11cf-bb82-00aa00bdce0b,true,standard_derived,
Windows.Win32.Web.MsHtml,IHTMLSelectElement2,3050f5ed-98b5-11cf-bb82-00aa00bdce0b,true,standard_derived,
Windows.Win32.Web.MsHtml,IHTMLSelectElement4,3050f838-98b5-11cf-bb82-00aa00bdce0b,true,standard_derived,
Windows.Win32.Web.MsHtml,IHTMLSelectElement5,3051049d-98b5-11cf-bb82-00aa00bdce0b,true,standard_derived,
Windows.Win32.Web.MsHtml,IHTMLSelectElement6,30510760-98b6-11cf-bb82-00aa00bdce0b,true,standard_derived,
Windows.Win32.Web.MsHtml,IHTMLSelectElementEx,3050f2d1-98b5-11cf-bb82-00aa00bdce0b,true,standard_derived,
Windows.Win32.Web.MsHtml,IHTMLSelection,305104b6-98b5-11cf-bb82-00aa00bdce0b,true,standard_derived,
Windows.Win32.Web.MsHtml,IHTMLSelectionObject,3050f25a-98b5-11cf-bb82-00aa00bdce0b,true,standard_derived,
Windows.Win32.Web.MsHtml,IHTMLSelectionObject2,3050f7ec-98b5-11cf-bb82-00aa00bdce0b,true,standard_derived,
Windows.Win32.Web.MsHtml,IHTMLSourceElement,30510707-98b5-11cf-bb82-00aa00bdce0b,true,standard_derived,
Windows.Win32.Web.MsHtml,IHTMLSpanElement,3050f3f3-98b5-11cf-bb82-00aa00bdce0b,true,standard_derived,
Windows.Win32.Web.MsHtml,IHTMLSpanFlow,3050f3e5-98b5-11cf-bb82-00aa00bdce0b,true,standard_derived,
Windows.Win32.Web.MsHtml,IHTMLStorage,30510474-98b5-11cf-bb82-00aa00bdce0b,true,standard_derived,
Windows.Win32.Web.MsHtml,IHTMLStorage2,30510799-98b5-11cf-bb82-00aa00bdce0b,true,standard_derived,
Windows.Win32.Web.MsHtml,IHTMLStyle,3050f25e-98b5-11cf-bb82-00aa00bdce0b,true,standard_derived,
Windows.Win32.Web.MsHtml,IHTMLStyle2,3050f4a2-98b5-11cf-bb82-00aa00bdce0b,true,standard_derived,
Windows.Win32.Web.MsHtml,IHTMLStyle3,3050f656-98b5-11cf-bb82-00aa00bdce0b,true,standard_derived,
Windows.Win32.Web.MsHtml,IHTMLStyle4,3050f816-98b5-11cf-bb82-00aa00bdce0b,true,standard_derived,
Windows.Win32.Web.MsHtml,IHTMLStyle5,3050f33a-98b5-11cf-bb82-00aa00bdce0b,true,standard_derived,
Windows.Win32.Web.MsHtml,IHTMLStyle6,30510480-98b5-11cf-bb82-00aa00bdce0b,true,standard_derived,
Windows.Win32.Web.MsHtml,IHTMLStyleElement,3050f375-98b5-11cf-bb82-00aa00bdce0b,true,standard_derived,
Windows.Win32.Web.MsHtml,IHTMLStyleElement2,3051072a-98b5-11cf-bb82-00aa00bdce0b,true,standard_derived,
Windows.Win32.Web.MsHtml,IHTMLStyleEnabled,305104c2-98b5-11cf-bb82-00aa00bdce0b,true,standard_derived,
Windows.Win32.Web.MsHtml,IHTMLStyleFontFace,3050f3d5-98b5-11cf-bb82-00aa00bdce0b,true,standard_derived,
Windows.Win32.Web.MsHtml,IHTMLStyleFontFace2,305106ec-98b5-11cf-bb82-00aa00bdce0b,true,standard_derived,
Windows.Win32.Web.MsHtml,IHTMLStyleMedia,3051074b-98b5-11cf-bb82-00aa00bdce0b,true,standard_derived,
Windows.Win32.Web.MsHtml,IHTMLStyleSheet,3050f2e3-98b5-11cf-bb82-00aa00bdce0b,true,standard_derived,
Windows.Win32.Web.MsHtml,IHTMLStyleSheet2,3050f3d1-98b5-11cf-bb82-00aa00bdce0b,true,standard_derived,
Windows.Win32.Web.MsHtml,IHTMLStyleSheet3,30510496-98b5-11cf-bb82-00aa00bdce0b,true,standard_derived,
Windows.Win32.Web.MsHtml,IHTMLStyleSheet4,305106f4-98b5-11cf-bb82-00aa00bdce0b,true,standard_derived,
Windows.Win32.Web.MsHtml,IHTMLStyleSheetPage,3050f7ee-98b5-11cf-bb82-00aa00bdce0b,true,standard_derived,
Windows.Win32.Web.MsHtml,IHTMLStyleSheetPage2,305106ed-98b5-11cf-bb82-00aa00bdce0b,true,standard_derived,
Windows.Win32.Web.MsHtml,IHTMLStyleSheetPagesCollection,3050f7f0-98b5-11cf-bb82-00aa00bdce0b,true,standard_derived,
Windows.Win32.Web.MsHtml,IHTMLStyleSheetRule,3050f357-98b5-11cf-bb82-00aa00bdce0b,true,standard_derived,
Windows.Win32.Web.MsHtml,IHTMLStyleSheetRule2,305106fd-98b5-11cf-bb82-00aa00bdce0b,true,standard_derived,
Windows.Win32.Web.MsHtml,IHTMLStyleSheetRuleApplied,305104c1-98b5-11cf-bb82-00aa00bdce0b,true,standard_derived,
Windows.Win32.Web.MsHtml,IHTMLStyleSheetRulesAppliedCollection,305104c0-98b5-11cf-bb82-00aa00bdce0b,true,standard_derived,
Windows.Win32.Web.MsHtml,IHTMLStyleSheetRulesCollection,3050f2e5-98b5-11cf-bb82-00aa00bdce0b,true,standard_derived,
Windows.Win32.Web.MsHtml,IHTMLStyleSheetRulesCollection2,305106e8-98b5-11cf-bb82-00aa00bdce0b,true,standard_derived,
Windows.Win32.Web.MsHtml,IHTMLStyleSheetsCollection,3050f37e-98b5-11cf-bb82-00aa00bdce0b,true,standard_derived,
Windows.Win32.Web.MsHtml,IHTMLStyleSheetsCollection2,305106e7-98b5-11cf-bb82-00aa00bdce0b,true,standard_derived,
Windows.Win32.Web.MsHtml,IHTMLSubmitData,3050f645-98b5-11cf-bb82-00aa00bdce0b,true,standard_derived,
Windows.Win32.Web.MsHtml,IHTMLTable,3050f21e-98b5-11cf-bb82-00aa00bdce0b,true,standard_derived,
Windows.Win32.Web.MsHtml,IHTMLTable2,3050f4ad-98b5-11cf-bb82-00aa00bdce0b,true,standard_derived,
Windows.Win32.Web.MsHtml,IHTMLTable3,3050f829-98b5-11cf-bb82-00aa00bdce0b,true,standard_derived,
Windows.Win32.Web.MsHtml,IHTMLTable4,305106c2-98b5-11cf-bb82-00aa00bdce0b,true,standard_derived,
Windows.Win32.Web.MsHtml,IHTMLTableCaption,3050f2eb-98b5-11cf-bb82-00aa00bdce0b,true,standard_derived,
Windows.Win32.Web.MsHtml,IHTMLTableCell,3050f23d-98b5-11cf-bb82-00aa00bdce0b,true,standard_derived,
Windows.Win32.Web.MsHtml,IHTMLTableCell2,3050f82d-98b5-11cf-bb82-00aa00bdce0b,true,standard_derived,
Windows.Win32.Web.MsHtml,IHTMLTableCell3,305106c7-98b5-11cf-bb82-00aa00bdce0b,true,standard_derived,
Windows.Win32.Web.MsHtml,IHTMLTableCol,3050f23a-98b5-11cf-bb82-00aa00bdce0b,true,standard_derived,
Windows.Win32.Web.MsHtml,IHTMLTableCol2,3050f82a-98b5-11cf-bb82-00aa00bdce0b,true,standard_derived,
Windows.Win32.Web.MsHtml,IHTMLTableCol3,305106c4-98b5-11cf-bb82-00aa00bdce0b,true,standard_derived,
Windows.Win32.Web.MsHtml,IHTMLTableRow,3050f23c-98b5-11cf-bb82-00aa00bdce0b,true,standard_derived,
Windows.Win32.Web.MsHtml,IHTMLTableRow2,3050f4a1-98b5-11cf-bb82-00aa00bdce0b,true,standard_derived,
Windows.Win32.Web.MsHtml,IHTMLTableRow3,3050f82c-98b5-11cf-bb82-00aa00bdce0b,true,standard_derived,
Windows.Win32.Web.MsHtml,IHTMLTableRow4,305106c6-98b5-11cf-bb82-00aa00bdce0b,true,standard_derived,
Windows.Win32.Web.MsHtml,IHTMLTableRowMetrics,3050f413-98b5-11cf-bb82-00aa00bdce0b,true,standard_derived,
Windows.Win32.Web.MsHtml,IHTMLTableSection,3050f23b-98b5-11cf-bb82-00aa00bdce0b,true,standard_derived,
Windows.Win32.Web.MsHtml,IHTMLTableSection2,3050f5c7-98b5-11cf-bb82-00aa00bdce0b,true,standard_derived,
Windows.Win32.Web.MsHtml,IHTMLTableSection3,3050f82b-98b5-11cf-bb82-00aa00bdce0b,true,standard_derived,
Windows.Win32.Web.MsHtml,IHTMLTableSection4,305106c5-98b5-11cf-bb82-00aa00bdce0b,true,standard_derived,
Windows.Win32.Web.MsHtml,IHTMLTextAreaElement,3050f2aa-98b5-11cf-bb82-00aa00bdce0b,true,standard_derived,
Windows.Win32.Web.MsHtml,IHTMLTextAreaElement2,3050f2d3-98b5-11cf-bb82-00aa00bdce0b,true,standard_derived,
Windows.Win32.Web.MsHtml,IHTMLTextContainer,3050f230-98b5-11cf-bb82-00aa00bdce0b,true,standard_derived,
Windows.Win32.Web.MsHtml,IHTMLTextElement,3050f218-98b5-11cf-bb82-00aa00bdce0b,true,standard_derived,
Windows.Win32.Web.MsHtml,IHTMLTextRangeMetrics,3050f40b-98b5-11cf-bb82-00aa00bdce0b,true,standard_derived,
Windows.Win32.Web.MsHtml,IHTMLTextRangeMetrics2,3050f4a6-98b5-11cf-bb82-00aa00bdce0b,true,standard_derived,
Windows.Win32.Web.MsHtml,IHTMLTimeRanges,30510705-98b5-11cf-bb82-00aa00bdce0b,true,standard_derived,
Windows.Win32.Web.MsHtml,IHTMLTimeRanges2,3051080b-98b5-11cf-bb82-00aa00bdce0b,true,standard_derived,
Windows.Win32.Web.MsHtml,IHTMLTitleElement,3050f322-98b5-11cf-bb82-00aa00bdce0b,true,standard_derived,
Windows.Win32.Web.MsHtml,IHTMLTxtRange,3050f220-98b5-11cf-bb82-00aa00bdce0b,true,standard_derived,
Windows.Win32.Web.MsHtml,IHTMLTxtRangeCollection,3050f7ed-98b5-11cf-bb82-00aa00bdce0b,true,standard_derived,
Windows.Win32.Web.MsHtml,IHTMLUListElement,3050f1dd-98b5-11cf-bb82-00aa00bdce0b,true,standard_derived,
Windows.Win32.Web.MsHtml,IHTMLUniqueName,3050f4d0-98b5-11cf-bb82-00aa00bdce0b,true,standard_derived,
Windows.Win32.Web.MsHtml,IHTMLUnknownElement,3050f209-98b5-11cf-bb82-00aa00bdce0b,true,standard_derived,
Windows.Win32.Web.MsHtml,IHTMLUrnCollection,3050f5e2-98b5-11cf-bb82-00aa00bdce0b,true,standard_derived,
Windows.Win32.Web.MsHtml,IHTMLVideoElement,30510709-98b5-11cf-bb82-00aa00bdce0b,true,standard_derived,
Windows.Win32.Web.MsHtml,IHTMLWindow2,332c4427-26cb-11d0-b483-00c04fd90119,true,standard_derived,
Windows.Win32.Web.MsHtml,IHTMLWindow3,3050f4ae-98b5-11cf-bb82-00aa00bdce0b,true,standard_derived,
Windows.Win32.Web.MsHtml,IHTMLWindow4,3050f6cf-98b5-11cf-bb82-00aa00bdce0b,true,standard_derived,
Windows.Win32.Web.MsHtml,IHTMLWindow5,3051040e-98b5-11cf-bb82-00aa00bdce0b,true,standard_derived,
Windows.Win32.Web.MsHtml,IHTMLWindow6,30510453-98b5-11cf-bb82-00aa00bdce0b,true,standard_derived,
Windows.Win32.Web.MsHtml,IHTMLWindow7,305104b7-98b5-11cf-bb82-00aa00bdce0b,true,standard_derived,
Windows.Win32.Web.MsHtml,IHTMLWindow8,305107ab-98b5-11cf-bb82-00aa00bdce0b,true,standard_derived,
Windows.Win32.Web.MsHtml,IHTMLXDomainRequest,30510454-98b5-11cf-bb82-00aa00bdce0b,true,standard_derived,
Windows.Win32.Web.MsHtml,IHTMLXDomainRequestFactory,30510456-98b5-11cf-bb82-00aa00bdce0b,true,standard_derived,
Windows.Win32.Web.MsHtml,IHTMLXMLHttpRequest,3051040a-98b5-11cf-bb82-00aa00bdce0b,true,standard_derived,
Windows.Win32.Web.MsHtml,IHTMLXMLHttpRequest2,30510482-98b5-11cf-bb82-00aa00bdce0b,true,standard_derived,
Windows.Win32.Web.MsHtml,IHTMLXMLHttpRequestFactory,3051040c-98b5-11cf-bb82-00aa00bdce0b,true,standard_derived,
Windows.Win32.Web.MsHtml,IHighlightRenderingServices,3050f606-98b5-11cf-bb82-00aa00bdce0b,true,standard_derived,
Windows.Win32.Web.MsHtml,IHighlightSegment,3050f690-98b5-11cf-bb82-00aa00bdce0b,true,standard_derived,
Windows.Win32.Web.MsHtml,IHostBehaviorInit,3050f842-98b5-11cf-bb82-00aa00bdce0b,true,standard_derived,
Windows.Win32.Web.MsHtml,IHostDialogHelper,53dec138-a51e-11d2-861e-00c04fa35c89,false,,safe_projection_incomplete
Windows.Win32.Web.MsHtml,IHtmlDlgSafeHelper,3050f81a-98b5-11cf-bb82-00aa00bdce0b,true,standard_derived,
Windows.Win32.Web.MsHtml,IICCSVGColor,305104d6-98b5-11cf-bb82-00aa00bdce0b,true,standard_derived,
Windows.Win32.Web.MsHtml,IIE70DispatchEx,3051046b-98b5-11cf-bb82-00aa00bdce0b,true,standard_derived,
Windows.Win32.Web.MsHtml,IIE80DispatchEx,3051046c-98b5-11cf-bb82-00aa00bdce0b,true,standard_derived,
Windows.Win32.Web.MsHtml,IIMEServices,3050f6ca-98b5-11cf-bb82-00aa00bdce0b,true,standard_derived,
Windows.Win32.Web.MsHtml,ILineInfo,3050f7e2-98b5-11cf-bb82-00aa00bdce0b,true,standard_derived,
Windows.Win32.Web.MsHtml,IMarkupContainer,3050f5f9-98b5-11cf-bb82-00aa00bdce0b,true,standard_derived,
Windows.Win32.Web.MsHtml,IMarkupContainer2,3050f648-98b5-11cf-bb82-00aa00bdce0b,true,standard_derived,
Windows.Win32.Web.MsHtml,IMarkupPointer,3050f49f-98b5-11cf-bb82-00aa00bdce0b,false,,safe_projection_incomplete
Windows.Win32.Web.MsHtml,IMarkupPointer2,3050f675-98b5-11cf-bb82-00aa00bdce0b,false,,safe_projection_incomplete
Windows.Win32.Web.MsHtml,IMarkupServices,3050f4a0-98b5-11cf-bb82-00aa00bdce0b,true,standard_derived,
Windows.Win32.Web.MsHtml,IMarkupServices2,3050f682-98b5-11cf-bb82-00aa00bdce0b,true,standard_derived,
Windows.Win32.Web.MsHtml,IMarkupTextFrags,3050f5fa-98b5-11cf-bb82-00aa00bdce0b,true,standard_derived,
Windows.Win32.Web.MsHtml,INavigatorDoNotTrack,30510804-98b5-11cf-bb82-00aa00bdce0b,true,standard_derived,
Windows.Win32.Web.MsHtml,INavigatorGeolocation,305107cf-98b5-11cf-bb82-00aa00bdce0b,true,standard_derived,
Windows.Win32.Web.MsHtml,IOmHistory,feceaaa2-8405-11cf-8ba1-00aa00476da6,true,standard_derived,
Windows.Win32.Web.MsHtml,IOmNavigator,feceaaa5-8405-11cf-8ba1-00aa00476da6,true,standard_derived,
Windows.Win32.Web.MsHtml,IPrintManagerTemplatePrinter,f633be14-9eff-4c4d-929e-05717b21b3e6,true,standard_derived,
Windows.Win32.Web.MsHtml,IPrintManagerTemplatePrinter2,c6403497-7493-4f09-8016-54b03e9bda69,true,standard_derived,
Windows.Win32.Web.MsHtml,IRangeException,3051072d-98b5-11cf-bb82-00aa00bdce0b,true,standard_derived,
Windows.Win32.Web.MsHtml,IRulesApplied,305104bf-98b5-11cf-bb82-00aa00bdce0b,true,standard_derived,
Windows.Win32.Web.MsHtml,IRulesAppliedCollection,305104be-98b5-11cf-bb82-00aa00bdce0b,true,standard_derived,
Windows.Win32.Web.MsHtml,ISVGAElement,3051054b-98b5-11cf-bb82-00aa00bdce0b,true,standard_derived,
Windows.Win32.Web.MsHtml,ISVGAngle,305104d3-98b5-11cf-bb82-00aa00bdce0b,true,standard_derived,
Windows.Win32.Web.MsHtml,ISVGAnimatedAngle,305104d4-98b5-11cf-bb82-00aa00bdce0b,true,standard_derived,
Windows.Win32.Web.MsHtml,ISVGAnimatedBoolean,305104c6-98b5-11cf-bb82-00aa00bdce0b,true,standard_derived,
Windows.Win32.Web.MsHtml,ISVGAnimatedEnumeration,305104c9-98b5-11cf-bb82-00aa00bdce0b,true,standard_derived,
Windows.Win32.Web.MsHtml,ISVGAnimatedInteger,305104ca-98b5-11cf-bb82-00aa00bdce0b,true,standard_derived,
Windows.Win32.Web.MsHtml,ISVGAnimatedLength,305104d0-98b5-11cf-bb82-00aa00bdce0b,true,standard_derived,
Windows.Win32.Web.MsHtml,ISVGAnimatedLengthList,305104d2-98b5-11cf-bb82-00aa00bdce0b,true,standard_derived,
Windows.Win32.Web.MsHtml,ISVGAnimatedNumber,305104cc-98b5-11cf-bb82-00aa00bdce0b,true,standard_derived,
Windows.Win32.Web.MsHtml,ISVGAnimatedNumberList,305104ce-98b5-11cf-bb82-00aa00bdce0b,true,standard_derived,
Windows.Win32.Web.MsHtml,ISVGAnimatedPathData,30510511-98b5-11cf-bb82-00aa00bdce0b,true,standard_derived,
Windows.Win32.Web.MsHtml,ISVGAnimatedPoints,30510517-98b5-11cf-bb82-00aa00bdce0b,true,standard_derived,
Windows.Win32.Web.MsHtml,ISVGAnimatedPreserveAspectRatio,305104fb-98b5-11cf-bb82-00aa00bdce0b,true,standard_derived,
Windows.Win32.Web.MsHtml,ISVGAnimatedRect,305104d8-98b5-11cf-bb82-00aa00bdce0b,true,standard_derived,
Windows.Win32.Web.MsHtml,ISVGAnimatedString,305104c7-98b5-11cf-bb82-00aa00bdce0b,true,standard_derived,
Windows.Win32.Web.MsHtml,ISVGAnimatedTransformList,305104f9-98b5-11cf-bb82-00aa00bdce0b,true,standard_derived,
Windows.Win32.Web.MsHtml,ISVGCircleElement,30510514-98b5-11cf-bb82-00aa00bdce0b,true,standard_derived,
Windows.Win32.Web.MsHtml,ISVGClipPathElement,3051052d-98b5-11cf-bb82-00aa00bdce0b,true,standard_derived,
Windows.Win32.Web.MsHtml,ISVGDefsElement,305104e9-98b5-11cf-bb82-00aa00bdce0b,true,standard_derived,
Windows.Win32.Web.MsHtml,ISVGDescElement,305104ea-98b5-11cf-bb82-00aa00bdce0b,true,standard_derived,
Windows.Win32.Web.MsHtml,ISVGDocument,305104e6-98b5-11cf-bb82-00aa00bdce0b,true,standard_derived,
Windows.Win32.Web.MsHtml,ISVGElement,305104c5-98b5-11cf-bb82-00aa00bdce0b,true,standard_derived,
Windows.Win32.Web.MsHtml,ISVGElementInstance,305104ee-98b5-11cf-bb82-00aa00bdce0b,true,standard_derived,
Windows.Win32.Web.MsHtml,ISVGElementInstanceList,305104ef-98b5-11cf-bb82-00aa00bdce0b,true,standard_derived,
Windows.Win32.Web.MsHtml,ISVGEllipseElement,30510515-98b5-11cf-bb82-00aa00bdce0b,true,standard_derived,
Windows.Win32.Web.MsHtml,ISVGException,3051072f-98b5-11cf-bb82-00aa00bdce0b,true,standard_derived,
Windows.Win32.Web.MsHtml,ISVGExternalResourcesRequired,305104df-98b5-11cf-bb82-00aa00bdce0b,true,standard_derived,
Windows.Win32.Web.MsHtml,ISVGFitToViewBox,305104e0-98b5-11cf-bb82-00aa00bdce0b,true,standard_derived,
Windows.Win32.Web.MsHtml,ISVGGElement,305104e8-98b5-11cf-bb82-00aa00bdce0b,true,standard_derived,
Windows.Win32.Web.MsHtml,ISVGGradientElement,30510528-98b5-11cf-bb82-00aa00bdce0b,true,standard_derived,
Windows.Win32.Web.MsHtml,ISVGImageElement,305104f0-98b5-11cf-bb82-00aa00bdce0b,true,standard_derived,
Windows.Win32.Web.MsHtml,ISVGLangSpace,305104de-98b5-11cf-bb82-00aa00bdce0b,true,standard_derived,
Windows.Win32.Web.MsHtml,ISVGLength,305104cf-98b5-11cf-bb82-00aa00bdce0b,true,standard_derived,
Windows.Win32.Web.MsHtml,ISVGLengthList,305104d1-98b5-11cf-bb82-00aa00bdce0b,true,standard_derived,
Windows.Win32.Web.MsHtml,ISVGLineElement,30510516-98b5-11cf-bb82-00aa00bdce0b,true,standard_derived,
Windows.Win32.Web.MsHtml,ISVGLinearGradientElement,30510529-98b5-11cf-bb82-00aa00bdce0b,true,standard_derived,
Windows.Win32.Web.MsHtml,ISVGLocatable,305104db-98b5-11cf-bb82-00aa00bdce0b,true,standard_derived,
Windows.Win32.Web.MsHtml,ISVGMarkerElement,30510525-98b5-11cf-bb82-00aa00bdce0b,true,standard_derived,
Windows.Win32.Web.MsHtml,ISVGMaskElement,3051052e-98b5-11cf-bb82-00aa00bdce0b,true,standard_derived,
Windows.Win32.Web.MsHtml,ISVGMatrix,305104f6-98b5-11cf-bb82-00aa00bdce0b,true,standard_derived,
Windows.Win32.Web.MsHtml,ISVGMetadataElement,30510560-98b5-11cf-bb82-00aa00bdce0b,true,standard_derived,
Windows.Win32.Web.MsHtml,ISVGNumber,305104cb-98b5-11cf-bb82-00aa00bdce0b,true,standard_derived,
Windows.Win32.Web.MsHtml,ISVGNumberList,305104cd-98b5-11cf-bb82-00aa00bdce0b,true,standard_derived,
Windows.Win32.Web.MsHtml,ISVGPaint,30510524-98b5-11cf-bb82-00aa00bdce0b,true,standard_derived,
Windows.Win32.Web.MsHtml,ISVGPathElement,30510512-98b5-11cf-bb82-00aa00bdce0b,true,standard_derived,
Windows.Win32.Web.MsHtml,ISVGPathSeg,305104fc-98b5-11cf-bb82-00aa00bdce0b,true,standard_derived,
Windows.Win32.Web.MsHtml,ISVGPathSegArcAbs,30510506-98b5-11cf-bb82-00aa00bdce0b,true,standard_derived,
Windows.Win32.Web.MsHtml,ISVGPathSegArcRel,30510507-98b5-11cf-bb82-00aa00bdce0b,true,standard_derived,
Windows.Win32.Web.MsHtml,ISVGPathSegClosePath,305104fd-98b5-11cf-bb82-00aa00bdce0b,true,standard_derived,
Windows.Win32.Web.MsHtml,ISVGPathSegCurvetoCubicAbs,30510502-98b5-11cf-bb82-00aa00bdce0b,true,standard_derived,
Windows.Win32.Web.MsHtml,ISVGPathSegCurvetoCubicRel,30510503-98b5-11cf-bb82-00aa00bdce0b,true,standard_derived,
Windows.Win32.Web.MsHtml,ISVGPathSegCurvetoCubicSmoothAbs,3051050c-98b5-11cf-bb82-00aa00bdce0b,true,standard_derived,
Windows.Win32.Web.MsHtml,ISVGPathSegCurvetoCubicSmoothRel,3051050d-98b5-11cf-bb82-00aa00bdce0b,true,standard_derived,
Windows.Win32.Web.MsHtml,ISVGPathSegCurvetoQuadraticAbs,30510504-98b5-11cf-bb82-00aa00bdce0b,true,standard_derived,
Windows.Win32.Web.MsHtml,ISVGPathSegCurvetoQuadraticRel,30510505-98b5-11cf-bb82-00aa00bdce0b,true,standard_derived,
Windows.Win32.Web.MsHtml,ISVGPathSegCurvetoQuadraticSmoothAbs,3051050e-98b5-11cf-bb82-00aa00bdce0b,true,standard_derived,
Windows.Win32.Web.MsHtml,ISVGPathSegCurvetoQuadraticSmoothRel,3051050f-98b5-11cf-bb82-00aa00bdce0b,true,standard_derived,
Windows.Win32.Web.MsHtml,ISVGPathSegLinetoAbs,30510500-98b5-11cf-bb82-00aa00bdce0b,true,standard_derived,
Windows.Win32.Web.MsHtml,ISVGPathSegLinetoHorizontalAbs,30510508-98b5-11cf-bb82-00aa00bdce0b,true,standard_derived,
Windows.Win32.Web.MsHtml,ISVGPathSegLinetoHorizontalRel,30510509-98b5-11cf-bb82-00aa00bdce0b,true,standard_derived,
Windows.Win32.Web.MsHtml,ISVGPathSegLinetoRel,30510501-98b5-11cf-bb82-00aa00bdce0b,true,standard_derived,
Windows.Win32.Web.MsHtml,ISVGPathSegLinetoVerticalAbs,3051050a-98b5-11cf-bb82-00aa00bdce0b,true,standard_derived,
Windows.Win32.Web.MsHtml,ISVGPathSegLinetoVerticalRel,3051050b-98b5-11cf-bb82-00aa00bdce0b,true,standard_derived,
Windows.Win32.Web.MsHtml,ISVGPathSegList,30510510-98b5-11cf-bb82-00aa00bdce0b,true,standard_derived,
Windows.Win32.Web.MsHtml,ISVGPathSegMovetoAbs,305104fe-98b5-11cf-bb82-00aa00bdce0b,true,standard_derived,
Windows.Win32.Web.MsHtml,ISVGPathSegMovetoRel,305104ff-98b5-11cf-bb82-00aa00bdce0b,true,standard_derived,
Windows.Win32.Web.MsHtml,ISVGPatternElement,3051052c-98b5-11cf-bb82-00aa00bdce0b,true,standard_derived,
Windows.Win32.Web.MsHtml,ISVGPoint,305104f4-98b5-11cf-bb82-00aa00bdce0b,true,standard_derived,
Windows.Win32.Web.MsHtml,ISVGPointList,305104f5-98b5-11cf-bb82-00aa00bdce0b,true,standard_derived,
Windows.Win32.Web.MsHtml,ISVGPolygonElement,30510519-98b5-11cf-bb82-00aa00bdce0b,true,standard_derived,
Windows.Win32.Web.MsHtml,ISVGPolylineElement,30510518-98b5-11cf-bb82-00aa00bdce0b,true,standard_derived,
Windows.Win32.Web.MsHtml,ISVGPreserveAspectRatio,305104fa-98b5-11cf-bb82-00aa00bdce0b,true,standard_derived,
Windows.Win32.Web.MsHtml,ISVGRadialGradientElement,3051052a-98b5-11cf-bb82-00aa00bdce0b,true,standard_derived,
Windows.Win32.Web.MsHtml,ISVGRect,305104d7-98b5-11cf-bb82-00aa00bdce0b,true,standard_derived,
Windows.Win32.Web.MsHtml,ISVGRectElement,30510513-98b5-11cf-bb82-00aa00bdce0b,true,standard_derived,
Windows.Win32.Web.MsHtml,ISVGSVGElement,305104e7-98b5-11cf-bb82-00aa00bdce0b,true,standard_derived,
Windows.Win32.Web.MsHtml,ISVGScriptElement,3051054d-98b5-11cf-bb82-00aa00bdce0b,true,standard_derived,
Windows.Win32.Web.MsHtml,ISVGStopElement,3051052b-98b5-11cf-bb82-00aa00bdce0b,true,standard_derived,
Windows.Win32.Web.MsHtml,ISVGStringList,305104c8-98b5-11cf-bb82-00aa00bdce0b,true,standard_derived,
Windows.Win32.Web.MsHtml,ISVGStylable,305104da-98b5-11cf-bb82-00aa00bdce0b,true,standard_derived,
Windows.Win32.Web.MsHtml,ISVGStyleElement,305104f3-98b5-11cf-bb82-00aa00bdce0b,true,standard_derived,
Windows.Win32.Web.MsHtml,ISVGSwitchElement,305104f1-98b5-11cf-bb82-00aa00bdce0b,true,standard_derived,
Windows.Win32.Web.MsHtml,ISVGSymbolElement,305104ec-98b5-11cf-bb82-00aa00bdce0b,true,standard_derived,
Windows.Win32.Web.MsHtml,ISVGTSpanElement,3051051d-98b5-11cf-bb82-00aa00bdce0b,true,standard_derived,
Windows.Win32.Web.MsHtml,ISVGTests,305104dd-98b5-11cf-bb82-00aa00bdce0b,true,standard_derived,
Windows.Win32.Web.MsHtml,ISVGTextContentElement,3051051a-98b5-11cf-bb82-00aa00bdce0b,true,standard_derived,
Windows.Win32.Web.MsHtml,ISVGTextElement,3051051c-98b5-11cf-bb82-00aa00bdce0b,true,standard_derived,
Windows.Win32.Web.MsHtml,ISVGTextPathElement,3051051f-98b5-11cf-bb82-00aa00bdce0b,true,standard_derived,
Windows.Win32.Web.MsHtml,ISVGTextPositioningElement,3051051b-98b5-11cf-bb82-00aa00bdce0b,true,standard_derived,
Windows.Win32.Web.MsHtml,ISVGTitleElement,305104eb-98b5-11cf-bb82-00aa00bdce0b,true,standard_derived,
Windows.Win32.Web.MsHtml,ISVGTransform,305104f7-98b5-11cf-bb82-00aa00bdce0b,true,standard_derived,
Windows.Win32.Web.MsHtml,ISVGTransformList,305104f8-98b5-11cf-bb82-00aa00bdce0b,true,standard_derived,
Windows.Win32.Web.MsHtml,ISVGTransformable,305104dc-98b5-11cf-bb82-00aa00bdce0b,true,standard_derived,
Windows.Win32.Web.MsHtml,ISVGURIReference,305104e3-98b5-11cf-bb82-00aa00bdce0b,true,standard_derived,
Windows.Win32.Web.MsHtml,ISVGUseElement,305104ed-98b5-11cf-bb82-00aa00bdce0b,true,standard_derived,
Windows.Win32.Web.MsHtml,ISVGViewElement,3051054c-98b5-11cf-bb82-00aa00bdce0b,true,standard_derived,
Windows.Win32.Web.MsHtml,ISVGViewSpec,305104e2-98b5-11cf-bb82-00aa00bdce0b,true,standard_derived,
Windows.Win32.Web.MsHtml,ISVGZoomAndPan,305104e1-98b5-11cf-bb82-00aa00bdce0b,true,standard_derived,
Windows.Win32.Web.MsHtml,ISVGZoomEvent,3051054e-98b5-11cf-bb82-00aa00bdce0b,true,standard_derived,
Windows.Win32.Web.MsHtml,IScriptEventHandler,3051083a-98b5-11cf-bb82-00aa00bdce0b,true,standard_derived,
Windows.Win32.Web.MsHtml,IScriptEventHandlerSourceInfo,30510841-98b5-11cf-bb82-00aa00bdce0b,true,standard_derived,
Windows.Win32.Web.MsHtml,ISecureUrlHost,c81984c4-74c8-11d2-baa9-00c04fc2040e,true,standard_derived,
Windows.Win32.Web.MsHtml,ISegment,3050f683-98b5-11cf-bb82-00aa00bdce0b,true,standard_derived,
Windows.Win32.Web.MsHtml,ISegmentList,3050f605-98b5-11cf-bb82-00aa00bdce0b,true,standard_derived,
Windows.Win32.Web.MsHtml,ISegmentListIterator,3050f692-98b5-11cf-bb82-00aa00bdce0b,true,standard_derived,
Windows.Win32.Web.MsHtml,ISelectionServices,3050f684-98b5-11cf-bb82-00aa00bdce0b,true,standard_derived,
Windows.Win32.Web.MsHtml,ISelectionServicesListener,3050f699-98b5-11cf-bb82-00aa00bdce0b,true,standard_derived,
Windows.Win32.Web.MsHtml,ISequenceNumber,3050f6c1-98b5-11cf-bb82-00aa00bdce0b,true,standard_derived,
Windows.Win32.Web.MsHtml,ISurfacePresenter,305106e2-98b5-11cf-bb82-00aa00bdce0b,true,standard_derived,
Windows.Win32.Web.MsHtml,ITemplatePrinter,3050f6b4-98b5-11cf-bb82-00aa00bdce0b,true,standard_derived,
Windows.Win32.Web.MsHtml,ITemplatePrinter2,3050f83f-98b5-11cf-bb82-00aa00bdce0b,true,standard_derived,
Windows.Win32.Web.MsHtml,ITemplatePrinter3,305104a3-98b5-11cf-bb82-00aa00bdce0b,true,standard_derived,
Windows.Win32.Web.MsHtml,ITrackingProtection,30510803-98b5-11cf-bb82-00aa00bdce0b,true,standard_derived,
Windows.Win32.Web.MsHtml,IViewObjectPresentNotify,305107f8-98b5-11cf-bb82-00aa00bdce0b,true,standard_derived,
Windows.Win32.Web.MsHtml,IViewObjectPresentNotifySite,305107fa-98b5-11cf-bb82-00aa00bdce0b,true,standard_derived,
Windows.Win32.Web.MsHtml,IViewObjectPresentSite,305106e1-98b5-11cf-bb82-00aa00bdce0b,true,standard_derived,
Windows.Win32.Web.MsHtml,IViewObjectPrint,305106e3-98b5-11cf-bb82-00aa00bdce0b,true,standard_derived,
Windows.Win32.Web.MsHtml,IWBScriptControl,a5170870-0cf8-11d1-8b91-0080c744f389,true,standard_derived,
Windows.Win32.Web.MsHtml,IWPCBlockedUrls,30510413-98b5-11cf-bb82-00aa00bdce0b,true,standard_derived,
Windows.Win32.Web.MsHtml,IWebBridge,ae24fdad-03c6-11d1-8b76-0080c744f389,true,standard_derived,
Windows.Win32.Web.MsHtml,IWebGeocoordinates,305107c7-98b5-11cf-bb82-00aa00bdce0b,true,standard_derived,
Windows.Win32.Web.MsHtml,IWebGeolocation,305107c5-98b5-11cf-bb82-00aa00bdce0b,true,standard_derived,
Windows.Win32.Web.MsHtml,IWebGeoposition,305107cd-98b5-11cf-bb82-00aa00bdce0b,true,standard_derived,
Windows.Win32.Web.MsHtml,IWebGeopositionError,305107c9-98b5-11cf-bb82-00aa00bdce0b,true,standard_derived,
Windows.Win32.Web.MsHtml,IXMLGenericParse,e4e23071-4d07-11d2-ae76-0080c73bc199,true,standard_derived,
Windows.Win32.Web.MsHtml,IXMLHttpRequestEventTarget,30510830-98b5-11cf-bb82-00aa00bdce0b,true,standard_derived,
